v -0.0865619 0.142492 0.00843268
v -0.0896984 0.139713 0.0137748
v -0.089491 0.143926 0.0124885
v -0.0863675 0.109065 0.0119806
v -0.0859114 0.109688 0.00765824
v -0.0870559 0.105628 0.00976511
v -0.0263037 0.125189 0.017393
v -0.0273832 0.123243 0.0216589
v -0.0258513 0.121829 0.0260797
v -0.0727772 0.178545 -0.0482088
v -0.0720838 0.174998 -0.0419303
v -0.0677382 0.177289 -0.050376
v -0.0313588 0.12141 0.0259711
v -0.028596 0.119012 0.0298882
v -0.0609024 0.0434295 0.0426785
v -0.056901 0.045437 0.043237
v -0.0603813 0.0459214 0.0400887
v -0.00179768 0.131173 0.0163607
v -0.00808407 0.130305 0.0168723
v -0.00341018 0.13032 0.0217544
v -0.0560108 0.153817 0.0253693
v -0.0566276 0.152706 0.029629
v -0.0544542 0.152977 0.0225052
v -0.0837366 0.0767718 0.0089586
v -0.0848639 0.0783921 0.016462
v -0.0862046 0.0809307 0.0105354
v -0.0686026 0.149923 -0.0400513
v -0.069413 0.151218 -0.0445385
v -0.0667007 0.152368 -0.0452664
v -0.0888126 0.0877655 0.0142265
v -0.0896123 0.0915999 0.0178123
v -0.0893987 0.089539 0.0116455
v 0.05844 0.0702008 0.0177796
v 0.0573451 0.0694827 0.0211535
v 0.0583924 0.0667412 0.0219795
v -0.0336741 0.177744 -0.00817995
v -0.0395199 0.173859 -0.00757526
v -0.0355263 0.175956 -0.00486762
v -0.00898888 0.129523 0.0220268
v -0.0812574 0.0730252 0.00710204
v -0.0837405 0.0772403 0.00466733
v -0.0703597 0.16907 -0.0261443
v -0.0727592 0.169659 -0.0270134
v -0.0694385 0.164799 -0.0172187
v -0.0638757 0.161401 -0.0200642
v -0.064959 0.15852 -0.0125953
v -0.0633084 0.156606 -0.0138388
v -0.064371 0.172962 -0.0492257
v -0.0665466 0.171711 -0.0421278
v -0.0639263 0.167924 -0.0407304
v -0.0506872 0.0359359 -0.0123808
v -0.047872 0.0341363 -0.0154183
v -0.0514998 0.0337291 -0.0120825
v -0.0679838 0.169748 -0.0316275
v -0.0709198 0.171367 -0.0327637
v -0.0658081 0.167643 -0.0305587
v -0.069136 0.172478 -0.0390133
v -0.0693726 0.160618 -0.0091905
v -0.0708636 0.161365 -0.00973246
v -0.0671322 0.157094 -0.0062032
v -0.0726526 0.165679 -0.0182125
v -0.0294283 0.0931666 -0.0249319
v -0.0330484 0.0959586 -0.0234265
v -0.0281229 0.0993224 -0.0235801
v -0.0152271 0.127849 0.0215452
v -0.0201106 0.125045 0.0235883
v -0.0162313 0.123829 0.029577
v -0.0929895 0.130923 0.0199193
v -0.0905494 0.135119 0.0216806
v -0.0922326 0.131954 0.0154306
v -0.00781631 0.128212 -0.00194304
v -0.0134939 0.128824 0.00596907
v -0.0031074 0.130729 0.00564285
v -0.0709618 0.0343457 -0.00078374
v -0.0703852 0.0374503 -0.0009319
v -0.0687962 0.0351177 -0.00520674
v -0.0917151 0.1171 0.0308094
v -0.0927365 0.120731 0.0326927
v -0.0924992 0.121315 0.0292562
v -0.0843354 0.0807299 0.0221805
v -0.0860345 0.0826457 0.0195427
v -0.0107365 0.129903 0.0109938
v -0.00560094 0.130767 0.0105161
v -0.0374165 0.0476821 -0.0171473
v -0.0376138 0.0495348 -0.0116261
v -0.0355627 0.0493999 -0.012865
v -0.0766552 0.155098 0.00796863
v -0.07904 0.155374 0.0151418
v -0.0736967 0.15613 0.0143598
v -0.0679454 0.114936 -0.00951073
v -0.0708723 0.116116 -0.00795637
v -0.0673908 0.118897 -0.00873014
v -0.089319 0.099547 0.0134181
v -0.0874051 0.10594 0.0136459
v -0.00304712 0.129195 -0.0010688
v -0.0883609 0.149967 0.0260442
v -0.083299 0.149608 0.0337409
v -0.0865377 0.151548 0.0258754
v -0.00121887 0.0962017 0.0538159
v 0.0040479 0.0958174 0.0529368
v 0.0030802 0.0983074 0.0505356
v -0.0814967 0.154731 0.0196973
v -0.0770043 0.155213 0.0245348
v -0.0942971 0.126177 0.0192246
v -0.0932812 0.126911 0.013505
v 0.00239297 0.131627 0.0119551
v -0.0741082 0.173557 -0.0379868
v -0.0234595 0.126154 0.0166138
v -0.0812642 0.153812 0.0258978
v -0.0817192 0.152501 0.0296561
v 0.00096836 0.130643 0.00258659
v 0.00357656 0.13139 0.0072086
v -0.0821915 0.0756102 0.0165426
v -0.0816275 0.0734706 0.0111617
v -0.0672166 0.161713 -0.0137337
v -0.0633133 0.165033 -0.0328951
v -0.0900093 0.132781 0.00592206
v -0.0887462 0.136256 0.00714778
v -0.0874391 0.133749 0.00239747
v 0.00651117 0.130025 0.00092881
v 0.011348 0.0982438 -0.0230242
v 0.0152357 0.0949779 -0.0244371
v 0.0104643 0.0961804 -0.025899
v -0.0689402 0.156528 -0.0019716
v -0.0722233 0.158967 -0.00542423
v -0.0108662 0.126917 0.0275754
v -0.0744886 0.156494 -0.00259546
v -0.0737481 0.155393 0.00234917
v 0.00249192 0.129836 0.0248471
v -0.00424394 0.129149 0.0258292
v -0.00155395 0.127547 0.0292329
v -0.0886313 0.0948812 0.00793376
v -0.0894955 0.0956324 0.0142348
v -0.0888923 0.0992091 0.00957032
v -0.0754059 0.168391 -0.026793
v -0.0884692 0.111243 0.0126792
v -0.0905579 0.11276 0.016141
v -0.0905939 0.113731 0.0102768
v -0.00658646 0.126417 0.0302264
v -0.00460194 0.124285 0.033472
v -0.0507183 0.152763 0.0118167
v -0.0502423 0.157737 0.00939445
v -0.0524202 0.153101 0.0129274
v -0.0931765 0.11821 0.0233624
v -0.0942435 0.122074 0.0235685
v -0.0936442 0.117894 0.0186621
v -0.0809005 0.125587 0.0521554
v -0.0790038 0.128505 0.0531493
v -0.0814555 0.130122 0.0521177
v -0.0770567 0.131935 0.0524624
v -0.079779 0.134489 0.0509903
v -0.0714483 0.181053 -0.0554786
v -0.0741587 0.179873 -0.0507948
v -0.0703815 0.180712 -0.0531726
v -0.0789356 0.148172 0.0394631
v -0.0789317 0.150931 0.0351519
v -0.0473112 0.16296 0.00607403
v -0.0518397 0.16062 0.00714213
v -0.0572648 0.155062 0.0193224
v -0.092269 0.114752 0.0170174
v -0.0780815 0.123519 0.052137
v -0.0784365 0.13928 0.0483294
v -0.0772561 0.145659 0.0431229
v -0.080945 0.139036 0.0473591
v -0.0595756 0.154724 0.0263733
v -0.0600528 0.152803 0.0328876
v -0.0742941 0.163568 -0.0155342
v -0.0312179 0.0438475 0.0497809
v -0.0311729 0.0402943 0.0513125
v -0.026472 0.0450345 0.0512195
v -0.0915565 0.131963 0.0106382
v -0.0528317 0.0702989 -0.014865
v -0.0550659 0.0780892 -0.0197555
v -0.0510255 0.0757051 -0.0181869
v -0.0639209 0.127742 -0.00854946
v -0.0705951 0.129948 -0.00876292
v -0.0684664 0.134981 -0.00833598
v -0.0564729 0.157784 0.00817865
v -0.0576845 0.155617 0.0129831
v -0.0546424 0.15523 0.0126124
v -0.0757182 0.125227 0.0530873
v -0.0759832 0.138208 0.0492166
v 0.0435148 0.0915199 -0.00264681
v 0.0414389 0.0923651 -0.0074587
v 0.0411181 0.0974913 -0.00397567
v -0.0861804 0.0825721 0.0063639
v -0.0867764 0.0843449 0.012419
v -0.0256611 0.125627 0.00455375
v -0.0235069 0.12672 0.0109969
v -0.0890862 0.0923771 0.0105699
v -0.0943804 0.121839 0.0179043
v -0.064457 0.153429 -0.00511804
v 0.00773898 0.131475 0.011683
v 0.00591057 0.131409 0.0168237
v -0.0740339 0.144069 0.044995
v -0.0525136 0.0475779 0.0148584
v -0.0502905 0.0490989 0.0171648
v -0.0508873 0.0527279 0.0144558
v 0.00842109 0.13091 0.00627544
v -0.0765658 0.11674 0.0514893
v -0.0738801 0.120916 0.0533958
v -0.0726659 0.130056 0.0516682
v -0.0744718 0.135075 0.0506889
v -0.0148242 0.0872888 -0.0383171
v -0.013099 0.090776 -0.0366593
v -0.00935695 0.0854237 -0.0381125
v -0.039938 0.149228 0.00160172
v -0.0369928 0.150639 -0.00203723
v -0.0351005 0.152034 -0.00013279
v -0.0923319 0.125239 0.00915895
v -0.0883992 0.13899 0.0106407
v -0.0867947 0.138507 0.00455759
v -0.0383364 0.0545035 -0.0109053
v -0.0386236 0.0583033 -0.0115058
v -0.0352626 0.0552849 -0.0105451
v -0.0322579 0.0881926 -0.025131
v -0.0367563 0.0886634 -0.0238688
v -0.0730011 0.118267 0.0530346
v -0.0752605 0.149386 0.039176
v -0.0725671 0.147532 0.0417141
v -0.0870414 0.130589 0.00091161
v -0.0895597 0.128517 0.00454575
v -0.0880914 0.0877416 0.00484899
v -0.0610843 0.133862 -0.00722489
v -0.0651561 0.140345 -0.00768486
v -0.0615304 0.140376 -0.00627347
v -0.0708314 0.122544 0.0532749
v -0.072647 0.140989 0.0469766
v -0.0748982 0.114589 0.0507765
v -0.0722539 0.115396 0.0516703
v -0.0615694 0.170849 -0.0616792
v -0.0615176 0.175174 -0.0606317
v -0.0609654 0.170021 -0.0608394
v -0.0872652 0.09211 0.0042059
v -0.0309802 0.166347 -0.0162412
v -0.0234558 0.168247 -0.0188229
v -0.0285356 0.162085 -0.014786
v 0.0430151 0.097691 0.00102583
v 0.0412588 0.103611 0.00267606
v 0.0432182 0.0994867 0.00501533
v 0.0503181 0.0527864 -0.00341663
v 0.0528542 0.0518987 -0.0006207
v 0.0514338 0.0484852 0.0010401
v -0.0340704 0.16149 -0.013787
v -0.0656969 0.145616 -0.0189747
v -0.0636167 0.148014 -0.0201703
v -0.0628968 0.146948 -0.0130986
v 0.00376672 0.112405 0.0414947
v 0.00665325 0.116736 0.0387163
v 0.00080905 0.116333 0.0401676
v 0.0459418 0.0481388 -0.00387157
v 0.0407514 0.105547 0.00750741
v 0.042879 0.100938 0.00947532
v 0.0545499 0.0560446 -0.00066158
v -0.0531988 0.136729 -0.00165805
v -0.0503648 0.137158 0.00195261
v -0.0505394 0.133367 -0.00108722
v -0.0162731 0.128445 0.0166836
v 0.00362317 0.130768 0.0211686
v -0.0693685 0.0952428 0.042129
v -0.0704569 0.100988 0.0397941
v -0.0734402 0.0954126 0.0402106
v -0.0701128 0.117904 0.0527142
v 0.00137731 0.0523027 0.053149
v 0.00206568 0.0501047 0.0522902
v 0.0036285 0.0531986 0.0534227
v -0.0687008 0.144635 0.0430416
v 0.0495757 0.0438159 0.014583
v 0.0427191 0.0399771 0.00893216
v 0.0466933 0.0424653 0.00656495
v 0.0573065 0.0599446 0.00188864
v 0.0574218 0.0560122 0.00402456
v 0.0449602 0.0809426 0.00061119
v 0.0455112 0.0869531 0.00388655
v 0.0462527 0.0773739 0.00691408
v -0.0600678 0.0414195 0.0229533
v -0.0553528 0.0429362 0.0191355
v -0.0611257 0.03779 0.0197109
v -0.0863964 0.104794 0.00598206
v -0.0843142 0.109573 0.00370973
v -0.0834897 0.107247 0.0007579
v -0.075115 0.066557 0.0102441
v -0.0771684 0.0698264 0.00506056
v -0.0745304 0.0666807 0.00469533
v -0.067232 0.0991739 0.0415939
v -0.067691 0.107341 0.0380184
v -0.072142 0.105367 0.0375232
v -0.0693824 0.108658 0.0375078
v -0.00662106 0.0904152 0.0568798
v -0.00124391 0.0890932 0.0565521
v -0.00562217 0.093235 0.0558936
v 0.0094076 0.0903281 0.0542141
v 0.0134144 0.0930737 0.0514678
v 0.00951046 0.0954839 0.0509106
v 0.00645984 0.0602974 0.05478
v 0.00266452 0.0627 0.0565252
v 0.00325145 0.0598286 0.0554643
v -0.0681451 0.127487 0.050149
v -0.0683693 0.122893 0.0524379
v 0.0468345 0.0743541 0.0101395
v 0.0462809 0.078702 0.0147863
v -0.091822 0.127473 0.0364586
v -0.0903369 0.131198 0.0381388
v -0.090377 0.132525 0.0310827
v -0.0885859 0.146059 0.009878
v -0.0856097 0.147125 0.00659811
v -0.00078164 0.128229 -0.003249
v 0.00431559 0.127826 0.0286469
v -0.0649846 0.103716 0.0406478
v -0.0647316 0.154101 -0.0404648
v -0.0652836 0.155924 -0.0498659
v -0.0630699 0.158975 -0.0429518
v 0.00037699 0.0449358 0.0465199
v -0.00063364 0.0471931 0.0491369
v -0.00700126 0.0464165 0.0474855
v 0.00734297 0.120982 0.0359734
v 0.0060412 0.124944 0.0326529
v 0.00348306 0.120026 0.0369119
v -0.0497474 0.141125 0.00529375
v -0.0480236 0.144266 0.00424986
v -0.0484686 0.145596 0.00836615
v -0.0942377 0.126154 0.0222015
v -0.0498964 0.146709 -0.00186142
v -0.0443418 0.151138 -0.00568598
v -0.0437557 0.147734 -0.00214332
v 0.0447178 0.0948027 0.0120247
v 0.0451338 0.0936307 0.00623368
v 0.0459185 0.0870362 0.00842363
v -0.0141697 0.127679 0.00130805
v -0.0882842 0.0868691 0.00810292
v 0.0123194 0.129038 0.00133362
v -0.0149302 0.0386435 0.0293783
v -0.0181599 0.0393223 0.0394029
v -0.0208143 0.038401 0.0278684
v 0.00807238 0.0515741 0.0517736
v 0.00922319 0.0441251 0.0450574
v 0.00598623 0.0466891 0.0490736
v 0.00493049 0.0419827 0.0457234
v 0.0607788 0.0616466 0.010464
v 0.0598372 0.0664232 0.00851394
v 0.0600787 0.0681293 0.0114545
v 0.0552579 0.0514163 0.00320626
v -0.0644003 0.158344 -0.0542564
v -0.0642495 0.16045 -0.0570415
v -0.0619459 0.164792 -0.0566477
v -0.0682824 0.0923768 0.0423887
v -0.0679028 0.0878172 0.043527
v -0.0655924 0.0910424 0.0440921
v 0.0168328 0.103375 0.0452873
v 0.0206573 0.104168 0.0430047
v 0.015005 0.107269 0.041812
v 0.00350782 0.0863395 0.0570483
v 0.00479899 0.0916548 0.0547152
v 0.00781527 0.0550507 0.0527502
v 0.00519817 0.057018 0.0534235
v -0.0676765 0.141503 0.0438681
v -0.0656918 0.149618 0.038161
v 0.0442038 0.0852043 -0.00211705
v 0.0446311 0.0841784 0.00082665
v 0.0421069 0.0815332 -0.00666909
v -0.0307713 0.125641 0.0165948
v 0.0136776 0.129673 0.00693274
v 0.0193204 0.127383 0.0112963
v 0.0192627 0.126894 0.00555521
v -0.0639398 0.0786218 0.0420835
v -0.0649922 0.0845509 0.0441201
v -0.0704912 0.0818182 0.0406099
v -0.0699373 0.0860769 0.0421757
v -0.064028 0.0978387 0.0425653
v 0.0432644 0.0758105 -0.00388439
v 0.04562 0.0746844 0.00260739
v -0.00044024 0.0583434 0.0544834
v -0.0008548 0.0605935 0.0558248
v -0.00430826 0.0614186 0.0556885
v 0.00965092 0.101088 0.0473731
v 0.00514504 0.101639 0.045423
v 0.0071936 0.0988595 0.0484195
v 0.00419344 0.0729152 0.0562987
v 0.00769625 0.0723756 0.0560622
v 0.00556812 0.0763971 0.0563272
v -0.0249391 0.170311 -0.0113297
v -0.0315821 0.166418 -0.005732
v -0.0303514 0.164482 -0.00532914
v -0.00462473 0.0577597 0.0539907
v -0.00430909 0.0544675 0.0539083
v -0.0243664 0.176933 -0.0117196
v -0.0300716 0.172583 -0.00635977
v -0.0301344 0.170113 -0.00735916
v -0.0514585 0.0558782 0.0159003
v -0.0544637 0.0553574 0.0103268
v -0.0452255 0.129355 0.0203775
v -0.0465485 0.133208 0.0168896
v -0.0477656 0.13302 0.022874
v -0.0837022 0.122264 -0.00373014
v -0.0792375 0.120554 -0.00567448
v -0.0824716 0.116241 -0.00232363
v -0.0624332 0.0840353 0.0442031
v -0.0626151 0.0911269 0.0450907
v -0.0590588 0.100413 0.0427251
v 0.0433155 0.0521455 0.0324921
v 0.0437854 0.0488037 0.0313434
v 0.0477358 0.052751 0.0307973
v -0.0194089 0.170411 -0.0209948
v -0.0146559 0.174565 -0.0259727
v -0.0138955 0.167872 -0.0218972
v -0.00149855 0.0559255 0.0546308
v -0.062096 0.163883 -0.0583859
v 0.0340239 0.113539 0.0245953
v 0.0333739 0.112279 0.0277881
v 0.037553 0.106853 0.0263035
v -0.0601171 0.0955529 0.0441838
v -0.0606525 0.104672 0.0409064
v -0.0637824 0.110373 0.0375798
v 0.0384973 0.0480624 0.0317375
v 0.0379928 0.0497932 0.031902
v 0.0355154 0.0504496 0.0314398
v -0.0562151 0.141392 -0.00280273
v -0.0530434 0.140925 -0.00047408
v -0.0894808 0.1384 0.0250615
v -0.0907954 0.138552 0.0205626
v -0.0902417 0.13576 0.0141492
v -0.0205426 0.119795 0.0330037
v 0.025457 0.0394839 -0.00402514
v 0.0290078 0.0373582 -0.00027474
v 0.0221929 0.0367753 -0.00209193
v -0.0621261 0.0628454 -0.00452026
v -0.0595207 0.0610403 -0.00237538
v -0.0646442 0.0617232 0.00022552
v -0.0589222 0.0775455 0.0429614
v -0.0598672 0.0805405 0.0432771
v -0.0594986 0.0888455 0.0451093
v -0.0589974 0.0920307 0.0453353
v 0.00971632 0.105235 0.0436038
v -0.0579817 0.109432 0.0379976
v 0.00764059 0.0864272 0.0561179
v -0.0685439 0.17513 -0.0571879
v -0.0660702 0.165578 -0.0586441
v -0.0676845 0.165336 -0.0554664
v -0.057862 0.0839444 0.044186
v -0.0566237 0.0963222 0.0436679
v -0.059196 0.113208 0.0362347
v -0.00024264 0.054536 0.0546412
v -0.00384502 0.0847878 0.057198
v -0.0748527 0.149931 -0.0277529
v -0.0745775 0.15164 -0.028648
v -0.0731102 0.148472 -0.0287485
v 0.042313 0.0590991 0.0308484
v 0.0406359 0.0615749 0.0298412
v 0.0386863 0.0564506 0.0311889
v 0.00425159 0.105237 0.0425636
v -0.0657666 0.0364695 -0.0072073
v -0.0684706 0.0374777 -0.00495574
v -0.0666349 0.0404303 -0.00501807
v -0.056931 0.0881015 0.0446929
v 0.0106297 0.0467118 0.046472
v -0.0465496 0.0676521 0.0396358
v -0.0477145 0.0619445 0.0367058
v -0.0444894 0.0610777 0.0395453
v -0.0691037 0.155595 0.00163708
v -0.0319517 0.125184 0.0194006
v -0.0540881 0.0397812 -0.0105447
v -0.0623743 0.0401461 -0.00740402
v -0.0507512 0.0431096 -0.0100187
v -0.059 0.0737515 0.0411971
v -0.0551114 0.0746878 0.0419397
v -0.0556237 0.0921874 0.045055
v -0.055309 0.103654 0.0415167
v 0.00529296 0.068006 0.0556705
v 0.00528479 0.109437 0.041675
v 0.00117601 0.109325 0.0426628
v -0.0623456 0.147455 -0.00766002
v -0.0619962 0.147615 -0.00432568
v -0.0630566 0.143416 -0.00749077
v 0.0119783 0.104036 0.0453963
v -0.00268438 0.0512474 0.0531868
v 0.00240946 0.100168 0.0469381
v -0.0710482 0.151611 -0.0446793
v -0.0696056 0.154908 -0.0501887
v -0.0669163 0.122789 -0.00890774
v -0.0618976 0.122971 -0.00877255
v -0.0552383 0.0819995 0.0449848
v -0.0549969 0.107742 0.0394246
v -0.00010415 0.076882 0.0581907
v -0.00205785 0.0809983 0.0575538
v -0.0059406 0.0790382 0.0579698
v 0.0605949 0.0616772 0.0155916
v 0.060729 0.0658066 0.0139748
v 0.0600936 0.0656935 0.0185333
v -0.0528021 0.0413199 0.0461698
v -0.0571805 0.0409188 0.0463013
v -0.0364521 0.121999 0.0276706
v -0.0307702 0.115973 0.0328588
v -0.0650598 0.134521 -0.00808999
v -0.0658107 0.143591 -0.0125854
v -0.0682146 0.143909 -0.0149842
v -0.0548769 0.0702823 0.0388282
v -0.0540004 0.0805684 0.0446015
v -0.0536167 0.0853468 0.0453325
v -0.0549942 0.0996408 0.0429552
v -0.0542014 0.114517 0.034844
v 0.0456369 0.0574026 0.0319922
v 0.0407755 0.0545575 0.0320147
v 0.0214417 0.091355 0.0480434
v 0.0206393 0.0966025 0.046971
v 0.0169735 0.0971066 0.0474409
v -0.0527225 0.0447229 0.0441432
v 0.0372496 0.0375099 0.0148158
v 0.035606 0.0365266 0.00981553
v -0.0551741 0.0483839 0.0385178
v -0.0597105 0.0365358 -0.0094949
v -0.0531213 0.0779124 0.0433349
v -0.0529356 0.0909135 0.0445689
v -0.00780368 0.0501693 0.0509887
v 0.013243 0.0967382 0.0487502
v 0.0134871 0.100764 0.0474543
v 0.0461836 0.0619101 0.0302234
v 0.0460866 0.0664739 0.026809
v 0.0209252 0.0863114 0.0494331
v 0.0178694 0.0908986 0.0487129
v 0.0429158 0.0667077 0.0269947
v 0.0430231 0.0637958 0.0280392
v 0.0457192 0.0694894 0.0235493
v 0.052988 0.0477477 0.005042
v 0.056908 0.0515781 0.00725383
v 0.0567306 0.0505157 0.0106271
v 0.0203192 0.10042 0.0457605
v -0.0409172 0.0461218 -0.0179426
v -0.0374202 0.0454285 -0.0242268
v -0.0421505 0.043344 -0.0215087
v -0.0509804 0.134866 0.027585
v -0.0476566 0.130775 0.0255236
v -0.00853083 0.0601594 0.0553089
v -0.0126196 0.061635 0.0544241
v -0.0119876 0.0574932 0.0527524
v -0.0289509 0.0392859 0.0533091
v -0.0297488 0.0365399 0.0524933
v -0.050027 0.0813113 0.0442642
v -0.051901 0.0954576 0.0439376
v -0.0519964 0.0997078 0.0427166
v -0.0507494 0.109287 0.0382976
v -0.0497974 0.113421 0.0351179
v -0.00574998 0.065489 0.0561734
v -0.00011289 0.0692882 0.0565798
v -0.00500245 0.069655 0.0568925
v 0.0201313 0.107328 0.0403238
v 0.0196592 0.112362 0.0375453
v 0.0151372 0.115715 0.037032
v 0.0392187 0.106693 0.0204502
v 0.0371765 0.110644 0.0188113
v -0.0507457 0.0761484 0.0431376
v -0.0514957 0.104967 0.0403472
v 0.00273814 0.0791057 0.0567192
v 0.00894037 0.107106 0.0412434
v -0.0526556 0.0484942 0.0387312
v -0.0491866 0.0464112 0.04117
v -0.0497544 0.0497383 0.0370371
v -0.0490008 0.0862217 0.045352
v -0.0503722 0.0888447 0.045188
v -0.048809 0.0910839 0.0444567
v 0.0129813 0.113664 0.038303
v -0.00012246 0.0932012 0.0553984
v -0.0021452 0.111433 0.0424366
v -0.0618959 0.154242 -0.0190186
v -0.0621651 0.156668 -0.0178378
v -0.0622785 0.151666 -0.0146727
v -0.0499603 0.043102 0.0444627
v 0.0591199 0.0631288 0.0215618
v -0.0677514 0.146052 -0.0233333
v -0.0688669 0.147233 -0.0287399
v -0.0664679 0.148715 -0.0315793
v -0.0491873 0.10452 0.0403014
v 0.0466612 0.0547192 0.0319768
v -0.0773827 0.153466 0.030895
v -0.0752693 0.152329 0.0343741
v -0.053993 0.144987 -0.00110934
v -0.0502714 0.143366 0.0015153
v -0.0725397 0.0353993 0.00702988
v -0.072016 0.0375727 0.00397894
v -0.0714981 0.034453 0.00420265
v -0.048618 0.0964527 0.0441831
v -0.0475904 0.100812 0.0423491
v 0.0348384 0.0431534 0.0289543
v 0.032434 0.045334 0.0303168
v -0.00299353 0.0721864 0.0581672
v -0.00637346 0.0721843 0.057973
v -0.00354389 0.0426598 0.0475415
v -0.00651742 0.0450362 0.0475028
v -0.0149812 0.0425714 0.0514045
v -0.0473789 0.0484567 0.0391268
v -0.0466862 0.0545707 0.0375874
v -0.0503993 0.0518313 0.0340374
v -0.0474018 0.0755503 0.0426301
v -0.0494959 0.0734363 0.0416736
v -0.0474969 0.106357 0.0401656
v -0.0459667 0.109051 0.0387541
v -0.0661781 0.142183 -0.00937663
v -0.0637554 0.144289 -0.0113957
v -0.0440717 0.0510583 0.0389778
v -0.0453765 0.0823836 0.0432821
v -0.0456811 0.084988 0.0441595
v -0.0445146 0.0948604 0.0429725
v -0.0454116 0.0910021 0.0432528
v -0.0914905 0.145432 0.0222772
v -0.0908501 0.146256 0.014809
v -0.0917576 0.143346 0.0177907
v 0.00910072 0.0484745 0.0493532
v -0.04372 0.168227 0.0023425
v -0.0445904 0.043798 0.0426855
v -0.0444341 0.0876545 0.0434776
v -0.0458516 0.12073 0.027665
v -0.0490201 0.117713 0.0315814
v -0.0110968 0.182023 -0.0280425
v -0.0102445 0.178958 -0.0295389
v -0.012172 0.181251 -0.0290612
v 2.682E-05 0.104467 0.0437759
v -0.0674477 0.155077 -0.0515942
v -0.0667137 0.153588 -0.0490971
v -0.0466535 0.159178 0.0078019
v -0.0902057 0.149478 0.0130351
v -0.0875112 0.150615 0.0101525
v -0.0436865 0.0471545 0.0402863
v -0.0685042 0.16732 -0.0239596
v 0.0338645 0.0786567 -0.0176325
v 0.0307306 0.081969 -0.0200405
v 0.0337484 0.0836441 -0.0186305
v -0.0449895 0.0715773 0.0419292
v -0.0450556 0.0787963 0.0423413
v -0.0439909 0.0994255 0.0423834
v -0.0442432 0.104317 0.04134
v -0.0429144 0.11836 0.030645
v -0.0198189 0.165095 -0.017609
v -0.0157232 0.163123 -0.0163966
v -0.0314496 0.154605 -0.00768023
v -0.0282188 0.157581 -0.0109995
v -0.0242656 0.156877 -0.00785093
v -0.0453013 0.156951 0.00720369
v -0.0437239 0.161914 0.00577134
v -0.0427402 0.0769953 0.0428041
v -0.0414912 0.112248 0.0358735
v -0.0403421 0.116696 0.0324602
v -0.0494226 0.142835 0.00897283
v -0.0511083 0.145202 0.0142795
v 0.0528019 0.0465399 0.0104277
v 0.04851 0.0617808 0.0303473
v -0.0419793 0.06963 0.0418249
v -0.0419961 0.0810837 0.0424562
v -0.0423245 0.107373 0.0394564
v -0.0642308 0.148778 -0.0258997
v 0.00695449 0.0647001 0.0555991
v 0.00025369 0.0657412 0.0565693
v -0.0415037 0.167485 0.00327659
v -0.0501687 0.0534623 0.0162554
v -0.0418791 0.0561644 0.0397967
v -0.0420564 0.0867115 0.0425346
v -0.0414608 0.0985448 0.0417786
v -0.0922809 0.127621 0.0297517
v -0.0624254 0.163666 -0.0496673
v -0.00094964 0.101411 0.0442901
v -0.0412449 0.0430989 0.0421296
v -0.0389799 0.0579963 0.0401514
v -0.0391856 0.0630745 0.0413829
v -0.0395176 0.0781278 0.0429186
v -0.0619544 0.168653 -0.0526212
v -0.0628326 0.0451827 0.0346229
v -0.0594143 0.047278 0.0341724
v -0.00389815 0.105662 0.0440472
v -0.00939362 0.107428 0.0434546
v -0.00780469 0.105166 0.0438255
v -0.0389338 0.0463643 0.0403648
v -0.0381441 0.0505996 0.0393022
v -0.0383409 0.0688438 0.0418465
v -0.0393579 0.0836314 0.0435023
v -0.0394303 0.0895976 0.0431779
v -0.0397382 0.102154 0.0405744
v -0.0486636 0.136385 0.00680639
v -0.0484344 0.13755 0.013245
v -0.00898303 0.169264 -0.0226835
v -0.0104828 0.166683 -0.0217461
v -0.00978457 0.169285 -0.0247567
v -0.0313581 0.153622 -0.00467389
v -0.0294602 0.155503 -0.00119147
v -0.0366584 0.0750873 0.0420069
v -0.0362989 0.0956956 0.0435803
v -0.0389789 0.10683 0.0382477
v -0.0354537 0.112448 0.0350554
v -0.0380502 0.115271 0.0331785
v -0.0363093 0.118769 0.030674
v -0.0406522 0.122665 0.0262903
v -0.0853298 0.153399 0.0203783
v -0.0868249 0.152808 0.0155214
v -0.0888754 0.151694 0.0200866
v -0.0408023 0.164361 0.00374488
v -0.0378573 0.170101 0.0014236
v -0.0372779 0.172891 -0.00086627
v -0.00319589 0.119125 0.0383496
v 3.092E-05 0.123157 0.0347497
v -0.00642924 0.122011 0.0357409
v -0.0391797 0.0424067 0.0414761
v 0.059558 0.0630993 0.0059471
v 0.0595316 0.0605046 0.0058397
v -0.0369962 0.168993 0.00132563
v -0.0352183 0.0685598 0.0413815
v -0.0365055 0.0811523 0.0431623
v -0.0367449 0.0860837 0.0436129
v -0.0367449 0.0888869 0.0433121
v -0.0356422 0.0926174 0.0442385
v -0.0359315 0.09981 0.0423358
v -0.0362256 0.106342 0.0386449
v 2.185E-05 0.073496 0.0576967
v 0.041414 0.102842 0.0165789
v 0.0435477 0.0973894 0.0173147
v 0.0199681 0.034844 -0.00189849
v 0.0204148 0.0355676 -0.00378069
v -0.0361513 0.0465051 0.0407409
v -0.0343032 0.0505202 0.038286
v -0.0343858 0.054096 0.0380603
v -0.0344487 0.0607805 0.039544
v -0.0330642 0.0766548 0.0412779
v -0.0321612 0.108965 0.0381027
v 0.00980203 0.11004 0.0399454
v 0.0083873 0.113362 0.0397926
v -0.00324792 0.0757107 0.0587146
v -0.0366472 0.166401 -0.00028167
v -0.0350226 0.0828882 0.0429128
v -0.0330585 0.0861855 0.0425604
v -0.0332389 0.0885736 0.043697
v -0.0335821 0.103839 0.040738
v -0.0343932 0.172367 -0.00098213
v -0.0291773 0.1762 -0.00562411
v -0.053323 0.152735 0.0162139
v -0.055369 0.154425 0.0161607
v -0.0326899 0.0677297 0.0401244
v -0.0332443 0.0822666 0.0418522
v -0.00886916 0.0954003 0.054446
v -0.00586227 0.0973502 0.0527437
v -0.031835 0.090723 0.0441735
v -0.00744421 0.116934 0.0392838
v -0.00755197 0.111838 0.0420397
v -0.0306148 0.0544127 0.0366943
v -0.0302725 0.0624747 0.0379822
v -0.0292417 0.0942904 0.0448212
v -0.0308676 0.0969147 0.0446514
v -0.0720836 0.149656 -0.0392659
v -0.072303 0.151867 -0.0415443
v -0.0929073 0.12307 0.0365232
v -0.0308006 0.0800684 0.0417981
v -0.0291512 0.101974 0.0426331
v 0.0523273 0.0643271 0.0282819
v 0.0504 0.0672925 0.0268515
v 0.0216211 0.0376572 -0.00470216
v -0.0292454 0.0695515 0.039369
v -0.0292556 0.0751692 0.0411864
v -0.029982 0.0854023 0.0437451
v -0.0292419 0.0904534 0.0442366
v -0.0283421 0.0977827 0.0437613
v 0.0455982 0.0881517 0.0131241
v 0.0446356 0.0927943 0.0178321
v 0.0342581 0.0519308 0.0327579
v -0.00689641 0.0844329 0.0571686
v -0.0325972 0.174987 -0.00259531
v -0.0299962 0.178111 -0.00523582
v -0.0275385 0.0799648 0.0476972
v -0.0273959 0.0841083 0.0487457
v 0.0577446 0.0641584 0.00262776
v 0.0583731 0.0680676 0.00572476
v 0.0107746 0.130792 0.0143417
v -0.0280014 0.0610754 0.0374712
v -0.0280542 0.054551 0.0367869
v 0.0401948 0.102316 -0.00200486
v 0.0374187 0.108508 0.00033973
v 0.0109155 0.126336 0.029857
v 0.0101452 0.122217 0.0347189
v 0.0463517 0.0740795 0.0183543
v 0.045542 0.0833384 0.0197008
v -0.0647969 0.152106 -0.0361855
v -0.0632749 0.152457 -0.0322217
v -0.02772 0.0505021 0.0433407
v -0.0298429 0.0467823 0.0477469
v -0.0264689 0.0478164 0.0493226
v -0.0270463 0.0670144 0.0396721
v -0.0256226 0.0987134 0.0442109
v -0.0249016 0.112111 0.0375602
v -0.0258693 0.104267 0.0422075
v -0.00046583 0.119837 -0.0136106
v 0.00084818 0.1167 -0.0173371
v -0.00187335 0.115939 -0.0171694
v 0.00125564 0.0838456 0.0574464
v -0.0685354 0.139294 -0.00780466
v -0.0622631 0.152199 -0.0225789
v -0.0258671 0.0566892 0.0391822
v -0.0253532 0.0625672 0.0406422
v -0.0240789 0.0679067 0.0451784
v -0.0926543 0.12084 0.0416296
v -0.0931898 0.120199 0.0379137
v -0.0922408 0.118168 0.0412017
v 0.036385 0.0569965 0.0336015
v -0.0265614 0.0932895 0.0449754
v -0.0211268 0.109323 0.0407153
v -0.0249298 0.115928 0.0340947
v -0.0227493 0.0498839 0.0466055
v -0.0555305 0.149055 -0.00196021
v -0.0500767 0.149977 -0.00364197
v 0.0497601 0.0702352 0.023732
v 0.00867844 0.128946 0.0261569
v 0.0157997 0.129014 0.0132369
v -0.0243799 0.0958664 0.0444345
v -0.022492 0.0465136 0.0518853
v -0.0229494 0.0510206 0.0439265
v -0.0247876 0.0526062 0.0408398
v -0.0639539 0.146947 0.0384842
v -0.0228702 0.102847 0.0435448
v -0.0184713 0.159677 -0.0111695
v -0.0142225 0.161674 -0.0133491
v -0.0243646 0.180968 -0.0098312
v -0.0264679 0.181043 -0.00808117
v -0.0241069 0.183809 -0.0115448
v -0.0261775 0.0424989 0.0533152
v -0.021867 0.0440229 0.0532438
v -0.0223658 0.0480736 0.0501265
v -0.0155133 0.104361 0.0429194
v -0.0151196 0.09993 0.0445003
v -0.0115997 0.101078 0.0441917
v -0.0881303 0.0975405 0.0056788
v -0.0352071 0.125052 0.0216357
v -0.0183831 0.185437 -0.0171364
v -0.0152107 0.184636 -0.0220572
v -0.0172707 0.186996 -0.0199776
v -0.022362 0.0982076 0.0447659
v 0.0112121 0.0665841 0.0539822
v -0.0670703 0.180727 -0.0566186
v -0.0523127 0.0510853 0.0244857
v -0.0521306 0.056303 0.0266725
v -0.050916 0.0538136 0.0197531
v -0.0208817 0.114095 0.037873
v -0.0602536 0.143391 -0.00379063
v 0.016771 0.0886447 0.050523
v 0.0180453 0.0836232 0.0512858
v -0.0198758 0.0516077 0.046142
v -0.0215889 0.0568369 0.045467
v -0.0384934 0.0728399 -0.0175022
v -0.035263 0.0710677 -0.0180119
v -0.0353857 0.0668174 -0.0154349
v 0.0163292 0.122519 0.0313754
v 0.0138138 0.123222 0.0325026
v 0.016574 0.118902 0.0350423
v -0.0202182 0.102144 0.0437012
v 0.0508013 0.0573081 0.0300014
v 0.0504123 0.0603126 0.0302451
v -0.0175335 0.0479642 0.0488296
v -0.0913098 0.148486 0.0162701
v -0.0910036 0.148857 0.021507
v -0.0900121 0.150833 0.0157527
v 0.0167152 0.126899 0.00022331
v -0.0529987 0.049169 0.0339676
v -0.0572765 0.0472996 0.02989
v -0.0448429 0.146294 0.00171148
v -0.0180579 0.105039 0.0428028
v -0.0369318 0.0371074 -0.0297142
v -0.0405419 0.038886 -0.027365
v -0.0339573 0.0410251 -0.0296602
v 0.0101139 0.0764681 0.0552568
v 0.00818481 0.0807562 0.0553745
v -0.0155101 0.0452831 0.050653
v -0.0180021 0.0499179 0.046948
v -0.0169112 0.0518436 0.0484593
v -0.0290472 0.125563 0.00776177
v 0.00950784 0.130419 0.020715
v -0.0704132 0.141292 -0.00845908
v -0.0224137 0.0832835 0.0555907
v -0.0205806 0.0795725 0.0560139
v -0.0191353 0.0834748 0.0572174
v -0.00731573 0.0739196 0.0579717
v 0.0157606 0.0932036 0.0499393
v -0.0166833 0.0872667 0.0567412
v -0.0200222 0.0880321 0.0555894
v -0.0188705 0.0989732 0.0444893
v -0.0166926 0.115686 0.0378532
v 0.029665 0.0715068 -0.0212823
v 0.0263218 0.0702406 -0.0238787
v 0.0254729 0.0740945 -0.0249385
v 0.00615083 0.0834062 0.0564635
v -0.0422335 0.172116 -0.00417998
v -0.0177955 0.0774862 0.0560872
v -0.0169932 0.0825558 0.0575239
v -0.0162492 0.0542921 0.0503069
v -0.01834 0.05749 0.049763
v -0.0174206 0.0696595 0.0540895
v -0.0152422 0.0709099 0.0550048
v -0.0152411 0.0918217 0.0558172
v -0.0193214 0.0921239 0.0538207
v 0.0139064 0.127908 0.0251102
v -0.0115586 0.0338954 -0.0210543
v -0.0133711 0.0343616 -0.0190237
v -0.0236715 0.033631 -0.0232178
v -0.01518 0.108077 0.0423504
v -0.0139916 0.119626 0.0362515
v -0.0133734 0.0478924 0.0478838
v -0.0157159 0.060823 0.0523654
v -0.0143547 0.0544282 0.0507103
v -0.014746 0.0655839 0.0537309
v -0.0145578 0.0765822 0.0564932
v -0.0152456 0.0829408 0.0569346
v -0.0136261 0.0897879 0.0566744
v -0.014394 0.0945876 0.0539935
v -0.0831593 0.146743 0.00307579
v -0.0827325 0.141969 0.00125291
v 0.0132263 0.129581 0.0196896
v -0.0129534 0.115936 0.0389202
v -0.0123952 0.122647 0.0335883
v 0.0487491 0.045265 0.00230235
v 0.0433421 0.0716761 -0.00223046
v -0.013775 0.070888 0.0546956
v -0.012406 0.0852226 0.0572678
v -0.0121935 0.0494703 0.0494845
v -0.011866 0.0731838 0.0562501
v -0.0113787 0.0798772 0.0576989
v -0.0128198 0.104571 0.0434657
v -0.0116086 0.109837 0.0424753
v 0.0247661 0.110811 0.0367284
v -0.0104465 0.053686 0.0519586
v -0.0102829 0.0689264 0.0552896
v -0.00994402 0.0763431 0.0573886
v -0.0112138 0.0923664 0.0561053
v -0.0108726 0.0888268 0.0566655
v 0.044693 0.0926886 0.00224667
v -0.00763232 0.103045 0.0437106
v -0.0381178 0.0763901 -0.0186444
v -0.0565603 0.0483555 0.036607
v -0.0113879 0.0647425 0.054918
v -0.00849808 0.0839905 0.0576052
v -0.00753469 0.100213 0.0474887
v -0.0158628 0.0970216 0.0501394
v -0.00625465 0.101217 0.044322
v -0.0881946 0.103146 0.017509
v 0.0150482 0.0457558 0.0437939
v 0.0147443 0.042717 0.0445103
v 0.0109362 0.0860273 0.0547327
v -0.0206167 0.182376 -0.0142991
v -0.0460763 0.168197 0.00073744
v 0.0301687 0.100487 0.0394047
v 0.0261109 0.10089 0.0417333
v 0.0288147 0.0967127 0.0422577
v -0.0313557 0.158099 0.00191288
v -0.0253736 0.1584 -0.00148013
v -0.0262918 0.159634 -0.00051845
v 0.010406 0.0591624 0.0524844
v 0.00999117 0.0627353 0.0540092
v -0.0153064 0.0352464 0.0501338
v -0.00947804 0.0359776 0.0494342
v -0.0177275 0.0362895 0.0522222
v 0.0244117 0.0980169 0.0446874
v 0.0237801 0.0952229 0.0463473
v 0.054715 0.0646972 0.0269797
v 0.053944 0.0613916 0.0282685
v 0.0171768 0.0730662 0.0518266
v 0.0181098 0.0758066 0.0524883
v 0.0140743 0.0766517 0.0542214
v 0.0544516 0.0583429 0.027653
v 0.0399069 0.0643613 0.0316867
v 0.0375192 0.0610627 0.034366
v 0.0437662 0.08839 -0.00357088
v -0.0394947 0.0375516 0.0428709
v -0.0433237 0.0362864 0.0440424
v 0.0568206 0.0636911 0.0252861
v 0.0518237 0.0532767 0.027927
v -0.039161 0.157189 -0.0105805
v -0.0336196 0.156915 -0.0110249
v 0.0140552 0.0525239 0.0485939
v 0.0194212 0.0513213 0.0447989
v 0.0192046 0.0551665 0.0477221
v 0.0266373 0.0476071 -0.0164277
v 0.0245671 0.0441301 -0.0108208
v 0.0220401 0.0449925 -0.0175285
v 0.0270207 0.0613457 -0.0222921
v 0.0309404 0.0605181 -0.0181327
v 0.0306628 0.0573004 -0.0165184
v -0.0233436 0.161034 -0.00318624
v -0.0292649 0.161404 -0.00210395
v 0.0145215 0.0613829 0.0505009
v 0.0165683 0.0662699 0.0510099
v 0.0129196 0.0642036 0.0524411
v -0.0504927 0.141599 0.0162917
v -0.0476728 0.0361166 -0.0133012
v -0.0711354 0.138177 0.047854
v 0.0149048 0.0563504 0.0495228
v 0.0117454 0.0566783 0.0519141
v -0.0493499 0.149135 0.0112741
v -0.0235743 0.0370369 0.0541448
v -0.0269407 0.0361841 0.0533518
v -0.022934 0.0356329 0.0528655
v -0.0697606 0.134429 0.0482652
v 0.0335255 0.109662 -0.00698948
v 0.0379551 0.104887 -0.00320318
v 0.0366959 0.103728 -0.00796215
v -0.0662994 0.123371 0.0506159
v -0.0576354 0.0504255 0.00461084
v -0.0560675 0.0534706 0.00737182
v -0.0570694 0.0544244 0.00233955
v 0.0201531 0.118497 0.0342713
v 0.0341264 0.097054 0.0375904
v 0.02925 0.106519 0.0365903
v 0.0287344 0.103601 0.0380352
v 0.0177748 0.0582438 0.0488647
v -0.0370771 0.159864 0.00160965
v -0.0688765 0.110222 0.0390046
v -0.0238543 0.161645 -0.0145042
v 0.0559573 0.0531474 0.0231977
v 0.0517038 0.0488574 0.024148
v -0.0786095 0.0696569 0.0118107
v -0.0668172 0.119515 0.0514902
v -0.0667024 0.132106 0.0454809
v -0.0352032 0.164936 -0.002681
v -0.0653983 0.11752 0.0487356
v -0.06809 0.116471 0.0511512
v -0.0675044 0.114241 0.0480361
v -0.0328 0.159487 0.00219628
v -0.064205 0.122439 0.0480083
v 0.0448725 0.0755167 0.0231552
v 0.045137 0.0446254 0.0255165
v 0.0490157 0.0445736 0.0206595
v -0.0629906 0.119995 0.0452355
v -0.0643482 0.126281 0.0466502
v 0.0576794 0.061393 0.0242018
v 0.0566717 0.0569708 0.0242919
v 0.0381029 0.0656784 0.0351325
v 0.0359718 0.0666696 0.0377814
v 0.0353418 0.06163 0.037606
v 0.0387855 0.0949543 0.0325202
v 0.0392915 0.10126 0.0275505
v 0.0367584 0.0991955 0.0328377
v -0.036425 0.0936307 -0.0235346
v -0.0392279 0.0991846 -0.0219127
v -0.0655999 0.113295 0.0423187
v -0.0690872 0.11205 0.0453201
v -0.0636028 0.115715 0.0425723
v -0.0654245 0.140113 0.041309
v 0.0592385 0.0563628 0.00945308
v 0.0564127 0.0676599 0.0239693
v 0.0384462 0.0756494 0.0350506
v 0.0369751 0.0798765 0.0371984
v 0.035472 0.0730767 0.0384823
v 0.0287793 0.0825533 0.0445274
v 0.0284233 0.0880111 0.0442342
v 0.0258729 0.0884823 0.0466553
v 0.0545372 0.0687967 0.0245177
v -0.0633666 0.130371 0.0416699
v 0.0231839 0.0586544 0.0458711
v 0.0246721 0.0636945 0.0452046
v 0.0219024 0.060876 0.0472824
v 0.0361438 0.0844392 0.0379369
v 0.0384136 0.0874899 0.0351859
v 0.0344046 0.0869329 0.0405743
v -0.0615112 0.123736 0.0430627
v -0.0217911 0.10658 -0.022327
v -0.0169534 0.106693 -0.022003
v -0.0199876 0.102783 -0.0233929
v 0.0178974 0.0795166 0.0527595
v -0.0128937 0.17879 -0.0226247
v -0.0110919 0.179921 -0.0259964
v -0.0642874 0.134636 0.0399456
v 0.0125345 0.0895939 0.0533946
v 0.0201269 0.0638513 0.0479197
v 0.0480748 0.04897 0.0281655
v -0.0197117 0.168291 -0.013021
v -0.0114474 0.171311 -0.019603
v -0.0158154 0.175049 -0.0186542
v -0.0637129 0.112742 0.0380068
v 0.0422099 0.0788615 0.0291872
v -0.0627631 0.13778 0.0366786
v -0.0388647 0.10334 -0.0206414
v -0.0332023 0.105783 -0.0206476
v 0.0398997 0.0702948 0.03272
v 0.0269968 0.0513178 0.038752
v 0.0312863 0.0528638 0.0369136
v 0.0289526 0.0561252 0.040389
v 0.0194873 0.0408093 0.0426411
v 0.0216914 0.0401615 0.0408464
v 0.0226252 0.0436217 0.0409046
v 0.0258218 0.0463266 0.0382772
v 0.018928 0.0442496 0.0430098
v 0.0216327 0.0481273 0.0406944
v 0.0272687 0.0445478 0.0361525
v 0.0245624 0.0483696 -0.0196728
v -0.061096 0.117017 0.039654
v -0.0593754 0.119982 0.0405482
v -0.0599371 0.127262 0.0407713
v -0.0611289 0.131783 0.0389159
v -0.0621456 0.135998 0.036701
v -0.0624419 0.140848 0.0369658
v 0.0242862 0.0549586 0.0430868
v -0.0612957 0.1452 0.0371378
v -0.0379877 0.107515 -0.0199758
v -0.0573353 0.123401 0.0402315
v -0.0564643 0.0376831 0.0468196
v -0.0509648 0.0383123 0.0462861
v -0.0329774 0.0663652 -0.0183855
v 0.0195371 0.0600038 0.0485761
v -0.0162575 0.160313 -0.0096926
v -0.0212169 0.158879 -0.00469237
v -0.0215921 0.157634 -0.00686236
v -0.0132534 0.166272 -0.0141204
v -0.0109868 0.166212 -0.0160476
v -0.0677506 0.157348 -0.0539821
v -0.0655095 0.158573 -0.0556003
v -0.0570314 0.11562 0.0364949
v -0.0228765 0.173928 -0.0134311
v -0.017969 0.18078 -0.0181034
v 0.0167434 0.048439 0.0436786
v 0.0234693 0.116563 0.0335373
v -0.0569165 0.126235 0.0394266
v -0.0582595 0.140995 0.0324406
v -0.0600104 0.142845 0.0354497
v -0.0591297 0.150397 0.0344895
v -0.0416653 0.149961 0.0045405
v -0.0165309 0.16325 -0.00924752
v -0.0226016 0.162504 -0.0060717
v -0.0178916 0.161138 -0.00670727
v -0.0558599 0.117743 0.0372535
v -0.0547258 0.120713 0.0374514
v -0.0555169 0.129561 0.0365985
v -0.0582031 0.13271 0.0369187
v -0.0560328 0.137311 0.0319706
v -0.0582986 0.138855 0.0329375
v -0.0586033 0.146372 0.0338088
v 0.0563052 0.0677699 0.0026525
v -0.0392694 0.152052 -0.00662038
v -0.0541726 0.123379 0.0375764
v -0.0501266 0.0709331 0.039481
v -0.0452091 0.0388391 0.0445038
v -0.0265809 0.155677 -0.00419634
v -0.0199263 0.164897 -0.00999002
v -0.0521662 0.150137 0.0174487
v 0.0185966 0.0352939 -0.00867822
v 0.0241087 0.0844926 0.0482923
v 0.0252716 0.0787249 0.0480266
v 0.0132347 0.0384531 0.0445015
v -0.0532167 0.13222 0.0329784
v -0.0568023 0.145147 0.0317403
v -0.0457543 0.035207 0.0435181
v -0.0544037 0.0350073 0.0448746
v -0.0534258 0.03456 0.0427824
v 0.021886 0.0539276 0.0451025
v -0.0513169 0.0482707 -0.00793105
v -0.0463852 0.0474909 -0.010086
v -0.0519416 0.12566 0.0345879
v -0.0560701 0.150007 0.0298676
v -0.0495795 0.0360965 0.0459554
v 0.014424 0.0800855 0.0537556
v 0.0288105 0.0433523 0.0321577
v 0.0330446 0.107663 0.0319161
v 0.0290631 0.111496 0.0338058
v 0.0362944 0.0712207 0.0371146
v 0.0333639 0.0670548 0.0397295
v 0.0209919 0.0693355 0.0490035
v 0.0226875 0.0751492 0.0493125
v 0.0233868 0.070076 0.0470126
v -0.0522773 0.117751 0.0337695
v -0.0547315 0.142672 0.0289805
v 0.0428311 0.085556 0.0278738
v -0.071169 0.147402 -0.0275909
v -0.0717236 0.146174 -0.0215678
v 0.0217409 0.0802507 0.0504254
v -0.0496658 0.120638 0.0321633
v -0.0549107 0.146623 0.028439
v -0.034508 0.154475 0.00165046
v 0.0300517 0.0621696 0.0415458
v 0.0293629 0.0665098 0.0422894
v -0.0220478 0.183486 -0.012095
v -0.0511036 0.0730719 -0.0162431
v 0.0329786 0.0735007 0.0404865
v 0.0297417 0.0706471 0.0416539
v 0.0373268 0.0402095 -0.0008585
v 0.0437796 0.0445307 -0.00126225
v 0.0432934 0.0418641 0.00206344
v -0.0601458 0.041202 0.0442938
v -0.0530782 0.137547 0.0282665
v -0.00970153 0.167389 -0.0193602
v -0.0111837 0.1645 -0.0161517
v 0.0324116 0.0937361 0.0408902
v 0.0391084 0.108291 0.0131423
v 0.0330404 0.0617738 0.0397814
v -0.0185276 0.176532 -0.0170435
v -0.0290096 0.0512653 -0.0221758
v -0.0255283 0.0514727 -0.0268847
v -0.0260495 0.0476925 -0.0261495
v -0.0495368 0.124913 0.0317784
v -0.0495078 0.129495 0.0302593
v 0.0131891 0.0842112 0.0530658
v 0.0289824 0.0740885 0.0434472
v 0.0288271 0.0921334 0.0439201
v 0.030885 0.0789995 0.0433888
v 0.0259036 0.075536 0.0464167
v 0.0335738 0.0585153 0.038311
v 0.0327565 0.0889691 0.0422155
v 0.030445 0.0849596 0.0430111
v -0.0538318 0.149817 0.0250666
v -0.0911888 0.115889 0.0247055
v -0.0469888 0.126008 0.0269855
v 0.0238558 0.106166 0.0393781
v 0.0270139 0.0599528 0.0434544
v -0.0910443 0.141999 0.0217296
v -0.0909497 0.138954 0.0173711
v 0.0261087 0.0680076 0.0439027
v 0.0256585 0.0705505 0.0445399
v -0.0478435 0.122151 0.0288332
v -0.00173431 0.0394768 0.0472629
v 0.023678 0.0514744 0.0410533
v 0.0254642 0.0540297 -0.021691
v 0.029063 0.0552106 -0.0180421
v 0.0267755 0.0514234 -0.0202341
v -0.0570941 0.0459965 0.0268653
v -0.0624641 0.043722 0.0284933
v -0.0386705 0.160702 -0.0123578
v 0.0410654 0.0904607 0.0298886
v -0.0735044 0.0938833 -0.0147517
v -0.0756432 0.0994404 -0.0119276
v -0.0725986 0.0977627 -0.0144345
v 0.0237531 0.0346707 0.00398853
v 0.0290866 0.0358 0.00356309
v 0.0352517 0.0908368 0.0391839
v 0.0581774 0.0528213 0.0151824
v 0.0597981 0.0568402 0.0133427
v 0.0330301 0.0837816 0.0416369
v -0.0372925 0.164491 -0.0136271
v -0.0335409 0.0363426 0.04909
v -0.035146 0.0385859 0.0477327
v -0.0368986 0.0359246 0.0447942
v -0.0866747 0.082665 0.0151743
v 0.0421561 0.0697176 0.0283182
v 0.00486894 0.0379624 0.0458676
v -0.0578226 0.069538 -0.0144165
v -0.0516735 0.0668507 -0.0121204
v -0.0517042 0.0376204 -0.0117634
v -0.0470801 0.0407007 -0.0118698
v -0.0708877 0.144046 -0.0149085
v 0.0485127 0.0717982 0.0060005
v 0.0396048 0.0449395 0.0299924
v -0.0225421 0.0406158 0.053986
v -0.0256474 0.0388607 0.0541614
v 0.0422966 0.0454358 0.0290409
v 0.019636 0.038234 -0.0125077
v 0.0219775 0.0428553 -0.0145362
v 0.021697 0.0404273 -0.00946295
v -0.0860615 0.0799311 0.0144408
v -0.0132203 0.183972 -0.0275195
v -0.0137085 0.184912 -0.0255495
v 0.011807 0.070921 0.0542405
v -0.0639385 0.152627 0.0344811
v 0.0590921 0.057957 0.0202701
v 0.0565201 0.0511799 0.0199406
v 0.058826 0.0555038 0.0186479
v 0.0571803 0.0711077 0.00803076
v 0.0564553 0.0699515 0.00491917
v 0.0537352 0.0720273 0.006801
v 0.0565249 0.0501257 0.0155645
v 0.0583746 0.0711864 0.0130727
v 0.0598867 0.0685131 0.0161716
v -0.0637311 0.16577 -0.0601036
v -0.0623592 0.175448 -0.061486
v -0.0630212 0.17811 -0.0603936
v -0.017618 0.0389112 0.0524034
v -0.0167175 0.0336116 -0.0246254
v -0.0782173 0.16874 -0.0335643
v -0.0754295 0.170956 -0.0328799
v -0.0208911 0.185953 -0.0150374
v 0.0312988 0.0759074 0.0426991
v -0.0460949 0.152968 0.00900297
v -0.0333598 0.169864 -0.015449
v -0.0245399 0.180059 -0.018727
v -0.0271135 0.173322 -0.0185389
v -0.0802943 0.0717024 0.0159953
v -0.0448823 0.15053 0.00764517
v -0.061407 0.172688 -0.0582657
v -0.0625417 0.176795 -0.0578218
v -0.0625142 0.172131 -0.0527881
v 0.0249756 0.0426446 -0.00701699
v -0.0288615 0.0353967 0.01735
v -0.0348346 0.0347214 0.0345782
v -0.0298032 0.034287 0.0163531
v -0.0316939 0.102613 -0.0223523
v 0.0217473 0.121185 0.0308788
v 0.0190679 0.121449 0.0319684
v 0.0152633 0.0715719 0.0527174
v -0.0627445 0.163975 -0.0593983
v -0.0882062 0.0944857 0.023744
v -0.0887605 0.0970374 0.021079
v -0.0888264 0.0904833 0.0212047
v -0.0308929 0.047409 -0.024954
v 0.0444501 0.0818469 0.0245529
v 0.0408248 0.0951702 0.0286579
v -0.0737957 0.108956 0.0392172
v 0.0451614 0.0710304 0.0225307
v -0.0455699 0.146636 0.00565142
v -0.0418041 0.155821 0.00645482
v -0.0427642 0.157275 0.00520162
v -0.0441112 0.092884 -0.0223732
v -0.0510791 0.0938928 -0.0217617
v -0.0511396 0.0966176 -0.0220951
v -0.0114404 0.0376408 0.0502757
v -0.010424 0.0384886 0.00622927
v -0.0165564 0.0382865 0.0102158
v -0.0142517 0.038648 -0.00430304
v -0.052369 0.146829 0.0189347
v -0.0315358 0.0447404 -0.0280794
v 0.0383359 0.0388308 0.00309381
v -0.00737751 0.0389884 0.0489294
v -0.0416014 0.15978 0.00353747
v 0.0407215 0.0784755 -0.008213
v -0.0377768 0.155519 0.00437008
v -0.083561 0.152559 0.00768067
v -0.0788761 0.15347 0.00398758
v -0.083212 0.150721 0.00421285
v 0.0414774 0.0855094 -0.0091575
v -0.0713953 0.124688 -0.00859442
v -0.0367521 0.158021 0.0041862
v -0.00924893 0.177259 -0.0282702
v -0.00958372 0.174261 -0.0283908
v -0.0378854 0.161997 0.00024686
v -0.0610805 0.168338 -0.0591921
v -0.0283987 0.180707 -0.00784695
v -0.0728232 0.145106 -0.0156547
v -0.0349983 0.0523316 -0.0103474
v -0.0434653 0.124511 0.0225189
v -0.0760033 0.163613 -0.0180211
v -0.0769039 0.16708 -0.0269314
v -0.0774095 0.162605 -0.0207546
v -0.013469 0.162994 -0.012
v -0.0407506 0.0492851 -0.0112862
v -0.0154515 0.185976 -0.0247959
v -0.0880896 0.111355 0.0185161
v -0.0467556 0.132843 0.00812128
v -0.0515957 0.0844221 -0.021601
v -0.0526758 0.0882207 -0.0218863
v -0.0489848 0.0907318 -0.0218172
v -0.0878293 0.143515 0.0357077
v -0.0894082 0.143528 0.0309248
v -0.0891103 0.138514 0.0376588
v -0.0637571 0.159122 -0.0501557
v -0.0869911 0.0864447 0.022421
v -0.0893851 0.099024 0.0175218
v -0.0623726 0.15313 -0.0289971
v -0.0620593 0.156978 -0.0337846
v -0.0615914 0.156816 -0.0259456
v -0.0617687 0.16068 -0.0340463
v -0.0618797 0.160004 -0.0258063
v -0.0920196 0.116115 0.0358427
v -0.0603184 0.038443 0.0452459
v -0.0629283 0.0390617 0.0427077
v -0.0620019 0.036435 0.0439189
v -0.0852366 0.110774 0.0245377
v -0.0861615 0.108386 0.0182449
v -0.0601135 0.0355504 0.0449076
v -0.0178705 0.0382039 0.0202432
v -0.0257981 0.037865 0.0199815
v -0.0852702 0.105518 0.0232909
v -0.0841234 0.10832 0.024731
v -0.0935758 0.124746 0.0262133
v -0.0926014 0.130187 0.0251836
v -0.0432268 0.0462636 -0.0117717
v -0.091282 0.133119 0.0246886
v -0.0623119 0.163711 -0.040624
v -0.0893132 0.13653 0.0304588
v 0.055859 0.0629102 0.00069037
v -0.0926747 0.117019 0.0118895
v 0.0242519 0.0564575 -0.0242548
v 0.0350477 0.0409739 0.0269704
v 0.0289484 0.03916 0.0272348
v 0.0335841 0.0383039 0.0229287
v -0.0336564 0.0343441 0.0369141
v -0.0419132 0.0344677 0.0332
v 0.0301453 0.086284 -0.0204081
v 0.0353588 0.0874389 -0.017109
v -0.00922961 0.173145 -0.0241977
v -0.00869604 0.172916 -0.0267088
v -0.0930398 0.120264 0.0112168
v -0.0922377 0.124885 0.0407865
v -0.0897713 0.129049 0.043023
v -0.0544734 0.0459375 0.0236126
v -0.0628296 0.151895 -0.00923734
v 0.0185057 0.0382941 -0.0171365
v -0.05183 0.0485687 0.021647
v -0.0326057 0.0612646 -0.015453
v 0.0166386 0.0381961 -0.0198849
v 0.0139503 0.03488 -0.0186129
v 0.00088 0.0992349 -0.0243557
v 0.00698324 0.0977301 -0.0248003
v 0.00260403 0.0969427 -0.0284071
v 0.0378147 0.0796982 -0.0132896
v 0.038302 0.0845491 -0.0144788
v 0.0365239 0.0819917 -0.0162296
v 0.0326004 0.0537075 -0.0110062
v 0.0357067 0.056083 -0.00899933
v 0.0332056 0.0510206 -0.00723825
v 0.0120092 0.0359619 -0.0217358
v -0.086723 0.0999172 0.00355371
v 0.0373786 0.0730934 -0.0126354
v 0.0349818 0.0677408 -0.0156832
v 0.0335054 0.0728099 -0.0170348
v -0.0264167 0.044674 -0.0282097
v -0.0851063 0.0851766 0.0256794
v -0.0883665 0.113619 0.00582278
v -0.0526254 0.0504346 0.0290467
v -0.0880011 0.0866264 0.0154667
v 0.0410733 0.0887243 -0.00978794
v 0.0386482 0.0901533 -0.0125497
v -0.00663966 0.102222 -0.0235193
v -0.00853698 0.0999212 -0.0243511
v -0.0124299 0.10286 -0.0238225
v -0.061298 0.0339002 -0.00932166
v -0.0637159 0.0337769 -0.00800656
v 0.0281477 0.0787854 -0.0224325
v 0.0306849 0.0757269 -0.0207781
v 0.0389971 0.0970882 -0.00777993
v 0.0354074 0.0981888 -0.012009
v 0.036684 0.100996 -0.00984859
v -0.0529098 0.0570431 0.0209884
v -0.089578 0.120783 0.00352291
v -0.0901995 0.116575 0.00567549
v 0.0355381 0.076063 -0.0144348
v -0.0874265 0.0954695 0.00403124
v 0.0347459 0.0632613 -0.0146467
v 0.0381111 0.0648118 -0.011142
v 0.0249907 0.0658973 -0.0235683
v 0.0292165 0.0678502 -0.0204186
v 0.0282048 0.0643913 -0.020698
v -0.0908217 0.122769 0.00609985
v -0.0417355 0.126876 -0.0041742
v -0.0421215 0.128251 0.00107515
v -0.0370538 0.127151 0.00035474
v -0.00438224 0.126408 -0.00694952
v 0.00356411 0.127649 -0.00446724
v -0.00238501 0.122905 -0.0103825
v -0.0114525 0.172206 -0.026845
v -0.0109066 0.176493 -0.0292463
v -0.0117034 0.0973557 0.0515921
v 0.0202503 0.0370332 0.0393272
v 0.0236821 0.0397625 0.0371488
v -0.0896073 0.139711 0.0293086
v -0.0896411 0.138419 0.0341418
v 0.0370272 0.0939496 -0.011674
v 0.02974 0.0525384 -0.016225
v 0.0297407 0.0503247 -0.0139909
v -0.0907585 0.142234 0.0260081
v 0.0172098 0.0352594 -0.0146852
v -0.0714337 0.0775735 0.0380608
v -0.0655454 0.0744304 0.0391681
v -0.0177662 0.185723 -0.0230493
v -0.0248333 0.095858 -0.0251621
v -0.0190475 0.0965621 -0.0275799
v -0.0257811 0.0937782 -0.0283882
v 0.0402816 0.0726371 -0.0092881
v 0.0399096 0.0681717 -0.00956982
v -0.0797906 0.103517 -0.00662754
v -0.0746838 0.107861 -0.00904771
v 0.0407062 0.0644753 -0.00559203
v 0.0359151 0.0599164 -0.0119665
v 0.0284549 0.0480674 -0.0128472
v 0.0292078 0.0474502 -0.00850818
v -0.0112434 0.164575 -0.0182408
v -0.0776935 0.17368 -0.0414787
v -0.0786996 0.173139 -0.0427205
v 0.0388294 0.0598398 -0.00642525
v 0.0166885 0.0369766 0.0430006
v 0.0222916 0.0370533 0.033101
v 0.0191282 0.0356406 0.0366423
v -0.0610517 0.0443922 0.0124219
v -0.057853 0.0464445 0.0110626
v -0.0505952 0.0499233 0.0191741
v -0.00534863 0.033829 -0.0226004
v 0.00140857 0.034782 -0.0232652
v 0.00648435 0.034293 -0.0208549
v 0.0388386 0.0578083 -0.00525848
v 0.0384634 0.0549348 -0.00618225
v -0.039207 0.0815364 -0.020571
v -0.0357498 0.0772483 -0.019374
v -0.0654728 0.0456276 0.00455754
v -0.0622494 0.0465401 0.00719035
v -0.0577131 0.0487178 0.00727651
v -0.0911608 0.141444 0.0156739
v -0.0713028 0.113254 0.0494445
v -0.0651714 0.0372895 0.0259538
v -0.0644158 0.0412838 0.0282435
v -0.063087 0.0396142 0.0251816
v -0.0197067 0.0929173 -0.0346369
v -0.0187722 0.089838 -0.0369917
v -0.0232858 0.089468 -0.0360272
v 0.0344002 0.10503 -0.0102249
v 0.0330813 0.102734 -0.0127872
v -0.078022 0.0709952 0.0213221
v 0.0434225 0.0918604 0.0245384
v -0.0800504 0.116704 0.0487625
v -0.0788492 0.118674 0.0506229
v -0.0157822 0.10073 -0.0237241
v -0.00589038 0.0347906 -0.0242245
v -0.00318366 0.0362299 0.0478731
v 0.0232458 0.0627925 -0.025048
v -0.0381195 0.0641623 -0.0138291
v -0.0415582 0.069774 -0.0167741
v 0.024989 0.0381046 0.0294296
v -0.0171422 0.0980575 -0.0249243
v -0.062682 0.167441 -0.0457139
v -0.051904 0.0461001 0.0194213
v -0.0523898 0.0454491 0.0176863
v 0.0417725 0.069568 -0.0061596
v -0.0491046 0.136669 0.019314
v -0.0100909 0.0982296 -0.0277314
v -0.00308697 0.0984025 -0.0274032
v -0.00820851 0.0967774 -0.0308098
v 0.0203568 0.0436624 -0.0204563
v 0.0529064 0.0652305 -0.00051112
v 0.0531241 0.0590124 -0.00288538
v 0.0500008 0.0616121 -0.00346499
v 0.0319093 0.064657 -0.0184734
v -0.0894308 0.147306 0.027695
v 0.03673 0.111168 0.00386706
v 0.0172528 0.0443356 -0.0230672
v -0.00850653 0.039029 -0.0130008
v -0.0192888 0.0387626 -0.0142026
v -0.0111132 0.0382903 -0.0156464
v -0.0393432 0.0354402 0.0424926
v -0.0407603 0.0346682 0.0404925
v -0.0862271 0.114668 0.0022102
v -0.042466 0.0341891 -0.0272606
v -0.0389211 0.0337674 -0.0290426
v -0.0732425 0.152313 -0.0357035
v -0.0740844 0.149877 -0.0326101
v -0.0838907 0.0807895 0.00229514
v -0.0358749 0.034776 -0.0308452
v 0.0413188 0.0994967 0.0242757
v 0.00382492 0.0361292 -0.0238781
v -0.053342 0.144012 0.0242614
v 0.00225443 0.0364115 -0.014784
v 0.00827406 0.0356452 -0.0126487
v 0.00445226 0.0377052 -0.0129577
v -0.0624253 0.0418857 0.0146468
v -0.00173592 0.0922442 -0.0343105
v -0.00641199 0.0928762 -0.0348176
v -0.00082448 0.0951651 -0.0320563
v 0.0420807 0.0634806 -0.00254053
v 0.0443265 0.0908181 0.0220975
v 0.0541142 0.0477731 0.017484
v -0.0387911 0.0852327 -0.0219176
v -0.0354702 0.0801961 -0.0223259
v -0.0521159 0.141799 0.0205103
v -0.0514927 0.137964 0.0236622
v -0.0815428 0.0779507 0.0267273
v -0.0835398 0.0811696 0.0270141
v -0.0817395 0.0768613 0.0233136
v -0.0419336 0.0884634 -0.0221264
v -0.0365534 0.0853162 -0.0225762
v 0.0526631 0.0476736 0.0212013
v -0.025964 0.033487 -0.0263211
v -0.0332411 0.0335788 -0.0267194
v -0.0331644 0.0336065 -0.0297219
v 0.0191201 0.0471677 -0.0221147
v -0.0635418 0.163321 -0.025913
v -0.0347079 0.0840359 -0.0243023
v -0.0681924 0.174398 -0.0453659
v -0.0641242 0.179536 -0.0587304
v -0.0647938 0.178853 -0.0558833
v -0.0647604 0.153116 -0.00203712
v -0.0726184 0.143681 -0.0109871
v -0.0765956 0.177532 -0.0471181
v -0.0453345 0.128915 0.00158191
v -0.0450775 0.131244 0.0111458
v 0.0568476 0.0720172 0.0171394
v 0.0543594 0.0714673 0.0213812
v -0.0730191 0.156021 0.0224193
v -0.0725055 0.154595 0.0295888
v -0.0259196 0.182728 -0.0135411
v -0.0620994 0.154067 0.0308374
v -0.0678186 0.154544 0.0302337
v 0.0558885 0.0725792 0.0106696
v 0.0549194 0.0731616 0.0152236
v 0.0540165 0.0728839 0.018678
v 0.0507817 0.0721552 0.0206802
v -0.0340229 0.175971 -0.00372716
v 0.0515371 0.0734967 0.0126987
v 0.0505227 0.0733979 0.0161669
v 0.0517462 0.0728972 0.00906474
v 0.0482069 0.0726986 0.0169946
v -0.0341511 0.174428 -0.0133126
v 0.0474469 0.0736914 0.01243
v -0.0327157 0.108966 -0.0189414
v -0.0621161 0.156008 0.0180344
v -0.0318288 0.126391 0.0100134
v -0.0609232 0.0386218 0.0224689
v -0.0849704 0.153223 0.0126545
v -0.061121 0.155697 0.022517
v -0.0657397 0.155653 0.0260176
v -0.0400811 0.126284 0.0196072
v -0.0353017 0.125478 -0.00315428
v -0.0337615 0.126179 0.00171323
v -0.0305435 0.124779 0.00109834
v -0.0707315 0.1557 0.00690582
v -0.0437932 0.169555 -0.00730264
v -0.066096 0.155325 0.00715618
v -0.0677805 0.156145 0.0142763
v -0.0616417 0.15582 0.0110998
v -0.0362236 0.127775 0.00985015
v -0.0429306 0.129284 0.00927007
v -0.0375385 0.127441 0.0153209
v -0.0666052 0.164774 -0.0206708
v -0.0376065 0.124226 0.0243135
v -0.092595 0.119438 0.0268029
v -0.0635381 0.043524 0.037974
v -0.0512433 0.0642392 0.034258
v -0.0513079 0.0605217 0.0314349
v -0.0753909 0.179528 -0.052402
v -0.0775872 0.177179 -0.0502211
v -0.0430456 0.127851 0.0168423
v -0.0442863 0.126066 0.0207952
v -0.0695406 0.153085 0.0338657
v -0.0595824 0.156233 0.00792099
v -0.0650474 0.179991 -0.0597586
v -0.0685312 0.1563 0.0209977
v -0.0653204 0.153903 0.00091386
v -0.00205167 0.100935 0.0456259
v -0.0755369 0.159771 -0.0104386
v -0.0631173 0.154254 0.00297304
v -0.027597 0.169798 -0.0181704
v -0.0891465 0.136505 0.0259528
v -0.0702223 0.151435 0.0367189
v -0.0604836 0.15568 0.00433438
v -0.0645587 0.0396399 0.0394115
v -0.0654885 0.0409378 0.0353155
v -0.0668041 0.0373777 0.0332963
v -0.0254117 0.124725 0.00012886
v -0.0391896 0.128282 0.00503463
v -0.0647926 0.0417245 0.0316169
v 0.0303004 0.115536 0.028685
v -0.0258099 0.0888896 -0.0350823
v -0.0269641 0.0845128 -0.0363617
v -0.0291645 0.0853934 -0.0336668
v 0.036102 0.112661 0.0104918
v -0.0862527 0.101068 0.0254138
v -0.0874055 0.102052 0.0220204
v 0.0335683 0.115237 0.0217984
v -0.0791299 0.167366 -0.0355062
v 0.0336635 0.115742 0.0171813
v -0.0433098 0.0556568 -0.0114021
v -0.0413623 0.0616373 -0.0128138
v -0.0575206 0.158776 0.00416212
v 0.0343259 0.111933 -0.00224065
v 0.0265792 0.117024 0.0308679
v 0.0261481 0.120147 0.027308
v -0.0671565 0.0419729 0.0102409
v -0.0673065 0.0441768 0.00759583
v 0.0148016 0.0990409 -0.0228429
v 0.0135335 0.102554 -0.0215793
v 0.0186607 0.100308 -0.0221273
v 0.0328773 0.116915 0.00929575
v 0.0304446 0.118864 0.0208218
v 0.0286757 0.119596 0.0245459
v 0.0328199 0.116556 0.00444586
v 0.0292531 0.120577 0.0122993
v 0.0264881 0.122303 0.0203981
v 0.0308357 0.115542 -0.00317855
v 0.0315019 0.117252 0.00168551
v -0.0852698 0.102678 0.00139356
v -0.0677877 0.180889 -0.058191
v -0.0681362 0.180061 -0.058816
v 0.0291306 0.120274 0.00611175
v 0.0233371 0.123534 0.0248741
v -0.0472901 0.130554 0.00169091
v -0.0910787 0.11506 0.0401418
v 0.0203588 0.124487 0.0259063
v -0.00215139 0.0994374 0.0498497
v 0.0253435 0.123747 0.00998188
v 0.0240003 0.124688 0.0155179
v 0.0215035 0.12564 0.0212526
v 0.0168311 0.124871 0.0284256
v 0.0257259 0.121227 -3.615E-05
v 0.0242466 0.123778 0.00487645
v 0.0190122 0.127362 0.0177866
v 0.0169816 0.12715 0.0229315
v 0.0210698 0.124978 0.00109981
v -0.0417718 0.103967 -0.0208329
v -0.0851489 0.139655 0.00248085
v -0.0324919 0.0571963 -0.0121047
v -0.0341082 0.0614666 -0.0130531
v -0.0572196 0.0570005 0.00491758
v -0.0231229 0.0945159 0.0473589
v -0.0651466 0.0359457 0.0397751
v -0.0785977 0.174416 -0.0466076
v -0.0554366 0.0594203 0.023019
v -0.0581676 0.0599852 0.0226061
v -0.0182239 0.0974946 0.0468479
v -0.0323321 0.0486728 0.042524
v -0.0344539 0.044564 0.045423
v -0.0320436 0.0504618 0.0393415
v -0.0291748 0.0522645 0.0376373
v -0.072145 0.0915565 0.0414948
v -0.0517058 0.0524708 -0.00740472
v -0.0464712 0.0513043 -0.00982998
v -0.0390882 0.16872 -0.0119247
v -0.0203215 0.0939996 0.0515885
v -0.0262732 0.0776312 0.0483562
v -0.0239444 0.0788001 0.0535347
v -0.0272291 0.0879915 0.0479097
v -0.0581052 0.066466 -0.0100443
v -0.0274126 0.0732694 0.0426414
v -0.0241876 0.0722691 0.0476811
v -0.0497634 0.0562412 0.0336243
v -0.0254392 0.0906779 0.0488523
v -0.0565721 0.124803 -0.00718857
v -0.0216927 0.038266 0.00451008
v -0.0277909 0.0380629 0.00793761
v -0.0320742 0.0383234 -0.00042109
v -0.0305578 0.0886259 -0.0275507
v -0.0228516 0.090635 0.0522805
v -0.0741135 0.0994425 0.0383377
v -0.0202684 0.0622668 0.0482121
v -0.0375015 0.0427367 0.0429884
v -0.0698556 0.100279 -0.0148478
v -0.0239883 0.0859956 0.0537164
v -0.04858 0.166892 -0.00252561
v -0.0214811 0.0741945 0.0528577
v -0.0773783 0.157643 -0.0141336
v -0.0764239 0.157363 -0.00903546
v -0.0838825 0.133315 0.0491135
v -0.0375011 0.0402219 0.0442966
v -0.024982 0.0817776 0.0534211
v -0.0640672 0.0901722 -0.0188555
v -0.0641148 0.0955099 -0.0181146
v -0.0609599 0.094173 -0.0190157
v -0.069481 0.0856565 -0.0171984
v -0.0692014 0.0930392 -0.0164861
v -0.0670692 0.0911446 -0.017426
v -0.0550472 0.0527676 -0.00394613
v -0.0526264 0.0600438 -0.00895669
v -0.0529785 0.0595538 0.0262119
v -0.0560014 0.0618307 0.0279312
v -0.034334 0.0409236 0.0484258
v -0.0518874 0.0533247 0.0287056
v -0.0314878 0.0469302 0.0452532
v -0.0547073 0.0634616 0.0316706
v -0.0200181 0.0675693 0.0515653
v -0.0769873 0.153694 -0.00229708
v -0.0838375 0.139279 0.0448938
v -0.0822277 0.145138 0.0406001
v 0.0256203 0.118807 -0.00503308
v -0.0824039 0.121866 0.049365
v -0.0838036 0.125611 0.0504405
v -0.0863891 0.121685 0.0484124
v -0.066392 0.0377124 0.0296219
v -0.0835778 0.120526 0.0491775
v -0.0841508 0.12955 0.0504837
v -0.0861536 0.127356 0.048564
v -0.0345026 0.07613 -0.0223731
v -0.077645 0.0822149 0.0357977
v -0.0764407 0.0775111 0.0337483
v -0.0712065 0.0386086 0.00077218
v -0.072474 0.0362559 0.00155326
v 0.0313523 0.0426493 -0.0046745
v 0.0353499 0.041257 -0.00280751
v -0.077216 0.0855949 0.0374208
v -0.085176 0.117068 0.0481394
v -0.0866051 0.132268 0.046783
v -0.0750974 0.0900736 0.039581
v -0.0637573 0.102511 -0.0174844
v -0.0657286 0.107098 -0.0143177
v -0.0605108 0.107484 -0.0170423
v -0.0800698 0.0905861 0.0345931
v -0.0887637 0.119449 0.0465601
v -0.082711 0.11649 0.0485185
v -0.0666429 0.160409 -0.0568427
v -0.0559282 0.0359173 0.0463761
v -0.02373 0.101862 -0.0238364
v -0.0217305 0.098411 -0.0243069
v -0.0716936 0.039461 0.0060145
v -0.0696372 0.0418813 0.00318258
v -0.0825065 0.127655 -0.00467964
v -0.0834485 0.133933 -0.00168732
v -0.0806511 0.131199 -0.00443978
v -0.0869906 0.138123 0.0423165
v 0.0198385 0.0965189 -0.0227859
v 0.0239112 0.0980217 -0.0208073
v 0.023088 0.0939987 -0.0222107
v -0.0658856 0.0350251 0.0294165
v -0.0532884 0.0519258 0.0117303
v -0.0797393 0.136069 -0.00414821
v -0.0717522 0.0367894 0.00869667
v -0.0711659 0.0393663 0.00811421
v -0.0699973 0.0420731 0.00668978
v -0.0882521 0.126927 0.0461413
v -0.033897 0.0570253 -0.0110476
v -0.0328755 0.0516776 -0.0108887
v -0.0653521 0.0992946 -0.0168201
v -0.066727 0.0358958 0.0338494
v -0.0789083 0.0948309 0.0354355
v -0.0652971 0.034779 0.0337443
v -0.0869704 0.0889121 0.0248799
v -0.0863471 0.0917221 0.0268111
v -0.0858563 0.0970254 0.027415
v -0.0690003 0.0384677 0.0107689
v -0.0569964 0.157417 0.00060244
v -0.069209 0.0354548 0.0120421
v -0.0838123 0.0863377 0.0292233
v -0.0837988 0.102907 0.0280383
v -0.0670064 0.0632929 -0.00174939
v -0.0757294 0.10354 0.036071
v -0.0672534 0.0381422 0.013534
v -0.0834181 0.0941274 0.0308984
v -0.042819 0.162202 -0.0103375
v -0.0576769 0.0862583 -0.0210983
v -0.0555226 0.0819276 -0.0213538
v -0.0803793 0.0978007 0.0336457
v 0.00173239 0.0344597 -0.0166079
v -0.0422768 0.0949826 -0.0225624
v 0.0214436 0.122738 -0.00293167
v -0.085986 0.146709 0.034827
v -0.0641608 0.0359008 0.0176876
v -0.0812214 0.0810032 0.0312558
v -0.081704 0.101672 0.0309397
v -0.0186857 0.186896 -0.0202487
v -0.0536442 0.0493582 0.0122019
v -0.0859188 0.142634 0.0398498
v -0.0637546 0.0382501 0.0165935
v -0.0810338 0.0846982 0.0331064
v -0.0791267 0.106199 0.0320507
v -0.0772089 0.107159 0.0347383
v -0.00278728 0.105775 -0.022459
v -0.00320784 0.109621 -0.0215239
v 0.0025822 0.107476 -0.020606
v -0.0743148 0.137617 -0.00666988
v -0.0785789 0.140501 -0.0046031
v -0.0758293 0.142446 -0.005809
v -0.0790026 0.0763393 0.0292481
v -0.0317141 0.0351115 -0.030659
v -0.0265689 0.0346958 -0.0291138
v -0.00639347 0.105245 -0.0228419
v -0.0911321 0.122821 0.0441152
v -0.0455306 0.0985108 -0.0217295
v -0.0518153 0.163926 0.00174888
v -0.0289311 0.0792476 -0.0350498
v -0.026082 0.0761913 -0.0367802
v -0.0261201 0.0711775 -0.0354515
v -0.0793348 0.125607 -0.00611759
v 0.00958873 0.0342072 -0.0154241
v 0.00628135 0.0341658 -0.0187642
v -0.0627867 0.112742 -0.0136054
v -0.0777215 0.113559 0.048156
v 0.00185274 0.113034 -0.0197943
v -0.0885635 0.116245 0.0453928
v -0.0272332 0.080571 -0.0366207
v 0.0289903 0.0446979 -0.0061863
v -0.0634289 0.171854 -0.0614122
v 0.016387 0.114023 -0.0154969
v 0.021713 0.109563 -0.0150811
v 0.0167326 0.109912 -0.01702
v -0.00835625 0.113736 -0.0182398
v -0.0123544 0.115568 -0.0164869
v -0.00668781 0.117472 -0.0153593
v -0.0655936 0.176657 -0.0605047
v -0.00536083 0.112894 -0.0196133
v -0.007824 0.109241 -0.0221857
v -0.00910873 0.111417 -0.0205432
v 0.00721296 0.12722 -0.00520737
v 0.00941359 0.121219 -0.0129378
v 0.00641549 0.117902 -0.0162827
v 0.00446517 0.12044 -0.0139314
v 0.0530564 0.0697088 0.00312914
v 0.00734468 0.0945096 -0.0296832
v 0.0242497 0.102662 -0.0183138
v 0.0287231 0.0979432 -0.0174973
v -0.0701217 0.168826 -0.0511736
v -0.0598312 0.0428423 -0.00664691
v -0.0740044 0.178185 -0.0539163
v -0.0724555 0.176107 -0.0535354
v -0.0254456 0.0602086 -0.0308647
v -0.0220432 0.053612 -0.0301356
v -0.0697805 0.159386 -0.0494182
v -0.0683826 0.159802 -0.0542088
v -0.074551 0.172187 -0.047551
v -0.0711565 0.163351 -0.0453605
v -0.077153 0.173787 -0.0478676
v -0.0735026 0.168719 -0.0447918
v -0.0713515 0.157271 -0.0421831
v -0.0710573 0.154769 -0.0457785
v -0.0742266 0.16437 -0.0382403
v -0.0311334 0.0496073 -0.0194069
v -0.0776967 0.170279 -0.0431179
v -0.0790877 0.170445 -0.0413732
v -0.0728962 0.15835 -0.0341094
v -0.0776772 0.16611 -0.0367773
v -0.0735485 0.161208 -0.0352884
v 0.00446304 0.124273 -0.00942914
v 0.0129339 0.118873 -0.0139794
v 0.0116208 0.11549 -0.0163857
v -0.0602553 0.0447496 -0.00413162
v -0.0661224 0.0423413 -0.00275388
v -0.0718116 0.148613 -0.0346395
v -0.0733866 0.154634 -0.0299438
v -0.0293311 0.114762 -0.0158446
v -0.0337154 0.111516 -0.0180784
v -0.0295706 0.117139 -0.0136755
v 0.0251308 0.0345469 0.0110126
v 0.0208979 0.0359371 0.0087849
v 0.0213247 0.034624 0.0056444
v 0.0104736 0.0347426 -0.0112629
v 0.0119662 0.0343354 -0.00595713
v 0.00741471 0.0346592 -0.00301168
v -0.0151658 0.117981 -0.0144655
v -0.0125018 0.106344 -0.0223602
v -0.0265403 0.065084 -0.0316649
v -0.0290875 0.0729246 -0.0333545
v -0.0309788 0.0770209 -0.0328165
v -0.0312257 0.0804131 -0.0321823
v -0.0785778 0.164206 -0.0318259
v 0.0347429 0.0922741 -0.0156546
v 0.0315554 0.0924847 -0.0182043
v -0.0286807 0.0682835 -0.0306102
v -0.031184 0.0739895 -0.0303399
v -0.0233702 0.0933928 -0.0320318
v -0.0277084 0.0900813 -0.0319115
v -0.030734 0.0854276 -0.0305067
v -0.0756407 0.159304 -0.0269085
v 0.00713465 0.114682 -0.0183456
v 0.0105066 0.100877 -0.0221095
v 0.00627231 0.0999104 -0.0222969
v 0.00710302 0.101912 -0.021231
v -0.0303249 0.0676947 -0.0276549
v -0.033211 0.0768732 -0.0277084
v -0.0325906 0.0819427 -0.0291002
v -0.0786407 0.163872 -0.0283878
v -0.0284257 0.0621996 -0.0279385
v -0.0332587 0.0796217 -0.0271461
v -0.0742302 0.156527 -0.0251671
v -0.0290548 0.0610841 -0.0249182
v -0.0326066 0.0719556 -0.0248666
v -0.0782003 0.160732 -0.0239997
v -0.00067307 0.101199 -0.0228578
v -0.0275459 0.0540216 -0.0251474
v -0.0310669 0.0650589 -0.0227511
v -0.0442159 0.0361315 -0.0242522
v -0.0455329 0.0347365 -0.0213632
v -0.0422969 0.0362919 -0.0272536
v -0.0410515 0.0415286 -0.024061
v -0.0381503 0.0424666 -0.026894
v -0.0296471 0.0581043 -0.0213113
v -0.0812687 0.108794 0.0294407
v -0.0457521 0.163408 -0.00817805
v -0.04864 0.164725 -0.00505915
v -0.0760414 0.156631 -0.0214205
v -0.0306039 0.0380385 -0.0301238
v -0.00684782 0.0364445 -0.0251771
v 0.00322223 0.0387084 0.0258988
v 0.00524969 0.0395071 0.0332712
v -0.00264419 0.0387271 0.0251313
v -0.0759178 0.149977 -0.0168421
v 0.0134731 0.124299 -0.00683614
v 0.00941157 0.123503 -0.0098291
v -0.044993 0.039017 -0.0210978
v -0.0341905 0.047514 -0.0223015
v -0.0340162 0.0721013 -0.0208232
v -0.0345886 0.044745 -0.0271229
v -0.0736793 0.14786 -0.0202363
v -0.0758047 0.151345 -0.0198812
v -0.0749823 0.154078 -0.0189745
v -0.0749241 0.15273 -0.0193974
v -0.0161317 0.182988 -0.0260372
v -0.0184057 0.178431 -0.0242196
v -0.0214163 0.179777 -0.0217325
v -0.0464626 0.0368003 -0.0177787
v -0.0148462 0.0350709 -0.0260719
v -0.0772067 0.1564 -0.0189725
v -0.0232988 0.183243 -0.017923
v -0.0440313 0.0419491 -0.017994
v -0.0302714 0.0521061 -0.0176761
v -0.0308094 0.056998 -0.017835
v -0.0568107 0.0338739 -0.0111663
v -0.0776504 0.15658 -0.0165992
v 0.0291027 0.102475 -0.0157684
v 0.0319129 0.0998701 -0.014621
v -0.0278902 0.104407 -0.0228309
v -0.07461 0.147278 -0.0141724
v -0.0451865 0.0424534 -0.0141936
v -0.0312895 0.0552086 -0.0143878
v 0.0259415 0.115764 -0.00821939
v 0.0266662 0.112686 -0.0105095
v 0.0204615 0.115154 -0.0131038
v -0.0469123 0.0346272 0.0397397
v -0.0776188 0.0739991 -0.00532635
v -0.0742914 0.0748084 -0.00935379
v -0.0720716 0.0715382 -0.00747144
v -0.0838178 0.111091 0.0285245
v -0.0754277 0.152012 -0.0143937
v -0.0469906 0.0388924 -0.0140169
v -0.0313831 0.0517913 -0.0138868
v 0.00437145 0.103919 -0.0215151
v -0.0104112 0.0945923 -0.0337849
v -0.0150781 0.0938634 -0.0343173
v 0.0283222 0.10848 -0.0126234
v 0.0253192 0.109317 -0.0135797
v -0.0765378 0.153449 -0.0128987
v -0.0732631 0.0799838 -0.0137499
v -0.0769758 0.0829359 -0.0114506
v -0.0739454 0.0843749 -0.0151545
v -0.0338324 0.0351688 0.0469579
v -0.0172244 0.0952141 -0.0320853
v -0.0327484 0.177599 -0.0116275
v 0.0116693 0.127202 -0.00318509
v 0.00397347 0.0382086 -0.00379635
v 0.00232623 0.0353482 0.0023246
v -0.0008114 0.0374242 0.00477215
v -0.0764813 0.148274 -0.00893762
v -0.0777706 0.0878448 -0.0116948
v -0.0800436 0.0920802 -0.00941982
v -0.0760467 0.0910373 -0.0136432
v -0.0787515 0.0952403 -0.0106007
v -0.0282124 0.111169 -0.0180019
v -0.0769229 0.153514 -0.00907856
v -0.0797237 0.0842267 -0.00876086
v -0.081415 0.0971003 -0.00687458
v -0.0758629 0.150713 -0.0090209
v -0.0130349 0.110029 -0.0201612
v -0.0807283 0.0882042 -0.00780031
v -0.0261606 0.1231 -0.00447355
v -0.0328217 0.123005 -0.00590883
v -0.0213995 0.0347951 -0.0279588
v -0.0249541 0.0374411 -0.0291527
v 0.0162243 0.0864804 -0.028952
v 0.013097 0.0911265 -0.0292698
v 0.0167472 0.090114 -0.0271272
v -0.0168038 0.0397538 -0.0275654
v -0.0829428 0.0932917 -0.00618563
v 0.0158002 0.119966 -0.0114156
v -0.0746388 0.143985 -0.00715046
v 0.0190766 0.0918706 -0.0248902
v 0.022674 0.086606 -0.0249255
v 0.0488059 0.0684578 0.00169529
v -0.0237569 0.0385857 -0.0110933
v -0.00809811 0.0890701 -0.0365522
v -0.0771349 0.151512 -0.0055823
v -0.0218824 0.110874 -0.0196953
v -0.027254 0.107475 -0.0212797
v -0.0792859 0.0800488 -0.00701255
v -0.0832725 0.0894767 -0.00565029
v -0.0195235 0.0385052 -0.00454345
v -0.0175879 0.114913 -0.017205
v -0.0236002 0.115138 -0.0155774
v -0.0183207 0.119686 -0.0111107
v 0.00745533 0.111968 -0.0195543
v -0.055674 0.0569839 -0.00335104
v -0.0540665 0.0599593 -0.00759922
v -0.0749015 0.0704193 -0.00228543
v -0.0827764 0.0834309 -0.0043687
v -0.0169704 0.111198 -0.0195864
v -0.0773884 0.146564 -0.0043543
v -0.0568979 0.0496556 -0.0015319
v -0.080576 0.0766078 -0.00298794
v -0.082354 0.0808763 -0.00240389
v -0.0849649 0.0899625 -0.0030068
v -0.0841668 0.0977568 -0.00327619
v -0.0809591 0.109267 -0.00201899
v -0.0760513 0.111038 -0.00627221
v -0.0585159 0.0477313 0.00021246
v -0.00707608 0.122401 -0.0113644
v -0.0669788 0.067639 -0.00680944
v -0.0720285 0.0670466 -0.00072256
v -0.0831094 0.102654 -0.00329334
v -0.0812063 0.112051 -0.00088299
v -0.0782252 0.149625 -0.00250194
v -0.0511214 0.163741 -0.00266405
v -0.063242 0.0455497 0.00048428
v -0.0544207 0.0478365 -0.00591869
v -0.0574916 0.0595302 -0.00107861
v -0.0561479 0.0619216 -0.00575411
v -0.0790612 0.0737243 -0.00084521
v -0.0850422 0.0838178 -7.764E-05
v -0.085613 0.0962771 -0.00066514
v -0.0807679 0.143014 -0.00153128
v -0.0864548 0.0869405 0.00091667
v -0.0857776 0.0917014 -4.697E-05
v -0.012083 0.122192 -0.00971209
v -0.0303071 0.0339954 0.0147064
v -0.0540569 0.156716 -0.00248659
v -0.0692421 0.0414741 0.00019289
v -0.0673152 0.044034 0.00157418
v -0.0872404 0.119672 -0.00017813
v -0.0880646 0.124968 0.00057412
v -0.0856321 0.124611 -0.00273358
v -0.086443 0.127674 -0.00148641
v 0.0258551 0.0896107 -0.0227018
v 0.0287911 0.0911573 -0.0203702
v -0.0800664 0.150396 0.00060518
v -0.0820635 0.0759937 0.00176155
v 0.0309752 0.107902 -0.0110584
v -0.0554737 0.160502 0.00137635
v -0.0798588 0.072755 0.00304202
v 0.026348 0.0845622 -0.0231517
v 0.00754467 0.0916822 -0.0316431
v 0.0117275 0.0880108 -0.0308601
v 0.0305301 0.112212 -0.00818606
v -0.00901793 0.12528 -0.0077912
v -0.0196162 0.121092 -0.00954877
v 0.021815 0.117705 -0.0100153
v 0.0426353 0.0607975 -0.00345837
v 0.0184009 0.121455 -0.00768042
v 0.0136991 0.0939142 -0.0264277
v 0.0444085 0.0697589 0.00094765
v 0.0163635 0.0343948 0.00229486
v 0.0153228 0.0362397 0.00366285
v 0.0140143 0.0357038 0.00388789
v 0.00381492 0.0390245 -0.00808273
v -0.00138969 0.0386514 0.00239665
v 0.0179048 0.106277 -0.0177293
v 0.0190169 0.104015 -0.0193331
v 0.0173729 0.10246 -0.0214877
v -0.0210005 0.123136 -0.00611901
v -0.0358851 0.1204 -0.0106405
v -0.036125 0.122867 -0.00829279
v 0.0457694 0.0646288 -0.00121661
v -0.00496131 0.0393649 0.0367022
v -0.0021999 0.112159 -0.0196587
v 0.0459973 0.0698145 0.00301433
v 0.046134 0.0592788 -0.00477696
v -0.0352833 0.0341798 0.0227449
v -0.0162404 0.125122 -0.00364997
v -0.0619936 0.150281 -0.00162971
v -0.061114 0.153052 0.00099983
v -0.0346923 0.0338287 0.0124386
v -0.0373144 0.033633 0.00457247
v -0.0594667 0.14744 -0.00188854
v -0.0586981 0.151373 -0.00065801
v -0.0254259 0.041421 -0.0292048
v -0.0277621 0.120685 -0.00901529
v -0.0121305 0.125726 -0.00520079
v 0.0396935 0.0456586 -0.00452741
v -0.0569923 0.143119 -0.0022403
v -0.0561792 0.137744 -0.00406743
v -0.056896 0.133987 -0.00562707
v -0.0500957 0.109909 -0.0185045
v -0.0478594 0.111627 -0.0174821
v -0.0455901 0.108538 -0.0187967
v -0.00030845 0.0354625 0.00826072
v -0.0601273 0.120414 -0.00937911
v -0.0543883 0.134049 -0.00399204
v -0.0336235 0.118404 -0.0119275
v 0.0125178 0.104754 -0.019916
v -0.0535901 0.124375 -0.00734704
v -0.0523144 0.121596 -0.0107981
v -0.0555781 0.115677 -0.014646
v -0.0604585 0.117556 -0.0113546
v -0.0132803 0.0376996 -0.0263918
v 0.00249604 0.0898576 -0.0336284
v -0.0521243 0.129298 -0.0041187
v -0.0507929 0.127165 -0.00481832
v -0.0565443 0.128509 -0.00620147
v -0.0489821 0.129806 -0.00132294
v -0.0499068 0.117883 -0.0144025
v -0.0480697 0.12493 -0.00840764
v -0.0489844 0.114805 -0.0159667
v -0.0477436 0.120644 -0.012813
v -0.0450826 0.122184 -0.0115694
v -0.0464595 0.12724 -0.00488433
v -0.0446974 0.117915 -0.0147259
v -0.0421481 0.124096 -0.00956025
v -0.0424595 0.113925 -0.016188
v -0.0416817 0.125751 -0.00701933
v -0.0758241 0.107949 0.0371288
v 0.00380645 0.109443 -0.0202038
v -0.0402517 0.118275 -0.0136741
v 0.0113474 0.036213 0.0446523
v -0.0398428 0.121561 -0.0115703
v -0.0382257 0.124655 -0.00732574
v 0.0500065 0.0580958 -0.00462118
v -0.0366651 0.0353042 0.023032
v 0.00994449 0.109197 -0.0194728
v -0.0372183 0.115942 -0.015173
v -0.037403 0.111508 -0.0182433
v 0.023706 0.0802404 -0.0254501
v -0.0382796 0.035429 0.0243806
v -0.0770256 0.113968 -0.00461681
v -0.0709172 0.107548 -0.0114966
v -0.0737904 0.120167 -0.00788512
v -0.0759961 0.117141 -0.00655772
v -0.0752726 0.126801 -0.00802417
v -0.0768901 0.130419 -0.00695701
v 0.0475747 0.0529436 -0.00513003
v -0.0523252 0.106148 -0.0192712
v -0.0551398 0.110516 -0.0176727
v 0.0444732 0.053293 -0.00633279
v 0.0443313 0.055818 -0.00603627
v 0.0436732 0.0501622 -0.00598435
v -0.0479574 0.072543 -0.016107
v 0.02234 0.0584922 -0.0260141
v -0.0679148 0.0801363 -0.0171282
v -0.0448539 0.15746 -0.00867316
v -0.059042 0.0990322 -0.019223
v -0.0696084 0.0723229 -0.0109344
v -0.0643926 0.0731163 -0.0153353
v -0.0644807 0.0701874 -0.0122618
v -0.0503424 0.155462 -0.00519277
v -0.0701776 0.0756633 -0.0138392
v 0.0368909 0.0473532 -0.00610571
v -0.0578468 0.104335 -0.0185257
v -0.0548133 0.0981025 -0.0214254
v -0.0582324 0.0956904 -0.020616
v 0.0386637 0.0516967 -0.00669102
v -0.0579895 0.0740179 -0.0175223
v -0.0642669 0.0335625 -0.00512532
v -0.0721462 0.134864 -0.00775922
v -0.0625818 0.0863945 -0.0191693
v -0.0552653 0.102167 -0.0198971
v -0.0545763 0.0915629 -0.0220987
v -0.0582656 0.0909264 -0.0209487
v -0.0442311 0.0776641 -0.0190266
v -0.0539945 0.0646387 -0.00932549
v 0.0336274 0.0487177 -0.00639046
v -0.0638362 0.0817046 -0.0189089
v -0.0489447 0.0790864 -0.0195757
v -0.0461242 0.105064 -0.0204576
v -0.0506479 0.0823094 -0.0213659
v -0.0456432 0.154669 -0.00729694
v -0.0448642 0.0819979 -0.0204735
v -0.0638523 0.0655723 -0.00693933
v -0.0489529 0.0562811 -0.0102209
v -0.0466503 0.059841 -0.0121358
v -0.0484515 0.0647941 -0.0130299
v -0.0450084 0.0627239 -0.0133904
v -0.0418955 0.0336683 0.02694
v -0.0603554 0.0797666 -0.0193755
v -0.0450788 0.0872611 -0.0218655
v -0.044354 0.0733722 -0.0178744
v 0.0133599 0.0393774 -0.0224963
v -0.00343565 0.0870179 -0.036461
v -0.0656099 0.07586 -0.0167501
v 0.022832 0.0670826 -0.0262975
v 0.0221044 0.0726926 -0.0269001
v -0.050911 0.100746 -0.0216194
v 0.0202845 0.0513492 -0.0248954
v -0.0457626 0.0694453 -0.0159288
v 0.019305 0.0790179 -0.027744
v 0.0199725 0.0544097 -0.0271082
v 0.0195204 0.0620648 -0.0272925
v 0.0196187 0.0670074 -0.0283561
v 0.0177581 0.0701385 -0.0294047
v 0.0157197 0.0737564 -0.0297478
v 0.0156783 0.0511693 -0.0263978
v 0.0151103 0.0598198 -0.0286458
v 0.0168421 0.0555557 -0.0282846
v -0.0211004 0.0865877 -0.0378491
v 0.0145191 0.0645955 -0.0298557
v 0.0155324 0.076587 -0.0296069
v -0.0888278 0.113592 0.0238736
v 0.013964 0.0455792 -0.0247065
v 0.0122541 0.0834567 -0.0307716
v -0.0014089 0.0361931 0.0129446
v -0.00369538 0.0381728 0.0130468
v 0.0133761 0.0486303 -0.0265515
v 0.010711 0.0546876 -0.0297675
v 0.0115741 0.0748606 -0.0313839
v 0.0114713 0.0675814 -0.0309012
v 0.0122752 0.0699339 -0.0315532
v 0.0106962 0.0798892 -0.0320096
v 0.0106377 0.0441616 -0.0249262
v 0.00816864 0.045053 -0.0251787
v 0.0101498 0.0492585 -0.0277506
v 0.0103124 0.0575865 -0.0299952
v 0.00762704 0.0620983 -0.0311358
v 0.00974128 0.0631814 -0.0311414
v 0.00518207 0.0415363 -0.0240657
v 0.00628811 0.0654164 -0.032563
v 0.00439193 0.0386744 -0.0241703
v 0.00542651 0.068248 -0.0327305
v 0.00649805 0.0707919 -0.0335253
v 0.0087503 0.0743016 -0.0333982
v 0.00733348 0.08527 -0.0328294
v 0.00665096 0.0881445 -0.0329458
v 0.0059436 0.0509767 -0.0291194
v 0.00539748 0.0583826 -0.0309038
v 0.0076016 0.0794359 -0.0337146
v 0.00683417 0.0550102 -0.0305611
v 0.0048214 0.073764 -0.0345525
v 0.00495024 0.0780272 -0.0344098
v 0.00438431 0.0458067 -0.026789
v 0.00373089 0.048128 -0.029026
v 0.00331017 0.0604568 -0.0324811
v 0.00185499 0.0846928 -0.0348385
v 0.00075831 0.0704345 -0.0344626
v 0.00128681 0.0503837 -0.0303574
v 0.00059285 0.0528679 -0.0305138
v 0.00214247 0.0555028 -0.0313344
v -0.00022828 0.0433949 -0.0251244
v -0.00020857 0.0789414 -0.0357821
v -0.00096291 0.0453782 -0.0273083
v -0.00118268 0.0594924 -0.0333609
v -0.00086614 0.0645596 -0.0344909
v -0.0045918 0.0384046 -0.0254129
v -0.00170334 0.0478192 -0.0299289
v -0.00225286 0.0739213 -0.0358872
v -0.0004271 0.0829474 -0.0363807
v -0.00440842 0.0666192 -0.0348702
v -0.00794688 0.0414899 -0.0259113
v -0.00364814 0.051869 -0.0314579
v -0.00441016 0.0827945 -0.0374672
v -0.00523259 0.055689 -0.0328402
v -0.00534334 0.0782646 -0.0374769
v -0.00592505 0.0695156 -0.0359335
v -0.00810884 0.0434391 -0.0261401
v -0.0087947 0.0470569 -0.0298816
v -0.00613534 0.0602568 -0.0346958
v -0.00738349 0.0747996 -0.0372238
v -0.0200863 0.0380645 -0.0172208
v -0.00825064 0.0451487 -0.0284411
v -0.00817975 0.0498458 -0.0310714
v -0.0085264 0.0640017 -0.0358505
v -0.00942456 0.0553992 -0.033654
v -0.0106036 0.0536029 -0.0334033
v -0.00920154 0.0595101 -0.0344371
v -0.00859921 0.0793387 -0.0379052
v -0.0105386 0.0679992 -0.0365171
v -0.010002 0.0726715 -0.0376614
v -0.0147316 0.0776407 -0.0384907
v -0.011204 0.0827133 -0.0384896
v -0.0137538 0.0518651 -0.0322435
v -0.0123182 0.0593964 -0.0352685
v -0.0132359 0.0692928 -0.0379175
v -0.0265805 0.0377426 0.0157053
v -0.0149815 0.0358782 -0.0179924
v -0.0136911 0.179147 -0.0281264
v -0.0173624 0.0432374 -0.0276652
v -0.0157484 0.0450439 -0.0278778
v -0.0144669 0.063136 -0.0368659
v -0.0309847 0.0381919 0.0323901
v -0.0160188 0.0742888 -0.0388644
v -0.0158584 0.0811656 -0.0391856
v -0.0670783 0.0338401 -0.00616883
v -0.0171844 0.0482105 -0.0297419
v -0.0168119 0.0612752 -0.0359293
v 0.0388831 0.041033 0.0249766
v -0.0179761 0.0706138 -0.0384439
v 0.00942926 0.0360304 0.00452751
v 0.00396778 0.0342002 0.00497545
v 0.00954854 0.0342326 0.0017162
v -0.0193022 0.0582248 -0.0339197
v -0.0177394 0.0662608 -0.0376573
v -0.0185021 0.0833439 -0.0390107
v -0.0211629 0.174919 -0.0219771
v -0.0627918 0.0345968 0.0235056
v -0.0643003 0.0350864 0.0242721
v -0.0202253 0.0770952 -0.0390443
v -0.0212008 0.0466571 -0.0279513
v -0.0219113 0.0671448 -0.0365358
v -0.0696855 0.0344788 0.00979843
v -0.023036 0.0727785 -0.0380726
v -0.0232001 0.0765685 -0.0383865
v -0.0231815 0.081687 -0.0383292
v -0.0804691 0.11358 0.0466434
v -0.0597122 0.0631653 0.0287892
v 0.0143227 0.0344255 0.0215932
v 0.015449 0.0348524 0.0369849
v 0.013197 0.0348358 0.031631
v 0.00852878 0.034888 0.0362651
v 0.0122242 0.0351775 0.0426206
v -0.0164714 0.0348128 0.0436847
v 0.00329066 0.0358335 0.0460246
v 0.0049172 0.0339971 0.00916661
v 0.00314923 0.0341253 0.0117622
v -0.0180315 0.03486 0.0492648
v -0.0286576 0.0350834 0.0505494
v 0.0222529 0.0365833 0.0139797
v 0.0214998 0.0358071 0.0181694
v 0.0174901 0.0346463 0.0220409
v 0.0448765 0.041231 0.0160083
v -0.00141035 0.0369999 0.016982
v 0.00170238 0.0363109 0.0211796
v -0.00109744 0.0381478 0.020427
v 0.00288879 0.0346363 0.0188498
v 0.00091714 0.0348034 0.0156347
v 0.0412613 0.0405851 0.0207519
v -0.0263231 0.034658 0.0434735
v -0.00950641 0.0383526 0.0155707
v -0.00234743 0.0359031 -0.0159297
v 0.0239308 0.0348167 0.0177392
v 0.0100874 0.0370477 0.0308225
v -0.00813059 0.0350083 0.0475024
v -0.00282619 0.0348853 0.0456114
v 0.0200812 0.0351727 0.0280188
v 0.0132792 0.0343795 0.0214237
v -0.0642122 0.0349926 0.0394019
v 0.00645525 0.0381652 -0.0101649
v 0.029859 0.0349801 0.00983493
v -0.0031105 0.0389462 -0.00277939
v -0.00943088 0.0388877 -0.00748487
v 0.00898082 0.0376394 0.0339008
v 0.0083833 0.0347487 0.0240573
v -0.0799405 0.109167 0.0341198
v -0.0852296 0.112007 0.0304169
v -0.0574341 0.0576835 0.00872597
v 0.0164394 0.0356351 0.041281
v 0.00493185 0.0348148 0.0434621
v 0.00621941 0.0351341 0.00654928
v -0.0889795 0.114509 0.028446
v 0.0323692 0.035816 0.00702463
v 0.0282486 0.0350464 0.0160167
v 0.00900165 0.0368909 0.0284822
v 0.0235895 0.0358906 0.0253377
v -0.0898226 0.113872 0.0328453
v -0.0357116 0.0358916 0.0155029
v -0.090254 0.113663 0.0377202
v 0.00752082 0.0367334 -0.00676143
v -0.0856447 0.111317 0.0342348
v 0.0158705 0.0344162 -0.00296665
v 0.0140554 0.0344834 -0.0144957
v -0.0877735 0.111814 0.0371443
v -0.00113901 0.0391768 -0.0103814
v -0.0873599 0.112483 0.0420495
v -0.00247195 0.0384088 -0.014159
v -0.0648113 0.0345306 0.0155084
v -0.0898039 0.114981 0.0427716
v -0.084747 0.110784 0.0394884
v -0.0112898 0.0395292 0.0388441
v 0.0334758 0.0364473 0.016267
v -0.00204064 0.0340539 -0.0193311
v -0.0808945 0.109672 0.0379102
v -0.0827619 0.111623 0.0442215
v -0.0843413 0.11388 0.0465135
v 0.00690643 0.0390043 0.0295485
v 0.00448168 0.0371178 0.0247553
v -0.0784498 0.109888 0.0425179
v 0.0298685 0.0362488 0.0198722
v -0.02332 0.0391695 0.0384733
v -0.0759508 0.0681706 0.018118
v -0.0695388 0.0630748 0.00357582
v -0.0770396 0.071967 0.0264051
v -0.071113 0.0627515 0.00879955
v -0.0728014 0.0643826 0.0120891
v -0.0727901 0.0643999 0.0152059
v -0.0751653 0.111543 0.0467072
v 0.00666055 0.0352047 0.0243159
v -0.0729164 0.0650574 0.0187946
v -0.0717221 0.067023 0.0249598
v -0.0741076 0.069586 0.0272644
v -0.0720361 0.111079 0.0453614
v -0.0644798 0.0606515 0.00423432
v -0.0685435 0.0610905 0.0105578
v -0.0703258 0.0633678 0.0198092
v -0.0743628 0.072437 0.03143
v -0.0590022 0.0592346 0.00261408
v -0.0690662 0.0337176 -0.00019761
v -0.0685112 0.0612146 0.0153541
v -0.0612418 0.0590074 0.00809166
v -0.0645612 0.0594841 0.0130617
v -0.0666333 0.0610017 0.0181012
v -0.0696555 0.0687284 0.0311279
v -0.0648256 0.0335059 0.00282225
v -0.066839 0.0621705 0.0215768
v -0.0708595 0.0715102 0.0338951
v -0.0713055 0.073899 0.0359698
v -0.0673308 0.0338464 0.00872663
v -0.067033 0.065146 0.0272929
v 0.00810435 0.0348429 0.0181346
v -0.0559652 0.0335299 -0.00912462
v -0.0586041 0.0334622 -0.00021667
v -0.0611494 0.0588344 0.0165394
v -0.0660807 0.0702027 0.0355529
v -0.0617774 0.0340179 0.0169006
v -0.0585814 0.0578015 0.0134295
v -0.0622257 0.0602652 0.0204493
v -0.0633664 0.0627903 0.0256476
v -0.063665 0.0660478 0.0318281
v -0.0527301 0.0334979 -0.00181175
v -0.0576806 0.0336227 0.0140403
v -0.058226 0.0666073 0.0350503
v -0.0605693 0.0711545 0.0386538
v -0.0475216 0.0336227 -0.0128046
v -0.0442658 0.0336637 -0.0219144
v -0.0394819 0.0336182 -0.0236125
v -0.0450584 0.0336005 -0.0125275
v -0.0532105 0.0335853 0.013987
v -0.062019 0.0343432 0.0318833
v -0.0463802 0.0336052 -0.00089435
v -0.0470597 0.0335019 0.00356464
v -0.054019 0.0333099 0.015848
v -0.0557406 0.0341281 0.0266744
v -0.0541854 0.0673227 0.0369356
v -0.0410915 0.034006 -0.0119975
v -0.0513509 0.0336457 0.00803294
v -0.0456759 0.0337036 0.00643003
v -0.0471043 0.0355495 0.00808039
v -0.0578894 0.0344196 0.0362658
v -0.0612634 0.0346904 0.0419949
v -0.0351991 0.0338352 -0.0205083
v -0.041271 0.0338554 -0.00188008
v -0.0369705 0.0356804 -0.0150078
v -0.0396703 0.036174 -0.00733977
v -0.0511766 0.0680619 0.0373983
v -0.0315898 0.0355923 -0.0192042
v -0.0334073 0.037577 -0.0161582
v -0.0380666 0.0385186 -0.00730796
v -0.0273161 0.0339101 -0.0213537
v -0.039222 0.0363262 0.0107899
v -0.0468708 0.0344441 0.0305131
v -0.0518477 0.0344703 0.0346352
v -0.0260755 0.0359186 -0.0194052
v -0.0307548 0.0386398 -0.0140508
v -0.0331634 0.0381954 -0.0005252
v -0.0278515 0.0384043 -0.0172104
v -0.0386393 0.0339373 0.00855065
v -0.0550398 0.0573097 0.0169909
vt 0 0
vt 0 0
vt 0 0
vt 0 0
vt 0 0
vt 0 0
vt 0 0
vt 0 0
vt 0 0
vt 0 0
vt 0 0
vt 0 0
vt 0 0
vt 0 0
vt 0 0
vt 0 0
vt 0 0
vt 0 0
vt 0 0
vt 0 0
vt 0 0
vt 0 0
vt 0 0
vt 0 0
vt 0 0
vt 0 0
vt 0 0
vt 0 0
vt 0 0
vt 0 0
vt 0 0
vt 0 0
vt 0 0
vt 0 0
vt 0 0
vt 0 0
vt 0 0
vt 0 0
vt 0 0
vt 0 0
vt 0 0
vt 0 0
vt 0 0
vt 0 0
vt 0 0
vt 0 0
vt 0 0
vt 0 0
vt 0 0
vt 0 0
vt 0 0
vt 0 0
vt 0 0
vt 0 0
vt 0 0
vt 0 0
vt 0 0
vt 0 0
vt 0 0
vt 0 0
vt 0 0
vt 0 0
vt 0 0
vt 0 0
vt 0 0
vt 0 0
vt 0 0
vt 0 0
vt 0 0
vt 0 0
vt 0 0
vt 0 0
vt 0 0
vt 0 0
vt 0 0
vt 0 0
vt 0 0
vt 0 0
vt 0 0
vt 0 0
vt 0 0
vt 0 0
vt 0 0
vt 0 0
vt 0 0
vt 0 0
vt 0 0
vt 0 0
vt 0 0
vt 0 0
vt 0 0
vt 0 0
vt 0 0
vt 0 0
vt 0 0
vt 0 0
vt 0 0
vt 0 0
vt 0 0
vt 0 0
vt 0 0
vt 0 0
vt 0 0
vt 0 0
vt 0 0
vt 0 0
vt 0 0
vt 0 0
vt 0 0
vt 0 0
vt 0 0
vt 0 0
vt 0 0
vt 0 0
vt 0 0
vt 0 0
vt 0 0
vt 0 0
vt 0 0
vt 0 0
vt 0 0
vt 0 0
vt 0 0
vt 0 0
vt 0 0
vt 0 0
vt 0 0
vt 0 0
vt 0 0
vt 0 0
vt 0 0
vt 0 0
vt 0 0
vt 0 0
vt 0 0
vt 0 0
vt 0 0
vt 0 0
vt 0 0
vt 0 0
vt 0 0
vt 0 0
vt 0 0
vt 0 0
vt 0 0
vt 0 0
vt 0 0
vt 0 0
vt 0 0
vt 0 0
vt 0 0
vt 0 0
vt 0 0
vt 0 0
vt 0 0
vt 0 0
vt 0 0
vt 0 0
vt 0 0
vt 0 0
vt 0 0
vt 0 0
vt 0 0
vt 0 0
vt 0 0
vt 0 0
vt 0 0
vt 0 0
vt 0 0
vt 0 0
vt 0 0
vt 0 0
vt 0 0
vt 0 0
vt 0 0
vt 0 0
vt 0 0
vt 0 0
vt 0 0
vt 0 0
vt 0 0
vt 0 0
vt 0 0
vt 0 0
vt 0 0
vt 0 0
vt 0 0
vt 0 0
vt 0 0
vt 0 0
vt 0 0
vt 0 0
vt 0 0
vt 0 0
vt 0 0
vt 0 0
vt 0 0
vt 0 0
vt 0 0
vt 0 0
vt 0 0
vt 0 0
vt 0 0
vt 0 0
vt 0 0
vt 0 0
vt 0 0
vt 0 0
vt 0 0
vt 0 0
vt 0 0
vt 0 0
vt 0 0
vt 0 0
vt 0 0
vt 0 0
vt 0 0
vt 0 0
vt 0 0
vt 0 0
vt 0 0
vt 0 0
vt 0 0
vt 0 0
vt 0 0
vt 0 0
vt 0 0
vt 0 0
vt 0 0
vt 0 0
vt 0 0
vt 0 0
vt 0 0
vt 0 0
vt 0 0
vt 0 0
vt 0 0
vt 0 0
vt 0 0
vt 0 0
vt 0 0
vt 0 0
vt 0 0
vt 0 0
vt 0 0
vt 0 0
vt 0 0
vt 0 0
vt 0 0
vt 0 0
vt 0 0
vt 0 0
vt 0 0
vt 0 0
vt 0 0
vt 0 0
vt 0 0
vt 0 0
vt 0 0
vt 0 0
vt 0 0
vt 0 0
vt 0 0
vt 0 0
vt 0 0
vt 0 0
vt 0 0
vt 0 0
vt 0 0
vt 0 0
vt 0 0
vt 0 0
vt 0 0
vt 0 0
vt 0 0
vt 0 0
vt 0 0
vt 0 0
vt 0 0
vt 0 0
vt 0 0
vt 0 0
vt 0 0
vt 0 0
vt 0 0
vt 0 0
vt 0 0
vt 0 0
vt 0 0
vt 0 0
vt 0 0
vt 0 0
vt 0 0
vt 0 0
vt 0 0
vt 0 0
vt 0 0
vt 0 0
vt 0 0
vt 0 0
vt 0 0
vt 0 0
vt 0 0
vt 0 0
vt 0 0
vt 0 0
vt 0 0
vt 0 0
vt 0 0
vt 0 0
vt 0 0
vt 0 0
vt 0 0
vt 0 0
vt 0 0
vt 0 0
vt 0 0
vt 0 0
vt 0 0
vt 0 0
vt 0 0
vt 0 0
vt 0 0
vt 0 0
vt 0 0
vt 0 0
vt 0 0
vt 0 0
vt 0 0
vt 0 0
vt 0 0
vt 0 0
vt 0 0
vt 0 0
vt 0 0
vt 0 0
vt 0 0
vt 0 0
vt 0 0
vt 0 0
vt 0 0
vt 0 0
vt 0 0
vt 0 0
vt 0 0
vt 0 0
vt 0 0
vt 0 0
vt 0 0
vt 0 0
vt 0 0
vt 0 0
vt 0 0
vt 0 0
vt 0 0
vt 0 0
vt 0 0
vt 0 0
vt 0 0
vt 0 0
vt 0 0
vt 0 0
vt 0 0
vt 0 0
vt 0 0
vt 0 0
vt 0 0
vt 0 0
vt 0 0
vt 0 0
vt 0 0
vt 0 0
vt 0 0
vt 0 0
vt 0 0
vt 0 0
vt 0 0
vt 0 0
vt 0 0
vt 0 0
vt 0 0
vt 0 0
vt 0 0
vt 0 0
vt 0 0
vt 0 0
vt 0 0
vt 0 0
vt 0 0
vt 0 0
vt 0 0
vt 0 0
vt 0 0
vt 0 0
vt 0 0
vt 0 0
vt 0 0
vt 0 0
vt 0 0
vt 0 0
vt 0 0
vt 0 0
vt 0 0
vt 0 0
vt 0 0
vt 0 0
vt 0 0
vt 0 0
vt 0 0
vt 0 0
vt 0 0
vt 0 0
vt 0 0
vt 0 0
vt 0 0
vt 0 0
vt 0 0
vt 0 0
vt 0 0
vt 0 0
vt 0 0
vt 0 0
vt 0 0
vt 0 0
vt 0 0
vt 0 0
vt 0 0
vt 0 0
vt 0 0
vt 0 0
vt 0 0
vt 0 0
vt 0 0
vt 0 0
vt 0 0
vt 0 0
vt 0 0
vt 0 0
vt 0 0
vt 0 0
vt 0 0
vt 0 0
vt 0 0
vt 0 0
vt 0 0
vt 0 0
vt 0 0
vt 0 0
vt 0 0
vt 0 0
vt 0 0
vt 0 0
vt 0 0
vt 0 0
vt 0 0
vt 0 0
vt 0 0
vt 0 0
vt 0 0
vt 0 0
vt 0 0
vt 0 0
vt 0 0
vt 0 0
vt 0 0
vt 0 0
vt 0 0
vt 0 0
vt 0 0
vt 0 0
vt 0 0
vt 0 0
vt 0 0
vt 0 0
vt 0 0
vt 0 0
vt 0 0
vt 0 0
vt 0 0
vt 0 0
vt 0 0
vt 0 0
vt 0 0
vt 0 0
vt 0 0
vt 0 0
vt 0 0
vt 0 0
vt 0 0
vt 0 0
vt 0 0
vt 0 0
vt 0 0
vt 0 0
vt 0 0
vt 0 0
vt 0 0
vt 0 0
vt 0 0
vt 0 0
vt 0 0
vt 0 0
vt 0 0
vt 0 0
vt 0 0
vt 0 0
vt 0 0
vt 0 0
vt 0 0
vt 0 0
vt 0 0
vt 0 0
vt 0 0
vt 0 0
vt 0 0
vt 0 0
vt 0 0
vt 0 0
vt 0 0
vt 0 0
vt 0 0
vt 0 0
vt 0 0
vt 0 0
vt 0 0
vt 0 0
vt 0 0
vt 0 0
vt 0 0
vt 0 0
vt 0 0
vt 0 0
vt 0 0
vt 0 0
vt 0 0
vt 0 0
vt 0 0
vt 0 0
vt 0 0
vt 0 0
vt 0 0
vt 0 0
vt 0 0
vt 0 0
vt 0 0
vt 0 0
vt 0 0
vt 0 0
vt 0 0
vt 0 0
vt 0 0
vt 0 0
vt 0 0
vt 0 0
vt 0 0
vt 0 0
vt 0 0
vt 0 0
vt 0 0
vt 0 0
vt 0 0
vt 0 0
vt 0 0
vt 0 0
vt 0 0
vt 0 0
vt 0 0
vt 0 0
vt 0 0
vt 0 0
vt 0 0
vt 0 0
vt 0 0
vt 0 0
vt 0 0
vt 0 0
vt 0 0
vt 0 0
vt 0 0
vt 0 0
vt 0 0
vt 0 0
vt 0 0
vt 0 0
vt 0 0
vt 0 0
vt 0 0
vt 0 0
vt 0 0
vt 0 0
vt 0 0
vt 0 0
vt 0 0
vt 0 0
vt 0 0
vt 0 0
vt 0 0
vt 0 0
vt 0 0
vt 0 0
vt 0 0
vt 0 0
vt 0 0
vt 0 0
vt 0 0
vt 0 0
vt 0 0
vt 0 0
vt 0 0
vt 0 0
vt 0 0
vt 0 0
vt 0 0
vt 0 0
vt 0 0
vt 0 0
vt 0 0
vt 0 0
vt 0 0
vt 0 0
vt 0 0
vt 0 0
vt 0 0
vt 0 0
vt 0 0
vt 0 0
vt 0 0
vt 0 0
vt 0 0
vt 0 0
vt 0 0
vt 0 0
vt 0 0
vt 0 0
vt 0 0
vt 0 0
vt 0 0
vt 0 0
vt 0 0
vt 0 0
vt 0 0
vt 0 0
vt 0 0
vt 0 0
vt 0 0
vt 0 0
vt 0 0
vt 0 0
vt 0 0
vt 0 0
vt 0 0
vt 0 0
vt 0 0
vt 0 0
vt 0 0
vt 0 0
vt 0 0
vt 0 0
vt 0 0
vt 0 0
vt 0 0
vt 0 0
vt 0 0
vt 0 0
vt 0 0
vt 0 0
vt 0 0
vt 0 0
vt 0 0
vt 0 0
vt 0 0
vt 0 0
vt 0 0
vt 0 0
vt 0 0
vt 0 0
vt 0 0
vt 0 0
vt 0 0
vt 0 0
vt 0 0
vt 0 0
vt 0 0
vt 0 0
vt 0 0
vt 0 0
vt 0 0
vt 0 0
vt 0 0
vt 0 0
vt 0 0
vt 0 0
vt 0 0
vt 0 0
vt 0 0
vt 0 0
vt 0 0
vt 0 0
vt 0 0
vt 0 0
vt 0 0
vt 0 0
vt 0 0
vt 0 0
vt 0 0
vt 0 0
vt 0 0
vt 0 0
vt 0 0
vt 0 0
vt 0 0
vt 0 0
vt 0 0
vt 0 0
vt 0 0
vt 0 0
vt 0 0
vt 0 0
vt 0 0
vt 0 0
vt 0 0
vt 0 0
vt 0 0
vt 0 0
vt 0 0
vt 0 0
vt 0 0
vt 0 0
vt 0 0
vt 0 0
vt 0 0
vt 0 0
vt 0 0
vt 0 0
vt 0 0
vt 0 0
vt 0 0
vt 0 0
vt 0 0
vt 0 0
vt 0 0
vt 0 0
vt 0 0
vt 0 0
vt 0 0
vt 0 0
vt 0 0
vt 0 0
vt 0 0
vt 0 0
vt 0 0
vt 0 0
vt 0 0
vt 0 0
vt 0 0
vt 0 0
vt 0 0
vt 0 0
vt 0 0
vt 0 0
vt 0 0
vt 0 0
vt 0 0
vt 0 0
vt 0 0
vt 0 0
vt 0 0
vt 0 0
vt 0 0
vt 0 0
vt 0 0
vt 0 0
vt 0 0
vt 0 0
vt 0 0
vt 0 0
vt 0 0
vt 0 0
vt 0 0
vt 0 0
vt 0 0
vt 0 0
vt 0 0
vt 0 0
vt 0 0
vt 0 0
vt 0 0
vt 0 0
vt 0 0
vt 0 0
vt 0 0
vt 0 0
vt 0 0
vt 0 0
vt 0 0
vt 0 0
vt 0 0
vt 0 0
vt 0 0
vt 0 0
vt 0 0
vt 0 0
vt 0 0
vt 0 0
vt 0 0
vt 0 0
vt 0 0
vt 0 0
vt 0 0
vt 0 0
vt 0 0
vt 0 0
vt 0 0
vt 0 0
vt 0 0
vt 0 0
vt 0 0
vt 0 0
vt 0 0
vt 0 0
vt 0 0
vt 0 0
vt 0 0
vt 0 0
vt 0 0
vt 0 0
vt 0 0
vt 0 0
vt 0 0
vt 0 0
vt 0 0
vt 0 0
vt 0 0
vt 0 0
vt 0 0
vt 0 0
vt 0 0
vt 0 0
vt 0 0
vt 0 0
vt 0 0
vt 0 0
vt 0 0
vt 0 0
vt 0 0
vt 0 0
vt 0 0
vt 0 0
vt 0 0
vt 0 0
vt 0 0
vt 0 0
vt 0 0
vt 0 0
vt 0 0
vt 0 0
vt 0 0
vt 0 0
vt 0 0
vt 0 0
vt 0 0
vt 0 0
vt 0 0
vt 0 0
vt 0 0
vt 0 0
vt 0 0
vt 0 0
vt 0 0
vt 0 0
vt 0 0
vt 0 0
vt 0 0
vt 0 0
vt 0 0
vt 0 0
vt 0 0
vt 0 0
vt 0 0
vt 0 0
vt 0 0
vt 0 0
vt 0 0
vt 0 0
vt 0 0
vt 0 0
vt 0 0
vt 0 0
vt 0 0
vt 0 0
vt 0 0
vt 0 0
vt 0 0
vt 0 0
vt 0 0
vt 0 0
vt 0 0
vt 0 0
vt 0 0
vt 0 0
vt 0 0
vt 0 0
vt 0 0
vt 0 0
vt 0 0
vt 0 0
vt 0 0
vt 0 0
vt 0 0
vt 0 0
vt 0 0
vt 0 0
vt 0 0
vt 0 0
vt 0 0
vt 0 0
vt 0 0
vt 0 0
vt 0 0
vt 0 0
vt 0 0
vt 0 0
vt 0 0
vt 0 0
vt 0 0
vt 0 0
vt 0 0
vt 0 0
vt 0 0
vt 0 0
vt 0 0
vt 0 0
vt 0 0
vt 0 0
vt 0 0
vt 0 0
vt 0 0
vt 0 0
vt 0 0
vt 0 0
vt 0 0
vt 0 0
vt 0 0
vt 0 0
vt 0 0
vt 0 0
vt 0 0
vt 0 0
vt 0 0
vt 0 0
vt 0 0
vt 0 0
vt 0 0
vt 0 0
vt 0 0
vt 0 0
vt 0 0
vt 0 0
vt 0 0
vt 0 0
vt 0 0
vt 0 0
vt 0 0
vt 0 0
vt 0 0
vt 0 0
vt 0 0
vt 0 0
vt 0 0
vt 0 0
vt 0 0
vt 0 0
vt 0 0
vt 0 0
vt 0 0
vt 0 0
vt 0 0
vt 0 0
vt 0 0
vt 0 0
vt 0 0
vt 0 0
vt 0 0
vt 0 0
vt 0 0
vt 0 0
vt 0 0
vt 0 0
vt 0 0
vt 0 0
vt 0 0
vt 0 0
vt 0 0
vt 0 0
vt 0 0
vt 0 0
vt 0 0
vt 0 0
vt 0 0
vt 0 0
vt 0 0
vt 0 0
vt 0 0
vt 0 0
vt 0 0
vt 0 0
vt 0 0
vt 0 0
vt 0 0
vt 0 0
vt 0 0
vt 0 0
vt 0 0
vt 0 0
vt 0 0
vt 0 0
vt 0 0
vt 0 0
vt 0 0
vt 0 0
vt 0 0
vt 0 0
vt 0 0
vt 0 0
vt 0 0
vt 0 0
vt 0 0
vt 0 0
vt 0 0
vt 0 0
vt 0 0
vt 0 0
vt 0 0
vt 0 0
vt 0 0
vt 0 0
vt 0 0
vt 0 0
vt 0 0
vt 0 0
vt 0 0
vt 0 0
vt 0 0
vt 0 0
vt 0 0
vt 0 0
vt 0 0
vt 0 0
vt 0 0
vt 0 0
vt 0 0
vt 0 0
vt 0 0
vt 0 0
vt 0 0
vt 0 0
vt 0 0
vt 0 0
vt 0 0
vt 0 0
vt 0 0
vt 0 0
vt 0 0
vt 0 0
vt 0 0
vt 0 0
vt 0 0
vt 0 0
vt 0 0
vt 0 0
vt 0 0
vt 0 0
vt 0 0
vt 0 0
vt 0 0
vt 0 0
vt 0 0
vt 0 0
vt 0 0
vt 0 0
vt 0 0
vt 0 0
vt 0 0
vt 0 0
vt 0 0
vt 0 0
vt 0 0
vt 0 0
vt 0 0
vt 0 0
vt 0 0
vt 0 0
vt 0 0
vt 0 0
vt 0 0
vt 0 0
vt 0 0
vt 0 0
vt 0 0
vt 0 0
vt 0 0
vt 0 0
vt 0 0
vt 0 0
vt 0 0
vt 0 0
vt 0 0
vt 0 0
vt 0 0
vt 0 0
vt 0 0
vt 0 0
vt 0 0
vt 0 0
vt 0 0
vt 0 0
vt 0 0
vt 0 0
vt 0 0
vt 0 0
vt 0 0
vt 0 0
vt 0 0
vt 0 0
vt 0 0
vt 0 0
vt 0 0
vt 0 0
vt 0 0
vt 0 0
vt 0 0
vt 0 0
vt 0 0
vt 0 0
vt 0 0
vt 0 0
vt 0 0
vt 0 0
vt 0 0
vt 0 0
vt 0 0
vt 0 0
vt 0 0
vt 0 0
vt 0 0
vt 0 0
vt 0 0
vt 0 0
vt 0 0
vt 0 0
vt 0 0
vt 0 0
vt 0 0
vt 0 0
vt 0 0
vt 0 0
vt 0 0
vt 0 0
vt 0 0
vt 0 0
vt 0 0
vt 0 0
vt 0 0
vt 0 0
vt 0 0
vt 0 0
vt 0 0
vt 0 0
vt 0 0
vt 0 0
vt 0 0
vt 0 0
vt 0 0
vt 0 0
vt 0 0
vt 0 0
vt 0 0
vt 0 0
vt 0 0
vt 0 0
vt 0 0
vt 0 0
vt 0 0
vt 0 0
vt 0 0
vt 0 0
vt 0 0
vt 0 0
vt 0 0
vt 0 0
vt 0 0
vt 0 0
vt 0 0
vt 0 0
vt 0 0
vt 0 0
vt 0 0
vt 0 0
vt 0 0
vt 0 0
vt 0 0
vt 0 0
vt 0 0
vt 0 0
vt 0 0
vt 0 0
vt 0 0
vt 0 0
vt 0 0
vt 0 0
vt 0 0
vt 0 0
vt 0 0
vt 0 0
vt 0 0
vt 0 0
vt 0 0
vt 0 0
vt 0 0
vt 0 0
vt 0 0
vt 0 0
vt 0 0
vt 0 0
vt 0 0
vt 0 0
vt 0 0
vt 0 0
vt 0 0
vt 0 0
vt 0 0
vt 0 0
vt 0 0
vt 0 0
vt 0 0
vt 0 0
vt 0 0
vt 0 0
vt 0 0
vt 0 0
vt 0 0
vt 0 0
vt 0 0
vt 0 0
vt 0 0
vt 0 0
vt 0 0
vt 0 0
vt 0 0
vt 0 0
vt 0 0
vt 0 0
vt 0 0
vt 0 0
vt 0 0
vt 0 0
vt 0 0
vt 0 0
vt 0 0
vt 0 0
vt 0 0
vt 0 0
vt 0 0
vt 0 0
vt 0 0
vt 0 0
vt 0 0
vt 0 0
vt 0 0
vt 0 0
vt 0 0
vt 0 0
vt 0 0
vt 0 0
vt 0 0
vt 0 0
vt 0 0
vt 0 0
vt 0 0
vt 0 0
vt 0 0
vt 0 0
vt 0 0
vt 0 0
vt 0 0
vt 0 0
vt 0 0
vt 0 0
vt 0 0
vt 0 0
vt 0 0
vt 0 0
vt 0 0
vt 0 0
vt 0 0
vt 0 0
vt 0 0
vt 0 0
vt 0 0
vt 0 0
vt 0 0
vt 0 0
vt 0 0
vt 0 0
vt 0 0
vt 0 0
vt 0 0
vt 0 0
vt 0 0
vt 0 0
vt 0 0
vt 0 0
vt 0 0
vt 0 0
vt 0 0
vt 0 0
vt 0 0
vt 0 0
vt 0 0
vt 0 0
vt 0 0
vt 0 0
vt 0 0
vt 0 0
vt 0 0
vt 0 0
vt 0 0
vt 0 0
vt 0 0
vt 0 0
vt 0 0
vt 0 0
vt 0 0
vt 0 0
vt 0 0
vt 0 0
vt 0 0
vt 0 0
vt 0 0
vt 0 0
vt 0 0
vt 0 0
vt 0 0
vt 0 0
vt 0 0
vt 0 0
vt 0 0
vt 0 0
vt 0 0
vt 0 0
vt 0 0
vt 0 0
vt 0 0
vt 0 0
vt 0 0
vt 0 0
vt 0 0
vt 0 0
vt 0 0
vt 0 0
vt 0 0
vt 0 0
vt 0 0
vt 0 0
vt 0 0
vt 0 0
vt 0 0
vt 0 0
vt 0 0
vt 0 0
vt 0 0
vt 0 0
vt 0 0
vt 0 0
vt 0 0
vt 0 0
vt 0 0
vt 0 0
vt 0 0
vt 0 0
vt 0 0
vt 0 0
vt 0 0
vt 0 0
vt 0 0
vt 0 0
vt 0 0
vt 0 0
vt 0 0
vt 0 0
vt 0 0
vt 0 0
vt 0 0
vt 0 0
vt 0 0
vt 0 0
vt 0 0
vt 0 0
vt 0 0
vt 0 0
vt 0 0
vt 0 0
vt 0 0
vt 0 0
vt 0 0
vt 0 0
vt 0 0
vt 0 0
vt 0 0
vt 0 0
vt 0 0
vt 0 0
vt 0 0
vt 0 0
vt 0 0
vt 0 0
vt 0 0
vt 0 0
vt 0 0
vt 0 0
vt 0 0
vt 0 0
vt 0 0
vt 0 0
vt 0 0
vt 0 0
vt 0 0
vt 0 0
vt 0 0
vt 0 0
vt 0 0
vt 0 0
vt 0 0
vt 0 0
vt 0 0
vt 0 0
vt 0 0
vt 0 0
vt 0 0
vt 0 0
vt 0 0
vt 0 0
vt 0 0
vt 0 0
vt 0 0
vt 0 0
vt 0 0
vt 0 0
vt 0 0
vt 0 0
vt 0 0
vt 0 0
vt 0 0
vt 0 0
vt 0 0
vt 0 0
vt 0 0
vt 0 0
vt 0 0
vt 0 0
vt 0 0
vt 0 0
vt 0 0
vt 0 0
vt 0 0
vt 0 0
vt 0 0
vt 0 0
vt 0 0
vt 0 0
vt 0 0
vt 0 0
vt 0 0
vt 0 0
vt 0 0
vt 0 0
vt 0 0
vt 0 0
vt 0 0
vt 0 0
vt 0 0
vt 0 0
vt 0 0
vt 0 0
vt 0 0
vt 0 0
vt 0 0
vt 0 0
vt 0 0
vt 0 0
vt 0 0
vt 0 0
vt 0 0
vt 0 0
vt 0 0
vt 0 0
vt 0 0
vt 0 0
vt 0 0
vt 0 0
vt 0 0
vt 0 0
vt 0 0
vt 0 0
vt 0 0
vt 0 0
vt 0 0
vt 0 0
vt 0 0
vt 0 0
vt 0 0
vt 0 0
vt 0 0
vt 0 0
vt 0 0
vt 0 0
vt 0 0
vt 0 0
vt 0 0
vt 0 0
vt 0 0
vt 0 0
vt 0 0
vt 0 0
vt 0 0
vt 0 0
vt 0 0
vt 0 0
vt 0 0
vt 0 0
vt 0 0
vt 0 0
vt 0 0
vt 0 0
vt 0 0
vt 0 0
vt 0 0
vt 0 0
vt 0 0
vt 0 0
vt 0 0
vt 0 0
vt 0 0
vt 0 0
vt 0 0
vt 0 0
vt 0 0
vt 0 0
vt 0 0
vt 0 0
vt 0 0
vt 0 0
vt 0 0
vt 0 0
vt 0 0
vt 0 0
vt 0 0
vt 0 0
vt 0 0
vt 0 0
vt 0 0
vt 0 0
vt 0 0
vt 0 0
vt 0 0
vt 0 0
vt 0 0
vt 0 0
vt 0 0
vt 0 0
vt 0 0
vt 0 0
vt 0 0
vt 0 0
vt 0 0
vt 0 0
vt 0 0
vt 0 0
vt 0 0
vt 0 0
vt 0 0
vt 0 0
vt 0 0
vt 0 0
vt 0 0
vt 0 0
vt 0 0
vt 0 0
vt 0 0
vt 0 0
vt 0 0
vt 0 0
vt 0 0
vt 0 0
vt 0 0
vt 0 0
vt 0 0
vt 0 0
vt 0 0
vt 0 0
vt 0 0
vt 0 0
vt 0 0
vt 0 0
vt 0 0
vt 0 0
vt 0 0
vt 0 0
vt 0 0
vt 0 0
vt 0 0
vt 0 0
vt 0 0
vt 0 0
vt 0 0
vt 0 0
vt 0 0
vt 0 0
vt 0 0
vt 0 0
vt 0 0
vt 0 0
vt 0 0
vt 0 0
vt 0 0
vt 0 0
vt 0 0
vt 0 0
vt 0 0
vt 0 0
vt 0 0
vt 0 0
vt 0 0
vt 0 0
vt 0 0
vt 0 0
vt 0 0
vt 0 0
vt 0 0
vt 0 0
vt 0 0
vt 0 0
vt 0 0
vt 0 0
vt 0 0
vt 0 0
vt 0 0
vt 0 0
vt 0 0
vt 0 0
vt 0 0
vt 0 0
vt 0 0
vt 0 0
vt 0 0
vt 0 0
vt 0 0
vt 0 0
vt 0 0
vt 0 0
vt 0 0
vt 0 0
vt 0 0
vt 0 0
vt 0 0
vt 0 0
vt 0 0
vt 0 0
vt 0 0
vt 0 0
vt 0 0
vt 0 0
vt 0 0
vt 0 0
vt 0 0
vt 0 0
vt 0 0
vt 0 0
vt 0 0
vt 0 0
vt 0 0
vt 0 0
vt 0 0
vt 0 0
vt 0 0
vt 0 0
vt 0 0
vt 0 0
vt 0 0
vt 0 0
vt 0 0
vt 0 0
vt 0 0
vt 0 0
vt 0 0
vt 0 0
vt 0 0
vt 0 0
vt 0 0
vt 0 0
vt 0 0
vt 0 0
vt 0 0
vt 0 0
vt 0 0
vt 0 0
vt 0 0
vt 0 0
vt 0 0
vt 0 0
vt 0 0
vt 0 0
vt 0 0
vt 0 0
vt 0 0
vt 0 0
vt 0 0
vt 0 0
vt 0 0
vt 0 0
vt 0 0
vt 0 0
vt 0 0
vt 0 0
vt 0 0
vt 0 0
vt 0 0
vt 0 0
vt 0 0
vt 0 0
vt 0 0
vt 0 0
vt 0 0
vt 0 0
vt 0 0
vt 0 0
vt 0 0
vt 0 0
vt 0 0
vt 0 0
vt 0 0
vt 0 0
vt 0 0
vt 0 0
vt 0 0
vt 0 0
vt 0 0
vt 0 0
vt 0 0
vt 0 0
vt 0 0
vt 0 0
vt 0 0
vt 0 0
vt 0 0
vt 0 0
vt 0 0
vt 0 0
vt 0 0
vt 0 0
vt 0 0
vt 0 0
vt 0 0
vt 0 0
vt 0 0
vt 0 0
vt 0 0
vt 0 0
vt 0 0
vt 0 0
vt 0 0
vt 0 0
vt 0 0
vt 0 0
vt 0 0
vt 0 0
vt 0 0
vt 0 0
vt 0 0
vt 0 0
vt 0 0
vt 0 0
vt 0 0
vt 0 0
vt 0 0
vt 0 0
vt 0 0
vt 0 0
vt 0 0
vt 0 0
vt 0 0
vt 0 0
vt 0 0
vt 0 0
vt 0 0
vt 0 0
vt 0 0
vt 0 0
vt 0 0
vt 0 0
vt 0 0
vt 0 0
vt 0 0
vt 0 0
vt 0 0
vt 0 0
vt 0 0
vt 0 0
vt 0 0
vt 0 0
vt 0 0
vt 0 0
vt 0 0
vt 0 0
vt 0 0
vt 0 0
vt 0 0
vt 0 0
vt 0 0
vt 0 0
vt 0 0
vt 0 0
vt 0 0
vt 0 0
vt 0 0
vt 0 0
vt 0 0
vt 0 0
vt 0 0
vt 0 0
vt 0 0
vt 0 0
vt 0 0
vt 0 0
vt 0 0
vt 0 0
vt 0 0
vt 0 0
vt 0 0
vt 0 0
vt 0 0
vt 0 0
vt 0 0
vt 0 0
vt 0 0
vt 0 0
vt 0 0
vt 0 0
vt 0 0
vt 0 0
vt 0 0
vt 0 0
vt 0 0
vt 0 0
vt 0 0
vt 0 0
vt 0 0
vt 0 0
vt 0 0
vt 0 0
vt 0 0
vt 0 0
vt 0 0
vt 0 0
vt 0 0
vt 0 0
vt 0 0
vt 0 0
vt 0 0
vt 0 0
vt 0 0
vt 0 0
vt 0 0
vt 0 0
vt 0 0
vt 0 0
vt 0 0
vt 0 0
vt 0 0
vt 0 0
vt 0 0
vt 0 0
vt 0 0
vt 0 0
vt 0 0
vt 0 0
vt 0 0
vt 0 0
vt 0 0
vt 0 0
vt 0 0
vt 0 0
vt 0 0
vt 0 0
vt 0 0
vt 0 0
vt 0 0
vt 0 0
vt 0 0
vt 0 0
vt 0 0
vt 0 0
vt 0 0
vt 0 0
vt 0 0
vt 0 0
vt 0 0
vt 0 0
vt 0 0
vt 0 0
vt 0 0
vt 0 0
vt 0 0
vt 0 0
vt 0 0
vt 0 0
vt 0 0
vt 0 0
vt 0 0
vt 0 0
vt 0 0
vt 0 0
vt 0 0
vt 0 0
vt 0 0
vt 0 0
vt 0 0
vt 0 0
vt 0 0
vt 0 0
vt 0 0
vt 0 0
vt 0 0
vt 0 0
vt 0 0
vt 0 0
vt 0 0
vt 0 0
vt 0 0
vt 0 0
vt 0 0
vt 0 0
vt 0 0
vt 0 0
vt 0 0
vt 0 0
vt 0 0
vt 0 0
vt 0 0
vt 0 0
vt 0 0
vt 0 0
vt 0 0
vt 0 0
vt 0 0
vt 0 0
vt 0 0
vt 0 0
vt 0 0
vt 0 0
vt 0 0
vt 0 0
vt 0 0
vt 0 0
vt 0 0
vt 0 0
vt 0 0
vt 0 0
vt 0 0
vt 0 0
vt 0 0
vt 0 0
vt 0 0
vt 0 0
vt 0 0
vt 0 0
vt 0 0
vt 0 0
vt 0 0
vt 0 0
vt 0 0
vt 0 0
vt 0 0
vt 0 0
vt 0 0
vt 0 0
vt 0 0
vt 0 0
vt 0 0
vt 0 0
vt 0 0
vt 0 0
vt 0 0
vt 0 0
vt 0 0
vt 0 0
vt 0 0
vt 0 0
vt 0 0
vt 0 0
vt 0 0
vt 0 0
vt 0 0
vt 0 0
vt 0 0
vt 0 0
vt 0 0
vt 0 0
vt 0 0
vt 0 0
vt 0 0
vt 0 0
vt 0 0
vt 0 0
vt 0 0
vt 0 0
vt 0 0
vt 0 0
vt 0 0
vt 0 0
vt 0 0
vt 0 0
vt 0 0
vt 0 0
vt 0 0
vt 0 0
vt 0 0
vt 0 0
vt 0 0
vt 0 0
vt 0 0
vt 0 0
vt 0 0
vt 0 0
vt 0 0
vt 0 0
vt 0 0
vt 0 0
vt 0 0
vt 0 0
vt 0 0
vt 0 0
vt 0 0
vt 0 0
vt 0 0
vt 0 0
vt 0 0
vt 0 0
vt 0 0
vt 0 0
vt 0 0
vt 0 0
vt 0 0
vt 0 0
vt 0 0
vt 0 0
vt 0 0
vt 0 0
vt 0 0
vt 0 0
vt 0 0
vt 0 0
vt 0 0
vt 0 0
vt 0 0
vt 0 0
vt 0 0
vt 0 0
vt 0 0
vt 0 0
vt 0 0
vt 0 0
vt 0 0
vt 0 0
vt 0 0
vt 0 0
vt 0 0
vt 0 0
vt 0 0
vt 0 0
vt 0 0
vt 0 0
vt 0 0
vt 0 0
vt 0 0
vt 0 0
vt 0 0
vt 0 0
vt 0 0
vt 0 0
vt 0 0
vt 0 0
vt 0 0
vt 0 0
vt 0 0
vt 0 0
vt 0 0
vt 0 0
vt 0 0
vt 0 0
vt 0 0
vt 0 0
vt 0 0
vt 0 0
vt 0 0
vt 0 0
vt 0 0
vt 0 0
vt 0 0
vt 0 0
vt 0 0
vt 0 0
vt 0 0
vt 0 0
vt 0 0
vt 0 0
vt 0 0
vt 0 0
vt 0 0
vt 0 0
vt 0 0
vt 0 0
vt 0 0
vt 0 0
vt 0 0
vt 0 0
vt 0 0
vt 0 0
vt 0 0
vt 0 0
vt 0 0
vt 0 0
vt 0 0
vt 0 0
vt 0 0
vt 0 0
vt 0 0
vt 0 0
vt 0 0
vt 0 0
vt 0 0
vt 0 0
vt 0 0
vt 0 0
vt 0 0
vt 0 0
vt 0 0
vt 0 0
vt 0 0
vt 0 0
vt 0 0
vt 0 0
vt 0 0
vt 0 0
vt 0 0
vt 0 0
vt 0 0
vt 0 0
vt 0 0
vt 0 0
vt 0 0
vt 0 0
vt 0 0
vt 0 0
vt 0 0
vt 0 0
vt 0 0
vt 0 0
vt 0 0
vt 0 0
vt 0 0
vt 0 0
vt 0 0
vt 0 0
vt 0 0
vt 0 0
vt 0 0
vt 0 0
vt 0 0
vt 0 0
vt 0 0
vt 0 0
vt 0 0
vt 0 0
vt 0 0
vt 0 0
vt 0 0
vt 0 0
vt 0 0
vt 0 0
vt 0 0
vt 0 0
vt 0 0
vt 0 0
vt 0 0
vt 0 0
vt 0 0
vt 0 0
vt 0 0
vt 0 0
vt 0 0
vt 0 0
vt 0 0
vt 0 0
vt 0 0
vt 0 0
vt 0 0
vt 0 0
vt 0 0
vt 0 0
vt 0 0
vt 0 0
vt 0 0
vt 0 0
vt 0 0
vt 0 0
vt 0 0
vt 0 0
vt 0 0
vt 0 0
vt 0 0
vt 0 0
vt 0 0
vt 0 0
vt 0 0
vt 0 0
vt 0 0
vt 0 0
vt 0 0
vt 0 0
vt 0 0
vt 0 0
vt 0 0
vt 0 0
vt 0 0
vt 0 0
vt 0 0
vt 0 0
vt 0 0
vt 0 0
vt 0 0
vt 0 0
vt 0 0
vt 0 0
vt 0 0
vt 0 0
vt 0 0
vt 0 0
vt 0 0
vt 0 0
vt 0 0
vt 0 0
vt 0 0
vt 0 0
vt 0 0
vt 0 0
vt 0 0
vt 0 0
vt 0 0
vt 0 0
vt 0 0
vt 0 0
vt 0 0
vt 0 0
vt 0 0
vt 0 0
vt 0 0
vt 0 0
vt 0 0
vt 0 0
vt 0 0
vt 0 0
vt 0 0
vt 0 0
vt 0 0
vt 0 0
vt 0 0
vt 0 0
vt 0 0
vt 0 0
vt 0 0
vt 0 0
vt 0 0
vt 0 0
vt 0 0
vt 0 0
vt 0 0
vt 0 0
vt 0 0
vt 0 0
vt 0 0
vt 0 0
vt 0 0
vt 0 0
vt 0 0
vt 0 0
vt 0 0
vt 0 0
vt 0 0
vt 0 0
vt 0 0
vt 0 0
vt 0 0
vt 0 0
vt 0 0
vt 0 0
vt 0 0
vt 0 0
vt 0 0
vt 0 0
vt 0 0
vt 0 0
vt 0 0
vt 0 0
vt 0 0
vt 0 0
vt 0 0
vt 0 0
vt 0 0
vt 0 0
vt 0 0
vt 0 0
vt 0 0
vt 0 0
vt 0 0
vt 0 0
vt 0 0
vt 0 0
vt 0 0
vt 0 0
vt 0 0
vt 0 0
vt 0 0
vt 0 0
vt 0 0
vt 0 0
vt 0 0
vt 0 0
vt 0 0
vt 0 0
vt 0 0
vt 0 0
vt 0 0
vt 0 0
vt 0 0
vt 0 0
vt 0 0
vt 0 0
vt 0 0
vt 0 0
vt 0 0
vt 0 0
vt 0 0
vt 0 0
vt 0 0
vt 0 0
vt 0 0
vt 0 0
vt 0 0
vt 0 0
vt 0 0
vt 0 0
vt 0 0
vt 0 0
vt 0 0
vt 0 0
vt 0 0
vt 0 0
vt 0 0
vt 0 0
vt 0 0
vt 0 0
vt 0 0
vt 0 0
vt 0 0
vt 0 0
vt 0 0
vt 0 0
vt 0 0
vt 0 0
vt 0 0
vt 0 0
vt 0 0
vt 0 0
vt 0 0
vt 0 0
vt 0 0
vt 0 0
vt 0 0
vt 0 0
vt 0 0
vt 0 0
vt 0 0
vt 0 0
vt 0 0
vt 0 0
vt 0 0
vt 0 0
vt 0 0
vt 0 0
vt 0 0
vt 0 0
vt 0 0
vt 0 0
vt 0 0
vt 0 0
vt 0 0
vt 0 0
vt 0 0
vt 0 0
vt 0 0
vt 0 0
vt 0 0
vt 0 0
vt 0 0
vt 0 0
vt 0 0
vt 0 0
vt 0 0
vt 0 0
vt 0 0
vt 0 0
vt 0 0
vt 0 0
vt 0 0
vt 0 0
vt 0 0
vt 0 0
vt 0 0
vt 0 0
vt 0 0
vt 0 0
vt 0 0
vt 0 0
vt 0 0
vt 0 0
vt 0 0
vt 0 0
vt 0 0
vt 0 0
vt 0 0
vt 0 0
vt 0 0
vt 0 0
vt 0 0
vt 0 0
vt 0 0
vt 0 0
vt 0 0
vt 0 0
vt 0 0
vt 0 0
vt 0 0
vt 0 0
vt 0 0
vt 0 0
vt 0 0
vt 0 0
vt 0 0
vt 0 0
vt 0 0
vt 0 0
vt 0 0
vt 0 0
vt 0 0
vt 0 0
vt 0 0
vt 0 0
vt 0 0
vt 0 0
vt 0 0
vt 0 0
vt 0 0
vt 0 0
vt 0 0
vt 0 0
vt 0 0
vt 0 0
vt 0 0
vt 0 0
vt 0 0
vt 0 0
vt 0 0
vt 0 0
vt 0 0
vt 0 0
vt 0 0
vt 0 0
vt 0 0
vt 0 0
vt 0 0
vt 0 0
vt 0 0
vt 0 0
vt 0 0
vt 0 0
vt 0 0
vt 0 0
vt 0 0
vt 0 0
vt 0 0
vt 0 0
vt 0 0
vn -0.86075586 0.12691875 -0.4929413
vn -0.8924572 -0.020027531 -0.4506873
vn -0.85258937 -0.13341464 -0.5052642
vn -0.9768211 -0.21123265 -0.034660406
vn -0.90433216 -0.33675137 -0.26226294
vn -0.9555383 0.25671977 -0.14505684
vn -0.12549314 0.96559143 0.22778222
vn -0.032135323 0.92150885 0.38702545
vn -0.27069294 0.8629167 0.42673188
vn 0.1755375 0.8689368 0.46274766
vn 0.3616825 0.84807014 0.38725016
vn 0.50847757 0.7231765 0.4674039
vn 0.13071547 0.85667413 0.49902192
vn -0.22383186 0.7663445 0.6021756
vn -0.6623481 0.49785998 0.5598484
vn -0.1591685 0.7263674 0.6686223
vn -0.5472409 0.76799685 0.33272842
vn -0.0831858 0.9936101 0.076283745
vn -0.17405851 0.9825072 0.066205606
vn -0.089119665 0.9792787 0.181854
vn 0.43381342 0.88380283 0.1752101
vn 0.6889792 0.60693425 0.39615458
vn 0.78290427 0.5962431 0.17763762
vn -0.8360365 -0.54865927 0.0040147863
vn -0.8166871 -0.56198996 0.13110879
vn -0.9223121 -0.38023466 -0.06900743
vn 0.3993943 -0.8844333 -0.24137475
vn -0.008408975 -0.91303885 -0.40778598
vn 0.6832999 -0.7092922 -0.17322233
vn -0.91756165 -0.39068544 0.07379313
vn -0.997588 -0.039301902 0.057214756
vn -0.9900364 -0.116259955 -0.07944412
vn 0.7411801 0.6013892 0.29830015
vn 0.6288596 0.6172077 0.47285336
vn 0.84689367 0.29565582 0.441994
vn -0.5538262 0.83224756 -0.025309563
vn -0.6207421 0.736639 -0.26840663
vn -0.43789184 0.8516639 0.28795734
vn -0.21433719 0.95006573 0.22679193
vn -0.7564955 -0.64338857 -0.11732829
vn -0.8669344 -0.45661968 -0.19980776
vn 0.2750743 0.89781195 0.34390092
vn -0.09122556 0.9203454 0.3803186
vn 0.2764682 0.8679918 0.4124992
vn 0.7873541 0.5543122 0.2698359
vn 0.7471084 0.5645118 0.35093516
vn 0.8340701 0.46621877 0.29490212
vn 0.75338584 0.55059177 0.3595254
vn 0.66844296 0.69706786 0.25938475
vn 0.84015447 0.5108543 0.18212192
vn -0.30810815 0.25616476 -0.9162145
vn -0.8231362 -0.09843277 -0.5592475
vn -0.09762305 -0.96736187 -0.2338394
vn 0.4914942 0.83061373 0.26175228
vn 0.2562411 0.9162712 0.30787605
vn 0.69690245 0.68350923 0.21712244
vn 0.5011018 0.82271254 0.26840487
vn 0.4265973 0.7806515 0.45672542
vn 0.20407987 0.8658318 0.4568223
vn 0.6555435 0.6647497 0.3582883
vn -0.15836422 0.88792574 0.4318666
vn -0.42437017 0.4090391 -0.80783474
vn -0.17316031 0.18988071 -0.9664165
vn -0.1538178 0.20931096 -0.9656755
vn -0.32059303 0.8958383 0.30772382
vn -0.3285279 0.8769649 0.3507164
vn -0.32467353 0.82205564 0.46777296
vn -0.935088 0.35441163 -0.0017233483
vn -0.9507222 0.2988724 0.08247749
vn -0.9208064 0.38299355 -0.0736984
vn -0.18173857 0.93889606 -0.29231027
vn -0.21374235 0.9664137 -0.14268462
vn -0.1457878 0.9786964 -0.14456558
vn -0.7725226 -0.5427425 -0.3296048
vn -0.8085793 0.34461606 -0.47690588
vn -0.81033754 -0.012752095 -0.5858246
vn -0.8949099 -0.44267708 -0.056331746
vn -0.9983249 -0.016330214 -0.055504236
vn -0.98523945 -0.08313396 0.14963974
vn -0.8676573 -0.4300028 0.24953634
vn -0.93554 -0.3135097 0.16271608
vn -0.214606 0.9760805 -0.034802713
vn -0.13024843 0.9912554 -0.021168321
vn -0.32995304 0.90766543 -0.25937316
vn -0.26864457 0.7354884 -0.62200236
vn -0.40183282 0.8653727 -0.29943353
vn -0.23218758 0.96523035 -0.12008015
vn -0.20876572 0.9776021 -0.026662802
vn -0.07807219 0.9962023 -0.038544536
vn -0.412346 0.39532867 -0.82078373
vn -0.3681382 -0.00866587 -0.92973065
vn -0.15465933 0.04657536 -0.9868694
vn -0.9729958 0.22315156 -0.059012946
vn -0.95050776 0.31055033 -0.009670581
vn -0.100527614 0.9425167 -0.31867942
vn -0.66431355 0.65283144 0.3640034
vn -0.49053842 0.74059606 0.45922714
vn -0.46530032 0.83457935 0.29491156
vn 0.079633914 0.6603415 0.7467312
vn 0.2551637 0.55527276 0.7915577
vn 0.15351918 0.782256 0.6037444
vn -0.27741516 0.9599018 0.0403657
vn -0.17724754 0.97234845 0.15205891
vn -0.9809012 0.17082424 -0.09301641
vn -0.97200036 0.1488375 -0.18183127
vn -0.054167558 0.99844325 -0.013301229
vn -0.20969526 0.8892781 0.40646315
vn -0.30335194 0.9351476 0.18296617
vn -0.3101693 0.92611563 0.2147202
vn -0.3763196 0.8529187 0.3618194
vn -0.031164572 0.9647566 -0.2612917
vn 0.008432712 0.99294335 -0.118289396
vn -0.811602 -0.56592596 0.14501695
vn -0.8390348 -0.5428527 0.03649058
vn 0.61561316 0.6904411 0.37988368
vn 0.8927017 0.43877867 0.10274699
vn -0.88751745 0.20454484 -0.41288528
vn -0.87817055 0.4006133 -0.26139176
vn -0.7760955 0.29070482 -0.5596127
vn 0.075343646 0.9450532 -0.31811586
vn 0.12268511 0.5910429 -0.7972557
vn 0.27232248 0.50524974 -0.81887925
vn 0.295453 0.74249107 -0.6011775
vn 0.47546858 0.806576 0.35123312
vn -0.19327873 0.880644 0.43256155
vn -0.26149786 0.8673807 0.42340246
vn -0.6362482 0.703822 0.31594735
vn -0.27338287 0.9563674 0.10306867
vn -0.0038121329 0.93400764 0.35723263
vn -0.122850254 0.9179796 0.37712237
vn -0.019015199 0.8323617 0.5539065
vn -0.97749406 -0.029521087 -0.20888735
vn -0.99940234 0.013711513 -0.031732287
vn -0.96403754 0.16694355 -0.20678893
vn -0.5080561 0.7830792 0.3587004
vn -0.6792256 -0.7312683 -0.062444214
vn -0.68100137 -0.73227024 -0.004180338
vn -0.783265 -0.5799071 -0.22406168
vn -0.15611301 0.83183044 0.5326226
vn -0.077899404 0.7762817 0.6255544
vn 0.5756726 0.30903718 0.7570317
vn 0.20520492 0.5106558 0.834938
vn 0.5640248 0.571363 0.5961714
vn -0.8832978 -0.42773065 0.19191518
vn -0.9802374 -0.13231625 0.14706072
vn -0.9598088 -0.2806439 -0.0024613868
vn -0.38944885 -0.19637033 0.8998713
vn -0.14610863 -0.011528029 0.98920137
vn -0.4168535 0.19335663 0.8881702
vn 0.06794307 0.29179072 0.954066
vn -0.29140434 0.45341676 0.84231627
vn -0.39733288 0.8595119 -0.32150552
vn -0.17036264 0.9383524 0.30078456
vn 0.27880904 0.86859477 0.4096446
vn -0.33799526 0.7612379 0.55342203
vn -0.31743658 0.83048445 0.45774406
vn 0.029566672 0.51911724 0.85419154
vn -0.2217311 0.7152306 0.6627825
vn 0.31251532 0.9456669 0.08971202
vn -0.8084319 -0.58410597 0.07251178
vn -0.39468384 -0.2529774 0.88330466
vn -0.18152638 0.5984912 0.7802926
vn -0.2570333 0.6817659 0.68492997
vn -0.43765542 0.5747858 0.69143254
vn 0.23457259 0.94791687 0.21547481
vn 0.3217592 0.7922865 0.51841414
vn -0.4585332 0.7846631 0.41719437
vn -0.52204996 0.49771547 0.6926349
vn -0.5843556 0.2240567 0.77995324
vn -0.38584802 0.49875054 0.7761244
vn -0.9305745 0.3024108 -0.20634642
vn 0.045699663 -0.55407596 -0.8312107
vn -0.007876655 -0.4503935 -0.89279544
vn 0.072927244 -0.49997488 -0.8629639
vn 0.13959657 0.08739917 -0.9863438
vn -0.10633429 0.065154575 -0.9921935
vn -0.0027410272 0.097839415 -0.99519837
vn -0.39730653 0.8067689 0.43734592
vn 0.06943572 0.9866721 0.14716351
vn 0.15644279 0.79080814 0.5917331
vn 0.03552932 0.0862557 0.9956393
vn 0.020958757 0.5147669 0.85707396
vn 0.91390204 0.2447743 -0.32383406
vn 0.8265205 0.29798168 -0.4775676
vn 0.86175483 0.30668613 -0.40413138
vn -0.9106976 -0.3760942 -0.17083082
vn -0.9353401 -0.3524427 0.030380666
vn -0.2211014 0.9631062 -0.15342964
vn -0.24323219 0.96975046 -0.020544587
vn -0.9842686 0.031473298 -0.17385298
vn -0.99318975 -0.053540546 -0.10347737
vn 0.8455777 0.4809152 0.2317737
vn 0.13830596 0.98989713 -0.031226931
vn 0.04804655 0.99437886 0.09435183
vn 0.07848344 0.6278567 0.77436197
vn -0.6131911 0.5834988 0.5324715
vn -0.92348635 0.30508512 0.23258542
vn -0.8346102 0.033868637 0.5497988
vn 0.16493504 0.9747306 -0.15065435
vn -0.42156664 -0.3345497 0.8428275
vn -0.22747397 -0.10586789 0.9680122
vn 0.353337 0.27070966 0.8954715
vn 0.2784247 0.38493648 0.87994516
vn 0.026369292 0.2507391 -0.96769553
vn 0.06117807 0.47163886 -0.87966704
vn 0.15504122 0.23728822 -0.95898724
vn 0.5259447 -0.79910105 0.29123795
vn 0.47853 -0.8780373 -0.007721342
vn 0.5633766 -0.70504934 0.43071133
vn -0.93024635 0.08741462 -0.35637122
vn -0.9107366 0.29595196 -0.2880474
vn -0.8650651 0.3585665 -0.35084522
vn 0.0977587 0.0042195735 -0.99520123
vn 0.02993216 -0.30188057 -0.9528758
vn 0.05728869 -0.15649036 -0.9860166
vn -0.5234863 0.25919 -0.81165427
vn -0.2589052 -0.029737256 -0.9654449
vn -0.07376747 -0.28898618 0.9544869
vn -0.124844596 0.8047749 0.58030266
vn 0.038826175 0.7339931 0.6780462
vn -0.79551643 0.2058936 -0.56987834
vn -0.87745595 0.093753725 -0.47040558
vn -0.95620525 -0.14242052 -0.25571078
vn 0.3017371 0.11030529 -0.9469886
vn 0.24059843 -0.08106898 -0.9672333
vn 0.4553435 0.21247771 -0.8645898
vn 0.23584066 0.1395198 0.96172416
vn 0.23968922 0.5144861 0.82331836
vn -0.1915538 -0.6660427 0.7208982
vn 0.09502921 -0.5766493 0.8114463
vn 0.23604551 -0.11203235 -0.96526235
vn 0.9629147 0.24852943 -0.105015874
vn 0.8931582 -0.1555636 -0.42198154
vn -0.9472588 0.03467998 -0.31858778
vn -0.27316058 -0.26641542 -0.92434084
vn -0.18784884 -0.42721263 -0.884422
vn -0.08025604 -0.52783245 -0.8455483
vn 0.911818 0.29763666 -0.28284338
vn 0.8690019 0.44987336 -0.20603338
vn 0.9369291 0.33176956 -0.109967284
vn 0.57149994 -0.36292973 -0.73598224
vn 0.6851658 -0.4168894 -0.5972865
vn 0.6095714 -0.58671373 -0.5330945
vn -0.17062189 -0.4082265 -0.8967939
vn 0.4667296 -0.84504914 -0.26087403
vn 0.8357265 -0.5246767 -0.16209707
vn 0.9423095 -0.31267697 -0.11952411
vn 0.18208048 0.33946523 0.9228272
vn 0.19763288 0.46742952 0.8616559
vn 0.08147437 0.5004493 0.8619237
vn 0.4737663 -0.5781524 -0.66429305
vn 0.8671373 0.49594292 -0.04597194
vn 0.9302345 0.3651013 0.036942523
vn 0.75906277 -0.25146598 -0.6004904
vn 0.67104083 0.28268734 -0.6854138
vn 0.86082757 0.22926632 -0.454327
vn 0.6959017 0.37578228 -0.61197114
vn -0.2561269 0.9628828 0.085181214
vn 0.011540838 0.97987896 0.19925836
vn -0.3129915 0.20214106 0.9279953
vn -0.35957283 0.32528514 0.87458384
vn -0.55495244 0.19683285 0.8082602
vn 0.2603557 -0.2465506 0.9335029
vn 0.2108893 -0.25045094 0.94488096
vn 0.07806478 -0.5750722 0.81436956
vn 0.15268432 -0.23951279 0.95881236
vn 0.36229643 0.51058096 0.7797745
vn 0.5592461 -0.8286108 0.025454823
vn 0.45665857 -0.8885628 -0.04380815
vn 0.5413486 -0.8264241 -0.15480635
vn 0.811335 -0.090312704 -0.57756305
vn 0.8713675 -0.2942563 -0.3925963
vn 0.9590173 0.010939392 -0.28313637
vn 0.98443955 0.051162947 -0.1681101
vn 0.99405897 0.048218668 -0.09757871
vn -0.5981032 0.64531857 -0.47522253
vn -0.55658615 0.79791373 0.23139922
vn -0.72947395 0.64502394 0.22762217
vn -0.9203834 0.23136526 -0.31522143
vn -0.84372866 -0.14026621 -0.5181191
vn -0.857382 0.29385468 -0.42254645
vn -0.70723164 -0.7064543 -0.027307596
vn -0.6887253 -0.69463 -0.20771752
vn -0.677594 -0.69697785 -0.23470904
vn -0.22621989 0.24632567 0.9424162
vn -0.25326112 0.36124545 0.89741886
vn -0.28963992 0.060460135 0.9552242
vn 0.14513391 -0.3078387 0.940304
vn 0.01779021 0.15676762 0.9874753
vn 0.09799111 0.23100047 0.9680065
vn 0.043414287 0.41112706 0.9105436
vn 0.23621097 0.4253132 0.87367797
vn 0.31280833 0.49915636 0.8080803
vn 0.25584474 0.5838052 0.770529
vn 0.32301486 -0.3215547 0.8900921
vn 0.055123147 -0.14344746 0.98812157
vn 0.09410362 -0.45444053 0.8857925
vn 0.58350337 0.35549393 0.73016965
vn 0.46308848 0.22151615 0.8581839
vn 0.93636394 0.3370611 -0.09804266
vn 0.9948733 0.09440848 0.03625391
vn -0.96628606 0.25325394 0.046407223
vn -0.96645725 0.23613599 0.10099641
vn -0.93193746 0.35073972 0.092055134
vn -0.82343096 -0.004234017 -0.56740063
vn -0.7897192 0.07338684 -0.6090631
vn -0.0019994916 0.91469866 -0.40413174
vn 0.046375673 0.85060996 0.5237479
vn -0.21729413 0.36353418 0.9058842
vn 0.85786283 -0.4819471 -0.17832085
vn 0.8543543 -0.49312812 -0.1640225
vn 0.958727 -0.26124194 -0.11222795
vn 0.044961415 -0.551635 0.8328729
vn -0.078838505 -0.72904074 0.6799147
vn -0.07413552 -0.6200721 0.7810343
vn 0.0673404 0.59607184 0.80010223
vn 0.055057094 0.7436136 0.666339
vn 0.086066395 0.6124102 0.7858411
vn 0.9818202 -0.116546944 -0.14981963
vn 0.6984512 -0.71400934 0.048544757
vn 0.8240974 -0.36682197 0.43163076
vn -0.9792625 0.16446146 0.11831099
vn -0.011413979 -0.5911981 -0.8064457
vn -0.096605234 -0.5913996 -0.80057114
vn 0.25228125 -0.84327865 -0.4745896
vn 0.9763366 0.2106476 0.04893287
vn 0.97825474 0.20193245 -0.04733965
vn 0.99685013 0.0788857 -0.008177962
vn -0.22432563 0.93322873 -0.28064615
vn -0.90963256 -0.41375083 -0.037132323
vn 0.27450675 0.92106146 -0.27620983
vn 0.023828419 -0.99779254 0.061985362
vn 0.025268406 -0.9967371 0.07665862
vn 0.019755058 -0.9979128 0.061479714
vn 0.32881483 -0.41780725 0.84694624
vn 0.18620186 -0.4051029 0.8951092
vn 0.119234964 -0.704403 0.6997138
vn 0.16806386 0.03200049 0.98525655
vn 0.991269 -0.06093824 -0.116928615
vn 0.952934 0.17354308 -0.24859515
vn 0.9308524 0.33713 -0.14091574
vn 0.7827677 -0.44858366 -0.43133217
vn 0.865768 -0.47646064 -0.153072
vn 0.46244454 -0.62383103 -0.6300634
vn 0.9661696 -0.2568463 0.023377122
vn -0.31568646 0.13905725 0.9386187
vn -0.42429993 0.021892354 0.90525705
vn -0.31718397 0.18424256 0.9302951
vn 0.2084108 0.5994763 0.77278274
vn 0.38535783 0.5863537 0.7125228
vn 0.08931345 0.60133576 0.79398894
vn 0.12336496 0.24089462 0.962679
vn 0.22357985 0.3906465 0.89297664
vn 0.24000958 -0.1476036 0.95948344
vn 0.20945977 -0.25205487 0.9447724
vn 0.670132 0.2593082 0.69547284
vn 0.28482783 0.6059061 0.74279934
vn 0.95136255 -0.039266888 -0.30556083
vn 0.97468823 0.031280316 -0.2213692
vn 0.8924248 -0.10206655 -0.43950015
vn 0.18129086 0.9552301 0.23381406
vn 0.33398515 0.93830574 -0.08964512
vn 0.46545115 0.88449425 -0.032018535
vn 0.45430306 0.8798343 -0.13964328
vn -0.3009293 -0.38598636 0.8720413
vn -0.2725036 -0.20830305 0.9393357
vn -0.4644669 -0.32592198 0.8234351
vn -0.47460562 -0.13811643 0.8692947
vn -0.23424058 0.26471493 0.935445
vn 0.9120941 -0.038036563 -0.40821254
vn 0.9414403 0.072609305 -0.3292689
vn -0.013743572 -0.26319638 0.9646443
vn -0.055055033 -0.39129186 0.9186183
vn -0.059939217 -0.2750375 0.9595633
vn -0.10443685 0.5376278 0.83668953
vn -0.13200893 0.6962268 0.70557916
vn 0.12213168 0.64541525 0.7540047
vn 0.17874303 -0.08794156 0.97995776
vn 0.24039173 -0.09064542 0.9664343
vn 0.1791422 0.03779137 0.9830971
vn 0.49206382 0.3191303 0.8099562
vn 0.5347152 0.26827484 0.80131656
vn 0.33204156 0.59243 0.73401296
vn -0.07513927 -0.31298608 0.94678074
vn -0.24076378 -0.2238186 0.9444247
vn 0.7463988 -0.19997708 0.6347425
vn 0.7634836 -0.26416016 0.589332
vn 0.70263124 -0.08705008 0.7062093
vn -0.6238668 -0.7419852 0.245455
vn -0.7558781 -0.52805924 0.3870423
vn 0.8720024 0.37362534 0.31625268
vn 0.8576667 0.5051981 0.09582659
vn 0.8292561 0.492703 0.26377657
vn -0.5059692 -0.18222511 -0.8430832
vn -0.43984532 -0.17918995 -0.8800153
vn -0.54025114 -0.3507599 -0.7649158
vn -0.054448936 -0.25477153 0.96546715
vn -0.18644728 0.0577799 0.9807644
vn -0.084683314 0.31231758 0.9461958
vn 0.09218648 -0.10501783 0.9901883
vn 0.38499695 -0.5118685 0.7679635
vn 0.5126219 -0.3371427 0.78965414
vn -0.343974 -0.4320888 -0.8336553
vn -0.5040374 -0.358885 -0.78558755
vn -0.31628862 -0.5995033 -0.73522604
vn -0.1777991 0.031536605 0.98356134
vn 0.90572125 -0.38578075 -0.17561972
vn 0.7816898 0.5643888 0.26537946
vn 0.72508293 0.47599584 0.49767736
vn 0.8118988 0.41919255 0.40632242
vn -0.11790474 0.3037836 0.9454174
vn -0.0520417 0.45463532 0.889156
vn -0.00598182 0.28911975 0.9572742
vn -0.004811922 -0.3451374 0.93853986
vn -0.13475893 0.0049787406 0.9908659
vn 0.018114127 -0.10023942 0.9947984
vn 0.514504 0.28031126 -0.81037724
vn 0.64138377 0.057367735 -0.7650724
vn -0.9744559 -0.16971739 0.14707686
vn -0.9806463 -0.07183777 0.18213232
vn -0.9485969 0.28041112 -0.14674312
vn -0.31902012 0.71143377 0.6261694
vn 0.3156779 -0.6531928 -0.6882489
vn 0.21630968 -0.8123986 -0.5414966
vn 0.3555482 -0.8266117 -0.4362322
vn -0.27950272 -0.7935992 -0.540443
vn -0.3000758 -0.8782538 -0.3723234
vn -0.3292533 -0.9012431 -0.28169698
vn -0.15682271 -0.33847994 0.92781353
vn -0.18109596 -0.21557151 0.9595484
vn -0.0005954145 -0.1303498 0.9914679
vn -0.015459683 0.13527147 0.9906879
vn -0.15287717 0.6964847 0.7010974
vn 0.00087106356 0.50911963 0.8606953
vn 0.2989494 0.17445536 0.9381869
vn -0.76915693 -0.22186854 -0.59930956
vn -0.7224774 -0.1258153 -0.67985064
vn -0.917921 -0.09236909 -0.38586152
vn -0.11503985 -0.12585016 0.98535657
vn 0.05127152 0.24806403 0.9673859
vn 0.27828202 -0.063775614 0.9583798
vn 0.12082298 -0.22955905 0.96576625
vn 0.008621957 0.1162549 0.993182
vn -0.8976656 -0.41069767 -0.15976173
vn -0.9862347 0.0889407 -0.1393939
vn -0.66760486 -0.73502374 -0.118506745
vn -0.13536437 0.41955227 0.8975814
vn 0.69950646 -0.014956516 0.71446973
vn 0.2938023 -0.017029827 0.9557145
vn 0.04509711 0.40682375 0.91239285
vn -0.44461536 0.17947924 -0.87755597
vn -0.7380079 0.32131377 -0.5933817
vn -0.5674079 0.545823 -0.61654323
vn -0.016637333 -0.04002265 0.9990603
vn 0.44716677 -0.54210186 0.7114545
vn -0.46398288 -0.32574883 0.8237764
vn -0.7322823 -0.14316738 0.665782
vn -0.4780161 -0.10960478 0.8714857
vn 0.22594936 0.96713233 0.116627075
vn 0.27584448 0.8962081 0.347449
vn -0.29084805 0.32467926 -0.8999949
vn -0.3437114 0.4001123 -0.849572
vn -0.32401994 0.37780917 -0.8673357
vn -0.19628991 -0.5205772 0.830945
vn -0.058812656 -0.49953225 0.8642966
vn 0.13029422 0.1337683 0.98241
vn 0.022710798 0.4265366 0.90418506
vn 0.17841958 -0.05338881 0.9825051
vn 0.26631138 0.19297092 0.944373
vn 0.17379814 0.19228552 0.9658263
vn 0.9971427 -0.059478644 -0.046571594
vn 0.9125142 0.3232621 -0.25063816
vn 0.8607425 -0.1987723 -0.46862766
vn 0.004942716 0.66018647 0.75108546
vn -0.116439596 -0.57145816 0.81232834
vn -0.00028395868 0.89885443 0.43824714
vn -0.73423135 -0.5198985 -0.43658897
vn -0.8107086 -0.34618944 -0.47212762
vn -0.05969928 0.021435304 -0.99798626
vn 0.12780356 0.17665431 -0.9759403
vn -0.13844322 -0.14796634 0.9792546
vn 0.017483665 0.4853852 0.87412554
vn 0.19958284 0.124897495 0.9718885
vn 0.08607284 0.099689044 0.99128884
vn -0.017111266 0.098243944 0.99501526
vn 0.9832297 -0.11088971 0.14478526
vn 0.99432665 0.10096849 0.033465315
vn 0.9625266 0.10300519 0.25086337
vn 0.06992275 0.370617 0.92615
vn -0.24399906 0.38635704 0.8894901
vn 0.15600412 0.7848634 0.59971
vn -0.055813972 0.6787253 0.7322682
vn 0.1385252 0.08869595 -0.98637915
vn 0.25264314 -0.9144538 -0.31614193
vn -0.038513277 -0.9355324 -0.3511352
vn -0.056702882 -0.5857866 0.80847937
vn 0.0029231205 -0.36962754 0.9291754
vn -0.06678536 -0.02205675 0.99752355
vn 0.019676428 0.2765193 0.96080685
vn 0.16963711 0.4147921 0.89396346
vn 0.07553839 0.20930095 0.9749293
vn -0.14974055 0.1648051 0.9748934
vn 0.28962854 0.20855926 0.93414044
vn 0.2298884 0.25440484 0.9393772
vn 0.27574274 0.26827517 0.92303544
vn 0.092148826 0.6636052 0.7423858
vn 0.40220338 -0.9094527 0.10549089
vn 0.3583996 -0.93285453 -0.036498677
vn -0.20419136 0.9225691 0.32737163
vn -0.3290444 0.21463303 -0.9195991
vn -0.012427818 -0.32261425 0.9464489
vn 0.016662989 0.15084797 0.9884165
vn -0.1800873 -0.5873004 0.78907967
vn 0.20711459 0.47233936 0.8567375
vn 0.16607514 0.3756475 0.911761
vn -0.13637406 0.5154162 0.846019
vn -0.12298778 0.6217606 0.77349055
vn 0.33872616 0.23945066 0.9099055
vn 0.37774843 0.2692356 0.8858997
vn 0.57232404 0.24049214 0.7839699
vn 0.0969522 0.4435891 0.89097077
vn 0.16536154 0.7633995 0.6244011
vn 0.6702485 -0.70739377 -0.2244126
vn 0.8537876 -0.4625427 -0.23895794
vn 0.81163925 -0.577652 -0.08694728
vn 0.3398943 0.4131899 0.84483486
vn -0.55465966 0.78106874 -0.2868522
vn -0.46604812 0.75706303 -0.4578808
vn -0.69565815 0.5905668 -0.40901172
vn 0.7745906 0.48996758 0.39992642
vn 0.8563709 0.34917915 0.38039804
vn -0.15560594 -0.28220016 0.94665194
vn -0.3827042 -0.22293627 0.89656955
vn -0.37014827 -0.34889755 0.860965
vn -0.409268 0.088199146 0.90814126
vn -0.54724365 -0.37807178 0.74671686
vn 0.14262658 -0.22275083 0.9643857
vn -0.03342262 0.1748565 0.98402655
vn 0.013828278 0.36231676 0.9319525
vn -0.0076863687 0.5271936 0.84971046
vn 0.023366526 0.6519697 0.7578849
vn -0.12168247 -0.09241394 0.9882576
vn 0.117689446 -0.16101898 0.9799092
vn -0.10362736 -0.30349946 0.94717973
vn 0.30652755 0.51573044 0.80003935
vn 0.28713623 0.46589327 0.8369565
vn 0.21317708 0.46015212 0.8618675
vn 0.87988496 0.44172043 0.17517291
vn 0.82966554 0.55029863 0.093949266
vn -0.021325454 -0.33382264 0.9423946
vn 0.0807563 0.42544216 0.90137523
vn 0.24842827 -0.018481098 0.968474
vn 0.0061598956 0.49788666 0.8672202
vn -0.047546238 0.8822087 0.46845174
vn 0.08519451 0.74998134 0.6559497
vn -0.41986832 0.60329366 0.67804676
vn 0.1975381 -0.035522766 0.9796514
vn -0.008394329 0.15777223 0.9874399
vn 0.19326484 0.112621166 0.9746616
vn 0.089052185 0.40151644 0.911512
vn 0.16292833 0.36816052 0.9153754
vn 0.009084762 0.36777428 0.92987067
vn 0.99824846 -0.05073285 0.030434364
vn 0.9531819 0.24824801 0.17267622
vn 0.999044 -0.008891121 0.042802256
vn 0.25390545 0.4392987 0.86171263
vn 0.9309183 -0.01047825 0.36507726
vn 0.18964134 -0.9530277 -0.23616576
vn 0.046810035 -0.9753196 -0.21577865
vn 0.5611138 -0.79144555 -0.24241543
vn -0.097453184 0.39944947 0.9115608
vn 0.36139223 -0.07566028 0.9293391
vn -0.21773186 0.92157346 0.32139567
vn -0.1418553 0.87531203 0.46228337
vn 0.25294274 -0.1411561 -0.95712847
vn 0.58426297 -0.5723439 -0.5753776
vn -0.8840644 -0.42066205 0.203651
vn -0.9665821 0.25064892 -0.053796772
vn -0.5099726 -0.859539 0.033476487
vn 0.11534017 0.21033704 0.97080123
vn 0.034819994 0.33240768 0.94249284
vn 0.0761801 -0.548517 0.8326618
vn 0.2832985 -0.46308097 0.83982027
vn 0.082930215 -0.2943989 0.9520776
vn -0.21373616 -0.30193472 0.92905986
vn 0.27441317 0.19546583 0.94153625
vn 0.25100482 0.30852866 0.9175002
vn 0.3115418 0.14172983 0.93960327
vn -0.11267643 0.5778118 0.8083548
vn -0.6683518 0.07620066 0.73993194
vn -0.8033586 0.39255077 0.44779325
vn 0.016587276 -0.28561097 0.9582021
vn -0.008973967 -0.57477397 0.81826293
vn -0.13580337 0.4036976 0.90475726
vn 0.01658167 0.57992786 0.8144991
vn 0.32296237 -0.7947536 -0.51386964
vn 0.6652793 -0.68783474 -0.2903217
vn -0.22645673 0.10959384 0.967836
vn 0.27734748 -0.17170043 0.9453027
vn 0.3356744 -0.16161455 0.9280105
vn 0.2769639 0.086879194 0.9569446
vn 0.3146923 0.06986878 0.94661874
vn -0.9876225 0.08577372 0.1313195
vn -0.95896477 -0.0010071878 -0.2835235
vn -0.9992757 -0.028976671 -0.024668679
vn 0.4380937 -0.5472082 0.71318805
vn -0.22746316 0.70975834 0.6667111
vn 0.17029436 0.5086303 0.8439757
vn 0.35656497 0.13272482 0.92479485
vn 0.23203143 0.6463385 0.7269166
vn 0.49675074 0.33016315 0.80263996
vn 0.8598822 0.50838304 -0.046360992
vn 0.7801949 0.25694507 -0.57032907
vn -0.3510375 0.16590527 -0.9215465
vn 0.109606266 0.13875587 0.98424256
vn 0.11434334 -0.8308914 -0.5445596
vn 0.41641402 -0.81698453 -0.39891815
vn 0.38981414 0.30326518 0.8695258
vn -0.86829555 0.24236551 -0.43280688
vn -0.7069394 0.52607685 -0.47273648
vn 0.021805566 0.43849024 0.8984714
vn 0.50198805 0.80633026 0.312793
vn 0.7078675 -0.13742445 -0.6928477
vn 0.58352524 0.02776076 -0.81162035
vn 0.54478985 -0.029974375 -0.8380367
vn -0.13913606 -0.21062309 0.9676151
vn 0.059059974 -0.087943956 0.9943731
vn 0.1513621 0.16393463 0.97478974
vn 0.13295227 0.34265146 0.9300074
vn -0.06638295 0.72184634 0.68886226
vn -0.1590194 -0.5775811 -0.80069524
vn -0.031192722 -0.7880072 -0.61487526
vn 0.25952294 -0.85404015 -0.45084724
vn 0.13618664 -0.763646 -0.6311085
vn 0.27999845 -0.9073459 -0.31356695
vn 0.5763498 0.15379624 0.80260056
vn 0.33949867 0.26256287 0.9032173
vn -0.08290233 -0.055466127 0.99501294
vn 0.059321422 0.6067422 0.7926821
vn 0.008367359 0.64056635 0.7678573
vn 0.9866181 0.13463753 0.091963984
vn 0.9490403 0.05879324 0.30962214
vn 0.6539429 -0.75343156 -0.06855431
vn 0.16645992 0.33066568 0.92895174
vn -0.14539215 -0.14725883 0.9783537
vn -0.069751315 -0.029069629 0.99714077
vn 0.21752599 0.42873836 0.87685
vn 0.7366527 -0.6476336 -0.19471416
vn 0.27197936 -0.03348623 0.9617202
vn 0.06825822 0.020782834 0.9974512
vn 0.13961172 0.4283565 0.8927593
vn -0.9689807 -0.24450807 -0.035948757
vn -0.16939113 -0.13642807 0.97606045
vn 0.076653324 0.024518464 0.99675626
vn 0.027503021 0.1663053 0.9856907
vn -0.9681698 0.20465545 0.14409496
vn 0.979619 -0.1999914 -0.018707877
vn -0.04484112 0.5411149 0.8397523
vn 0.25752372 0.2954516 0.91999453
vn 0.20616078 -0.1625595 0.9649208
vn 0.07684754 -0.16652638 0.9830379
vn 0.0169766 -0.11859045 0.99279815
vn 0.99483055 0.025488349 0.09829795
vn -0.66476876 0.7434327 -0.07341806
vn -0.41134825 0.910528 -0.041610096
vn 0.007953633 0.18816148 0.98210585
vn -0.06815085 0.20773165 0.97580886
vn -0.10172585 0.017217891 0.9946635
vn 0.0097871935 0.3087609 0.9510893
vn 0.09419892 0.06074489 0.9936984
vn 0.05531424 -0.063396946 0.9964543
vn -0.16590291 -0.03187325 0.9856268
vn -0.25159463 0.056815226 0.96616364
vn -0.01494424 0.38626313 0.92226756
vn 0.9398838 0.29066554 -0.17925355
vn 0.9364648 0.34784576 0.045133684
vn 0.97697765 -0.21259563 -0.017825762
vn 0.16797502 -0.80033344 -0.57554394
vn 0.12485083 -0.6913198 -0.7116806
vn 0.3979535 -0.91209203 -0.098595865
vn 0.50389045 -0.7298195 0.46201518
vn 0.14654677 -0.11236662 0.98280096
vn -0.22856086 0.18865238 0.955076
vn 0.18726581 0.4024756 0.896072
vn 0.012902647 0.54663426 0.83727205
vn 0.07749053 0.5831854 0.80863476
vn -0.022741586 0.648033 0.76127267
vn -0.09873568 0.7925399 0.60177386
vn -0.37783223 0.9166371 0.1304575
vn -0.40580416 0.9128727 -0.044569682
vn -0.59096897 0.7947515 0.13829555
vn 0.6361423 -0.05125362 0.7698675
vn 0.13810323 0.4841569 0.8640136
vn -0.17703892 0.743065 0.64537704
vn -0.013966372 0.56860244 0.82249385
vn 0.02535453 0.70910496 0.70464694
vn -0.10561778 0.66006446 0.7437471
vn -0.28431407 0.35338405 0.8912268
vn 0.9320329 0.11467112 -0.3437516
vn 0.9218503 -0.16752544 -0.34946704
vn 0.61598223 0.025068335 0.78736115
vn 0.27059215 -0.120715566 0.95509565
vn 0.20739579 -0.13679032 0.9686461
vn 0.10878589 0.0026169706 0.99406177
vn -0.027538816 -0.14330019 0.989296
vn -0.14367126 -0.0457868 0.98856574
vn -0.18961838 0.41166002 0.89139265
vn -0.1462255 0.49214745 0.85814273
vn 0.30330637 -0.13303477 0.9435607
vn 0.91173375 0.3936711 0.117322855
vn 0.9393234 0.3121123 0.14232893
vn 0.23358399 -0.96651345 -0.10625539
vn 0.7126433 -0.6588559 -0.24093221
vn -0.41327554 0.57576954 0.7054735
vn 0.08664175 0.38929132 0.9170308
vn 0.3384245 -0.11673702 0.9337244
vn 0.3293303 -0.19573556 0.923704
vn 0.20175059 -0.13504598 0.9700821
vn -0.16990183 0.5425059 0.8226911
vn 0.2758298 0.24022056 0.93070513
vn 0.28445122 0.28407094 0.915637
vn -0.034664743 -0.00026216914 0.99939895
vn 0.76574105 -0.21415655 0.60644674
vn 0.3384086 -0.12015021 0.93329716
vn -0.05578564 -0.21215264 0.9756429
vn -0.14254972 -0.22698647 0.96340895
vn -0.19052453 0.4755583 0.8588042
vn 0.6877951 -0.091956906 0.7200569
vn 0.7202881 -0.1419076 0.67900467
vn 0.744426 0.6394098 0.19231498
vn 0.47923583 0.8654283 0.14617404
vn 0.35743874 -0.15596823 0.920821
vn 0.20876583 -0.13471526 0.96864265
vn -0.079429254 0.63555765 0.7679567
vn -0.06158836 0.80898273 0.5845972
vn -0.052795924 -0.1570164 0.98618376
vn -0.10205539 0.52247334 0.846526
vn -0.07370984 0.3990832 0.9139472
vn 0.17450118 -0.011552635 0.9845892
vn 0.31266826 -0.18808389 0.9310547
vn -0.061246872 0.022799427 0.9978622
vn -0.106940225 0.2813152 0.95363814
vn -0.43735966 -0.8514124 -0.2895054
vn -0.9748052 -0.007420279 -0.22293441
vn -0.9856251 0.16893649 -0.001892744
vn -0.6455657 -0.23143971 0.72779155
vn -0.15365423 0.44304848 0.88323176
vn 0.2960762 0.4176957 0.8589931
vn 0.04429812 0.63830805 0.7685054
vn 0.70412517 -0.6092548 -0.36471412
vn 0.020233113 -0.2290304 0.97320896
vn -0.41240123 -0.2899033 0.86364424
vn -0.7452679 -0.06440023 0.66364783
vn -0.45677093 0.05501615 0.8878814
vn 0.0051203948 0.22178096 0.97508305
vn 0.992131 0.10738368 0.06438054
vn 0.9824392 0.15487228 0.104056224
vn 0.66324186 -0.4170781 0.62141466
vn 0.06985412 0.09927693 0.99260485
vn 0.267087 0.45686013 0.8484948
vn 0.092096426 0.66220903 0.743638
vn -0.8648867 -0.21244445 0.4547948
vn -0.8748884 0.057000194 0.48095855
vn 0.81710017 0.14009987 -0.55921304
vn 0.8426091 0.40027654 -0.36026183
vn 0.26218292 0.96430165 0.037181284
vn -0.40387732 -0.15710439 0.90122217
vn -0.52718073 0.11034712 0.84255797
vn 0.84373397 0.4030725 -0.35446528
vn 0.80901605 0.49446106 -0.31780693
vn 0.20506008 0.80549204 0.55599713
vn 0.19649163 0.5845506 0.7872049
vn 0.96038866 0.16335316 0.22576381
vn 0.9849959 0.07848076 0.15370098
vn 0.7021362 -0.661408 -0.26371247
vn 0.83831954 -0.4960266 -0.22622545
vn -0.3238383 0.8410651 0.43328768
vn -0.51158386 0.71459836 0.477107
vn -0.3090153 0.7552523 0.5780169
vn -0.7353201 -0.2517666 0.6292201
vn -0.1762439 0.22664504 0.9578988
vn -0.24256647 0.5651322 0.7885348
vn -0.23373544 0.4482223 0.8628236
vn -0.116334476 0.7242176 -0.67968756
vn -0.058789805 0.6334909 -0.77151346
vn -0.11934735 0.63622296 -0.7622181
vn 0.09814112 -0.0074154167 0.9951449
vn -0.065945715 0.011317439 -0.99775904
vn 0.9581106 -0.2769328 -0.07302326
vn -0.7887657 -0.039050214 0.61345226
vn -0.8106181 -0.14533906 0.56725204
vn -0.8208569 -0.27279472 0.50177383
vn -0.9344048 -0.014016214 0.3559371
vn -0.99108434 -0.13268003 0.012155655
vn -0.8801121 -0.30629796 0.36274529
vn 0.73032844 -0.33690217 0.5942367
vn -0.48182985 0.4026672 0.7782667
vn -0.20169325 0.46104294 0.8641523
vn -0.25475678 0.6547456 0.7116229
vn -0.11483224 0.845536 0.52142346
vn -0.28288183 -0.11934859 -0.95170045
vn -0.26603976 -0.3810606 -0.88544655
vn -0.051758956 0.77219707 0.6332714
vn 0.13325948 0.9177705 0.37408453
vn 0.37334347 0.9274759 0.020075336
vn -0.355253 0.32506937 0.87642753
vn -0.005316202 0.61677927 0.78711826
vn -0.29098573 0.8213267 0.49066254
vn -0.6846153 0.32432726 0.65277374
vn 0.628811 0.18371081 0.7555442
vn -0.1122685 0.3514123 0.929465
vn 0.17836311 -0.864234 -0.47041067
vn 0.41083172 -0.8813789 -0.23321368
vn 0.7409663 -0.11629793 0.66139525
vn 0.38526392 0.39296496 0.8349552
vn -0.17593993 0.8784599 0.4442447
vn -0.28630877 0.39534578 0.87277085
vn 0.16982514 0.32372046 0.930787
vn 0.01570664 0.84314954 0.53744966
vn -0.071256064 0.2430141 0.967402
vn -0.17165084 0.6330717 0.75482196
vn -0.13562211 0.7077095 0.6933642
vn -0.94245064 0.09584755 -0.32031247
vn 0.1936745 0.89646137 0.39855632
vn 0.8057932 0.120467685 0.57981443
vn 0.8055059 0.27074414 0.52712214
vn 0.49138927 0.8426222 0.22028232
vn -0.15920112 0.3437834 0.9254556
vn 0.37916905 -0.11925834 0.91761005
vn 0.3919759 0.86593676 0.3106581
vn -0.964977 0.19183002 -0.17894302
vn -0.98997664 -0.12749435 0.060757473
vn -0.971662 -0.1632953 -0.17090221
vn -0.2796435 0.57937855 0.7655847
vn 0.6171272 0.30363584 -0.7259196
vn 0.5403414 0.17963639 0.8220475
vn 0.3831671 0.2676115 0.8840629
vn -0.6449876 0.08085363 0.7599037
vn -0.7844352 -0.11643134 0.609184
vn -0.05288587 -0.35103616 -0.93486726
vn -0.6100269 -0.32227233 -0.72388375
vn -0.4950967 -0.42095882 -0.7600479
vn 0.30241784 0.70187205 0.6449179
vn 0.319 0.69732666 0.6418524
vn 0.24756995 0.54838485 0.7987385
vn 0.02527357 0.2613576 0.9649111
vn 0.4794393 -0.083268434 0.8736156
vn 0.3625839 0.14663446 0.920343
vn 0.15645872 0.73398745 0.66089565
vn -0.98289925 0.16806279 -0.07525807
vn -0.8745782 0.4480626 0.18534532
vn -0.6804404 0.72128564 -0.12941335
vn 0.38896614 0.8412763 -0.3754458
vn -0.40976483 0.90643924 0.10227758
vn -0.48380473 0.85623443 -0.18109506
vn 0.5199481 -0.8537634 0.027239788
vn -0.05286882 0.3153918 0.9474877
vn -0.29215956 0.2007754 -0.9350572
vn -0.5741493 0.41169193 -0.7077162
vn -0.16442356 0.3267227 -0.9307079
vn 0.29143482 0.035350554 0.9559372
vn 0.33033782 -0.007580592 0.94383234
vn 0.27303743 0.5043089 0.81922114
vn -0.18670727 0.27584538 0.94289434
vn -0.54758584 -0.3428484 0.76328546
vn -0.06303178 0.9970572 -0.043633908
vn 0.17661083 0.9629402 0.20384961
vn -0.23488976 -0.66088516 -0.71278167
vn -0.5405018 0.03521483 0.8406056
vn -0.4191937 -0.28938314 0.86054295
vn -0.29657868 0.02946391 0.9545538
vn -0.25204968 -0.080889836 0.96432763
vn 0.5275389 0.3372301 0.77972984
vn -0.12583572 0.17790516 0.97596884
vn -0.42367163 0.32801083 0.84434074
vn -0.12263648 0.49711227 0.85897595
vn -0.271073 0.56038415 0.78261673
vn 0.69210863 -0.13942325 -0.7081997
vn 0.6504894 -0.18146846 -0.737518
vn 0.5804172 0.009024028 -0.81426924
vn 0.27268064 -0.08257491 0.95855445
vn -0.58903337 0.80722314 0.037822135
vn -0.26479384 -0.25259545 0.930634
vn 0.062257346 -0.07363592 0.99534
vn -0.43801466 -0.30893373 0.8442175
vn -0.7036595 -0.19445966 0.68340963
vn -0.4996354 -0.28036243 0.8196105
vn -0.12239023 -0.24573004 0.9615807
vn -0.2565758 0.41725057 0.8718204
vn -0.40977526 0.5154619 0.75258434
vn 0.31614244 0.8820035 0.34946212
vn -0.0020823302 -0.99286634 0.11921385
vn -0.06340007 -0.87020284 0.4885975
vn -0.0015780661 -0.99542224 0.0955614
vn -0.17174153 0.35507864 0.91892546
vn -0.24450192 0.64747244 0.7218021
vn 0.024761371 0.15524669 0.98756534
vn -0.53338665 -0.23638812 0.8121695
vn -0.3225812 -0.3493999 0.87969375
vn -0.27904934 -0.13738626 0.950398
vn -0.18861769 -0.18512891 0.9644432
vn -0.08445295 -0.05166861 0.9950869
vn -0.052972686 0.18526664 0.98125947
vn -0.24864605 0.6756506 0.69402546
vn -0.8160749 0.13354023 -0.56230664
vn -0.77265745 0.24785192 -0.5844398
vn 0.34569436 0.92776585 0.14052051
vn -0.18646084 0.48217225 0.85600364
vn -0.22872774 0.7763778 0.58729994
vn 0.5412836 -0.7303013 -0.41673973
vn 0.923196 -0.13468474 -0.3599571
vn -0.16952212 -0.2477986 0.95386475
vn -0.071341805 0.08901545 0.99347204
vn -0.26638564 -0.5081133 0.81906015
vn -0.3101193 -0.26427132 0.9132287
vn -0.13174431 -0.029418407 0.9908471
vn -0.110378645 0.16238585 0.98053426
vn -0.16525021 0.37215778 0.9133405
vn 0.3660108 0.4670231 0.80493826
vn -0.23638903 -0.35669553 0.90381885
vn -0.27623948 -0.19364345 0.9413787
vn -0.19077922 -0.08418433 0.9780165
vn -0.078767605 0.39624307 0.9147607
vn -0.044663783 0.15258548 0.9872805
vn 0.96191674 0.180292 -0.20545293
vn -0.027579088 0.11115219 0.99342066
vn -0.16961293 -0.2938525 -0.9406817
vn -0.3371693 0.9370821 0.09051995
vn -0.25186992 -0.033251047 0.96718967
vn -0.007955965 0.106214955 0.99431133
vn -0.11122037 0.8999515 0.42156532
vn -0.27485755 0.8400673 0.46769667
vn -0.029010348 0.81754553 0.57513285
vn -0.9350196 0.3070747 0.17732286
vn 0.3542551 -0.05644737 0.9334437
vn 0.187949 0.032590233 0.9816379
vn 0.45900124 -0.041421205 0.8874695
vn 0.78466624 -0.1796586 0.5933141
vn -0.44996363 0.8027885 0.3912333
vn 0.57457525 0.42491597 0.6995068
vn 0.4794344 0.4759135 0.73732555
vn 0.50102 0.34787577 0.7924402
vn 0.44449484 -0.3309952 0.832386
vn 0.5049051 -0.5737891 0.6448542
vn 0.4109007 0.45516145 0.78992945
vn 0.39883688 -0.22230254 0.88966894
vn 0.4425479 -0.2200577 0.86932504
vn 0.10640406 -0.88350195 0.45618257
vn 0.2569883 -0.45703053 0.85151637
vn 0.24669313 -0.50987244 0.82411927
vn 0.52246505 0.4145826 0.7450849
vn 0.44264704 0.25422505 0.859903
vn 0.5371836 0.33797956 0.7727895
vn 0.5626726 0.07164482 0.82356936
vn 0.4454532 -0.20452935 0.8716302
vn 0.4772306 -0.16063868 0.8639712
vn 0.33279866 -0.098158024 0.9378753
vn 0.69668347 -0.17457744 0.69581234
vn 0.8644567 -0.109377414 0.49066395
vn 0.80530953 -0.24064007 0.54182005
vn 0.94813865 0.08041732 -0.3075161
vn -0.30300805 0.09417119 0.9483238
vn 0.300146 -0.08193453 0.9503679
vn 0.76306957 0.1134024 0.6362899
vn 0.63932866 -0.39090854 0.6621552
vn -0.16781926 -0.50867546 -0.8444442
vn -0.021245675 -0.6108345 -0.79147327
vn 0.45527756 -0.4749779 0.75307256
vn 0.44700226 -0.59386694 0.66896266
vn 0.4461754 -0.34081918 0.8275082
vn 0.65180296 -0.65286255 -0.38590592
vn 0.6465605 -0.7062475 -0.28839895
vn 0.64092773 -0.62159 -0.45037478
vn 0.6982246 -0.08634554 -0.7106524
vn 0.6968884 -0.2369438 -0.6769079
vn 0.75529814 -0.2928331 -0.58632207
vn 0.37276807 0.61816937 0.6920337
vn 0.18282339 0.79216117 0.58228534
vn 0.4784387 -0.16361538 0.8627435
vn 0.49001038 -0.20343538 0.84764606
vn 0.5129145 -0.24622986 0.82236826
vn 0.90377957 0.35423267 0.2402118
vn -0.7479132 0.3816695 -0.54309696
vn 0.4663298 0.35611328 0.8097652
vn 0.43258756 -0.21273224 0.8761353
vn 0.46098813 -0.21943775 0.85984707
vn 0.8120572 -0.059901312 0.5804955
vn 0.1697844 -0.21556997 0.96161467
vn -0.19529627 -0.56800395 0.79951924
vn 0.048233915 -0.9064286 0.41959584
vn 0.6358159 0.28313527 0.7180339
vn 0.74339336 0.5114264 -0.4310561
vn 0.7994133 0.4879198 -0.35053185
vn 0.81163764 0.4108919 -0.41522536
vn 0.713863 0.23969184 0.6579874
vn -0.9659088 0.25763628 0.025372814
vn -0.9124224 0.119153984 0.39151955
vn -0.99389625 0.090596646 -0.06294825
vn 0.3470036 0.51683134 0.7826071
vn 0.67880005 0.3713665 0.6334962
vn 0.55130947 0.3956006 0.7345462
vn 0.4963423 0.45329785 0.74038196
vn 0.3446622 -0.08892246 0.93450564
vn 0.16908583 0.7338267 0.6579576
vn 0.36118266 -0.83245194 0.42020342
vn 0.030576413 -0.725177 -0.6878832
vn 0.7617681 -0.41400918 0.49830294
vn 0.6060799 -0.6139284 0.5057263
vn -0.6979152 -0.7156332 -0.02798886
vn 0.6771643 -0.116706245 0.7265178
vn 0.78467554 0.27118406 0.5574438
vn 0.67481536 0.077338636 0.73392296
vn 0.7966617 -0.39916053 0.45387343
vn 0.4660771 -0.5527155 0.69085294
vn 0.6027631 -0.6767194 0.42276174
vn 0.16676097 0.7470628 0.6434967
vn 0.84568655 0.042314406 0.5319997
vn 0.9334331 -0.0050795074 0.35871556
vn 0.4796077 -0.7468903 0.46057713
vn 0.5186143 -0.8068581 0.28287658
vn 0.8308047 -0.24212693 0.5011367
vn 0.77306354 0.3438248 0.5330641
vn 0.83851534 -0.10871948 0.5339214
vn 0.7849329 -0.26636237 0.5594027
vn 0.81536514 -0.111725636 0.5680644
vn 0.7187871 -0.01334043 0.6951023
vn 0.7306899 -0.18878043 0.6560901
vn 0.82176065 0.22995335 0.52137405
vn 0.8284964 0.328712 0.45336756
vn 0.75661075 0.35118434 0.55155206
vn -0.11970288 0.138376 -0.98311913
vn -0.10782995 0.24232627 -0.9641839
vn 0.57498354 -0.75519747 0.31475484
vn 0.4220648 -0.84599835 0.32580376
vn 0.765098 -0.5155921 0.38573304
vn 0.8376723 0.07606319 0.5408507
vn 0.92696506 -0.33618897 -0.16647178
vn 0.6546356 0.40315846 0.63946503
vn 0.8204682 -0.02350306 0.57120895
vn 0.74015254 -0.03426956 0.6715652
vn 0.7106149 -0.05674324 0.70128924
vn 0.63905936 0.08583895 0.7643525
vn 0.6437224 0.045214627 0.7639221
vn 0.5457291 0.12460843 0.82864493
vn 0.33950183 0.61848545 0.70867085
vn 0.71725273 0.37927046 0.58455324
vn 0.5840364 -0.24278872 0.7745677
vn 0.5497342 0.0013046113 0.8353386
vn 0.5511865 -0.004677966 0.834369
vn 0.77356553 -0.021216633 0.633361
vn 0.8380967 0.048517443 0.54335994
vn 0.77440023 -0.019421952 0.6323979
vn 0.7494763 0.148526 0.64515513
vn -0.014822487 0.41482577 -0.9097802
vn 0.008297398 0.39005896 -0.9207525
vn 0.033066824 0.27743116 -0.96017635
vn 0.40756652 0.1303 0.9038316
vn 0.6931415 0.2894993 0.66010994
vn 0.83120406 0.35188344 0.43043926
vn 0.8095471 0.24377774 0.5340467
vn 0.49510518 0.18722144 0.8484215
vn 0.53450763 -0.11834287 0.8368372
vn 0.5476926 -0.56921613 0.6132095
vn 0.38934657 0.513289 0.7648161
vn 0.59333295 0.44909754 0.6680326
vn 0.53429693 0.30938968 0.7866414
vn 0.5290868 -0.5807608 0.61869544
vn 0.8737811 -0.014673881 0.48609805
vn 0.7759409 0.036439516 0.6297521
vn -0.027770903 0.23030207 -0.9727228
vn -0.16420461 0.41432416 -0.895194
vn 0.84020317 -0.033790246 0.54121786
vn 0.4837341 -0.35948238 0.7979811
vn 0.6267764 -0.3851236 0.6773708
vn 0.53835833 -0.36029273 0.7618132
vn 0.42629498 -0.13154419 0.89496857
vn 0.6854024 -0.39987296 0.60854346
vn 0.63447315 -0.08964201 0.7677293
vn 0.5453304 -0.12302043 0.8291445
vn 0.40676722 0.09305771 0.90877974
vn 0.4721221 -0.10843638 0.8748384
vn 0.72472084 -0.4038623 0.5582786
vn 0.4912287 -0.60482156 -0.6268056
vn 0.5825449 -0.517512 0.6267558
vn 0.5987885 -0.31977573 0.7342996
vn 0.5076569 0.35749316 0.7838898
vn 0.49261677 0.48781645 0.720669
vn 0.55689555 0.40814784 0.7233828
vn 0.72853917 -0.11146993 0.6758736
vn 0.5690801 -0.42909953 0.70144236
vn 0.6337077 -0.004997676 0.7735564
vn -0.019738048 0.34666276 -0.9377821
vn 0.576497 -0.031600963 0.81648797
vn -0.15358001 -0.030526524 0.9876646
vn 0.2096461 0.10998974 0.97157127
vn -0.8473437 -0.31451857 -0.42788652
vn 0.44369683 -0.10511 0.8899916
vn 0.6755829 -0.6712009 0.30508548
vn 0.6078957 -0.5137354 0.6054244
vn 0.43835932 -0.8970996 0.055257484
vn 0.42487544 0.5827838 0.6927076
vn 0.7505258 0.321595 0.57731086
vn -0.50957006 -0.531065 -0.67698467
vn 0.10548308 -0.7315622 -0.6735653
vn 0.45908064 -0.4164677 0.784729
vn 0.63709456 0.04547692 0.769443
vn 0.7275038 0.03734979 0.6850863
vn 0.463521 -0.49332723 0.73605484
vn 0.42222735 0.5207753 0.74196833
vn 0.5988947 0.26823387 0.7545699
vn 0.7096907 -0.03250461 0.7037631
vn 0.755816 -0.16274203 0.63423747
vn 0.6317234 0.29785368 0.71568763
vn 0.58873254 -0.550844 0.59157836
vn 0.45186087 0.55647224 0.6972521
vn 0.24061646 0.7723598 0.58784705
vn 0.5974071 0.2957373 0.7454154
vn 0.56755394 -0.39282542 0.7235819
vn 0.645134 -0.24257872 0.72453964
vn 0.61503583 0.36222303 0.7003752
vn 0.4883289 0.45982352 0.74168533
vn 0.5797219 0.4105459 0.7038285
vn 0.5684424 0.23112833 0.7895903
vn 0.7962079 -0.012815535 0.6048874
vn 0.5277005 0.4459089 -0.72297823
vn 0.056316607 -0.71903753 -0.69268566
vn 0.7155814 0.07874977 0.69407606
vn -0.1761913 -0.52988243 0.8295669
vn 0.28654733 0.21362808 0.9339452
vn 0.4483553 -0.8531557 0.26665142
vn 0.26791555 0.6987213 0.6633324
vn 0.92316103 0.23614684 0.3033289
vn 0.61381906 -0.76876307 -0.1795257
vn 0.5415172 0.1266228 0.8310992
vn 0.6241301 -0.01970879 0.7810718
vn 0.22238159 -0.0658893 0.9727307
vn 0.68344647 0.40324447 0.6085185
vn 0.7899489 0.003588641 0.6131621
vn 0.07744961 -0.9460204 0.31471723
vn 0.0045210538 -0.9348982 0.35488707
vn 0.013835392 -0.99752504 0.06893734
vn 0.60090554 -0.43125543 0.67300177
vn -0.43838808 0.16916123 -0.8827233
vn -0.3257438 0.22979788 -0.9171063
vn 0.72853404 0.20497757 0.6536225
vn 0.8515802 0.12169254 0.509904
vn 0.1965628 -0.4436672 0.8743697
vn 0.2710983 0.20850441 0.9396977
vn 0.67297155 -0.57022244 0.47112176
vn 0.7081371 0.4025124 0.5801082
vn 0.5776852 0.49241552 0.6510045
vn 0.74933183 -0.03164015 0.66143835
vn 0.5742011 -0.0376697 0.8178472
vn 0.5398264 -0.22113663 0.81221056
vn 0.59777844 -0.17147303 0.7831079
vn 0.69277376 -0.2540569 0.674922
vn 0.6214737 -0.21593769 0.7530879
vn 0.82422894 0.14266008 0.54799163
vn 0.8958688 0.0725678 0.43835247
vn -0.27565888 -0.9452802 -0.17452109
vn -0.36708745 -0.90362245 -0.22071104
vn 0.50699276 0.07757644 0.8584522
vn 0.7629396 -0.05257275 0.6443286
vn 0.9085051 0.083433904 0.40945986
vn 0.5151958 -0.44573888 0.73204523
vn 0.54891896 -0.13530478 0.8248519
vn 0.52751213 0.01160775 0.8494682
vn 0.66003233 0.25037888 0.70828503
vn 0.028130677 -0.5301252 -0.8474526
vn 0.6193988 -0.11082212 0.7772153
vn 0.5125705 -0.09762705 0.853077
vn 0.34105486 -0.7866628 -0.51462924
vn 0.4262111 -0.68617404 -0.5894992
vn 0.471385 -0.7926822 -0.38658923
vn -0.5056954 0.4043286 0.76209617
vn 0.8417483 0.335887 0.42265788
vn 0.94834614 0.051890153 0.3129649
vn 0.89126605 -0.3117049 0.32937047
vn 0.61110085 0.30615568 0.72994816
vn 0.87280244 0.4854728 0.050319366
vn 0.55735934 -0.16542342 0.8136249
vn 0.574664 0.13842694 0.8065973
vn -0.82389665 0.25889742 -0.50414926
vn -0.7028019 -0.24689642 -0.6671669
vn -0.33972588 0.44514272 -0.8285134
vn 0.83621675 0.0953683 0.54004306
vn 0.7889395 0.3155846 0.52723897
vn 0.40837476 0.11318991 0.9057693
vn 0.55889165 -0.2742802 0.7825666
vn 0.53090614 0.19287544 0.8251895
vn 0.65550894 -0.06791778 0.7521271
vn 0.64572245 -0.2535931 0.72023124
vn 0.6476818 -0.35893804 0.6720653
vn 0.5847481 0.106706925 0.8041662
vn 0.5327038 0.053378526 0.8446167
vn 0.9437543 0.17224272 0.28224137
vn -0.74040556 -0.6518412 0.16402033
vn 0.8476159 0.2562888 0.46461108
vn 0.40238982 0.4408141 0.8023498
vn 0.57877415 -0.14410833 0.8026539
vn -0.97512287 -0.18480605 0.1224009
vn -0.98904294 -0.12629847 -0.07643742
vn 0.5439271 0.031627726 0.8385362
vn 0.62267554 -0.17948951 0.7616159
vn 0.7974203 0.122565806 0.5908456
vn 0.26045555 0.031131878 0.9649838
vn 0.5294204 -0.5122885 0.6762207
vn 0.68450487 -0.21733607 -0.6958578
vn 0.7682241 -0.10933181 -0.6307758
vn 0.68022966 -0.34742513 -0.6454327
vn -0.50470585 0.74572086 -0.43493956
vn -0.5798679 0.7349605 -0.35154837
vn -0.35747254 -0.2502754 -0.89976424
vn 0.8721732 0.13946079 0.46889725
vn -0.47543746 0.13773133 -0.8689012
vn -0.5789008 0.28022557 -0.7657333
vn -0.40852743 0.21975698 -0.88589627
vn 0.15664348 -0.9707773 -0.18180846
vn 0.23951481 -0.9258856 -0.29217875
vn 0.77221936 0.21239267 0.5988043
vn 0.90352535 -0.42797294 0.021932052
vn 0.96269786 -0.26960334 0.022954766
vn 0.62529445 -0.03168622 0.77974534
vn -0.4348322 -0.05196851 -0.8990107
vn -0.62469524 -0.4019318 0.66948247
vn -0.75328267 0.0685845 0.65411115
vn -0.6810822 -0.3337622 0.65171295
vn -0.9891888 -0.13949464 0.045240875
vn 0.8779251 -0.02054742 0.47835684
vn 0.18139993 -0.00020571203 0.9834094
vn -0.16862896 -0.7026002 -0.69131553
vn -0.19100682 -0.6105645 -0.768588
vn -0.2439045 0.26132864 -0.93392605
vn -0.4779208 0.353699 -0.8040452
vn -0.19398172 -0.9507798 -0.2416379
vn 0.3344233 0.81649506 -0.47063443
vn 0.20722677 -0.6537528 0.72778046
vn 0.18671116 0.095789485 0.9777338
vn -0.142542 0.041107833 0.9889347
vn 0.41217884 -0.7187697 0.5598917
vn 0.8241114 -0.52312803 -0.21720363
vn 0.81165993 -0.5201045 -0.2658935
vn 0.76241696 -0.581881 -0.28308114
vn -0.9263966 -0.3663039 0.08723969
vn -0.16791287 0.5940029 -0.7867438
vn 0.7884937 0.5438511 0.2872347
vn 0.41864124 -0.09955776 0.90267813
vn 0.084602855 0.85409063 0.51319736
vn 0.9178887 -0.1885107 0.34920484
vn 0.7847085 -0.5433843 0.29827175
vn 0.92937654 -0.30991033 0.20053662
vn 0.6195615 0.728983 -0.29107967
vn 0.44906887 0.7220894 -0.52623564
vn 0.17572448 0.8897429 -0.42128193
vn 0.7619077 -0.64680237 0.033816144
vn 0.7372711 0.6718833 -0.070740394
vn 0.90614146 0.39107648 0.16114244
vn -0.21926834 -0.31846347 -0.92222685
vn 0.017668165 0.17739053 -0.9839819
vn 0.57009697 0.5701778 -0.59151214
vn 0.31219 -0.020670768 0.94979477
vn 0.0647865 -0.97454566 -0.21462397
vn -0.7848227 0.54769963 0.28996286
vn -0.5088644 0.8025543 0.31138977
vn -0.3257039 0.93884695 0.11172898
vn 0.56227225 -0.20831627 0.80028385
vn 0.5322341 0.10435481 0.84014106
vn -0.51275724 0.1342342 -0.8479748
vn -0.59502417 0.27940166 -0.7535788
vn -0.5313028 0.08891187 -0.84250337
vn -0.776363 -0.61465687 0.13948974
vn 0.6076778 -0.29373693 0.73786604
vn 0.97614956 0.14134616 0.16478239
vn 0.8700488 0.40254092 0.2845627
vn 0.9209567 0.29550865 0.25399497
vn 0.5784236 -0.6401104 -0.50565284
vn 0.7252077 -0.6530822 0.21807678
vn 0.30426186 -0.94608146 0.11115101
vn 0.5169884 -0.84037703 0.16275565
vn -0.18709883 0.24466592 -0.9513846
vn 0.45930693 0.71010274 0.5336584
vn 0.23368259 0.7152075 0.6586884
vn 0.40921018 -0.14580287 0.90071553
vn 0.3495773 -0.44674194 -0.8235395
vn -0.91234714 0.026357116 0.40856823
vn -0.958897 0.116999775 0.25851035
vn -0.94820195 -0.18766236 0.25631216
vn -0.28730208 0.7517517 -0.5935712
vn 0.9433018 0.038787477 0.32966238
vn 0.87738484 0.23924664 0.4158808
vn 0.098057 -0.8735976 0.47666755
vn 0.8590341 0.22589056 0.45938408
vn 0.65350753 -0.6334902 0.41426817
vn 0.41621628 0.1620607 0.89470685
vn 0.21325639 0.64203876 0.7364156
vn -0.118198894 -0.014269242 -0.99288744
vn -0.05244879 -0.013428115 -0.9985333
vn -0.048575357 0.049124345 -0.99761075
vn 0.32028013 -0.030208157 0.9468411
vn 0.018893927 -0.99948984 -0.025750548
vn 0.019107947 -0.9997052 -0.014979672
vn 0.027091725 -0.9993628 -0.023237016
vn 0.97357255 0.058616385 0.22072755
vn -0.12620947 0.61028004 -0.7820674
vn 0.38093922 -0.8918118 -0.24404325
vn 0.28869018 -0.009817578 0.9573723
vn 0.6259693 0.10607174 0.7726003
vn 0.8165896 -0.053585105 -0.5747261
vn 0.5374765 -0.25532728 0.80369586
vn -0.50516623 0.79310095 -0.34029087
vn -0.45473894 0.85699326 -0.24243541
vn -0.6926924 0.45696363 -0.55799776
vn 0.9044585 -0.05597948 -0.4228724
vn -0.0766203 -0.02049924 -0.9968496
vn 0.29141846 0.29945233 0.9085172
vn 0.95951587 0.27260107 0.07083661
vn 0.32670453 -0.41129225 -0.8509423
vn 0.60761976 0.19776244 0.7692128
vn 0.9932262 -0.06783955 0.09433743
vn -0.34844303 0.8575534 0.3784038
vn -0.6787137 -0.7172433 -0.15782845
vn 0.015599629 0.10828699 -0.99399734
vn 0.28163248 0.7779795 0.5616325
vn -0.7084282 0.62165016 0.33418646
vn -0.76186 0.5750213 0.2981941
vn -0.91595036 0.32991102 0.22845931
vn 0.81614125 -0.047903392 0.5758635
vn -0.157767 0.06409687 -0.98539394
vn 0.011092184 0.90546083 -0.42428488
vn -0.69585204 -0.69778717 0.16995005
vn 0.8526553 0.50512236 -0.13352972
vn -0.033345755 -0.05312859 -0.9980307
vn -0.03838459 -0.08541354 -0.995606
vn -0.017751886 -0.033226356 -0.99929017
vn -0.8218072 0.41882804 0.38628492
vn -0.9594148 0.16274339 0.23029952
vn -0.9212266 0.25965813 0.2896881
vn 0.93498343 -0.3428464 -0.090897724
vn -0.901102 -0.39060816 0.18825635
vn -0.9862056 0.1220044 0.11186333
vn 0.9489668 -0.3011357 -0.09369798
vn 0.9595324 -0.23958017 -0.14798306
vn 0.997354 -0.07045124 -0.017934075
vn 0.9958241 0.084937565 -0.033465445
vn 0.9523083 0.28579873 0.1069024
vn -0.91763985 -0.39497936 -0.04391305
vn -0.5233586 0.10495761 0.8456238
vn -0.7681331 0.21847083 0.60186535
vn -0.6315978 -0.3133558 0.70914906
vn -0.7109849 -0.6441573 0.28206703
vn -0.9767035 -0.013646722 0.2141586
vn -0.27300107 -0.7328217 0.62325174
vn 0.027985543 -0.9994982 0.014835194
vn 0.043892913 -0.99872565 0.024907539
vn -0.8804036 0.31863376 0.35122943
vn -0.87373 0.06274021 0.4823478
vn -0.96276677 0.043165848 0.26686513
vn -0.92711526 0.33000243 0.17763923
vn -0.5384177 0.5715852 -0.6191904
vn -0.8937478 0.41676077 0.16590755
vn 0.9948058 0.09835172 0.02623438
vn -0.99661165 0.076277696 -0.030772649
vn 0.6281793 0.21165334 -0.748728
vn -0.93725646 -0.25263822 -0.24025862
vn 0.6998496 -0.24235187 -0.6719197
vn 0.24676685 -0.7805944 0.57426345
vn 0.34679866 -0.75116867 0.5616729
vn 0.2925155 -0.8957384 0.33479446
vn -0.031952836 -0.99708176 0.0693323
vn -0.009195241 -0.998961 0.044635806
vn 0.52808034 0.11968445 -0.84071803
vn 0.6270267 0.17543614 -0.75898594
vn 0.86301893 0.30432126 0.40322074
vn 0.9792966 -0.109404534 -0.17031944
vn -0.9543367 -0.047620397 -0.29491302
vn -0.9345734 0.27156442 0.22983752
vn -0.87399596 0.27331465 0.40178373
vn -0.6732951 0.6411176 -0.36829582
vn 0.960215 0.23545901 0.15015398
vn 0.767155 -0.54731065 -0.3345507
vn -0.8383118 0.35319042 -0.41531906
vn -0.88505036 -0.28467062 -0.368305
vn 0.56134146 -0.5112147 -0.65081125
vn 0.37408942 -0.8617625 -0.3426696
vn 0.12845653 0.8332502 -0.53776664
vn 0.1971558 0.8175022 -0.54112816
vn 0.19661519 0.84112185 -0.5038416
vn 0.8075166 -0.24392387 -0.53704584
vn 0.82086515 -0.040235538 -0.569703
vn 0.70723724 -0.12901665 -0.6951045
vn 0.771171 -0.45159334 -0.44873038
vn 0.72257864 -0.39162064 -0.56966066
vn 0.5005556 -0.42184007 -0.75597304
vn 0.3095117 -0.6215252 -0.7196589
vn -0.9155584 0.21068233 -0.34258685
vn 0.7531075 0.053455528 -0.6557221
vn 0.73229027 -0.04312774 -0.67962563
vn 0.74310577 -0.06342683 -0.6661613
vn 0.012872166 0.34107417 -0.93994826
vn -0.8848303 -0.32734355 0.33154395
vn -0.73733747 -0.53014755 -0.4186611
vn -0.81219363 0.5833671 0.004930833
vn -0.8319101 -0.5463933 0.096850745
vn 0.863059 0.12428615 -0.48957342
vn 0.7356719 0.29022133 -0.6120118
vn 0.10658522 0.20802128 -0.9722997
vn -0.0046796273 0.685635 -0.7279305
vn -0.027332507 0.26873663 -0.96282583
vn -0.106710374 -0.9675268 -0.2291395
vn -0.38874522 -0.36609128 -0.8454905
vn 0.5974264 0.087526456 -0.79713285
vn 0.67626095 -0.007538871 -0.73662364
vn 0.7767307 0.27320293 -0.5674941
vn 0.68510777 0.1858565 -0.7043328
vn 0.77716094 0.2646201 -0.5709615
vn -0.6926278 -0.7083101 0.13624774
vn -0.89832157 -0.050014034 -0.43648258
vn -0.83126086 -0.3129956 -0.45939013
vn 0.7866741 -0.11165685 -0.60718757
vn -0.9407331 -0.044145215 -0.33626258
vn 0.7482723 -0.21459982 -0.6277225
vn 0.8189833 -0.23772164 -0.5222593
vn 0.678523 -0.16091198 -0.71673834
vn 0.6511186 -0.11439355 -0.7503057
vn 0.62383735 -0.027822234 -0.78105885
vn -0.89379203 0.0145677375 -0.44824493
vn 0.18820749 0.935993 -0.29748127
vn 0.16968352 0.9718191 -0.16363128
vn 0.24728574 0.94522613 -0.21306662
vn -0.017918564 0.8327463 -0.5533647
vn 0.00664888 0.84206396 -0.5393367
vn 0.0001720331 0.72319466 -0.69064426
vn -0.3789727 -0.52313477 -0.76335424
vn -0.40794963 -0.2684145 -0.87265736
vn -0.16695347 0.8208639 0.54617673
vn 0.6165254 -0.70115846 0.35815257
vn 0.7200942 -0.6084276 0.33358705
vn -0.99232405 -0.10206984 0.0698195
vn -0.997318 0.069995224 0.02138759
vn 0.67657226 0.3590399 -0.6429155
vn 0.8251572 -0.32070866 -0.4650391
vn 0.8118521 -0.50368273 -0.29529613
vn -0.9750522 -0.15122177 0.16249688
vn 0.6077008 -0.7620563 -0.22353953
vn -0.48032779 -0.4162555 0.772021
vn -0.34383973 -0.5142161 0.78572005
vn -0.6622841 0.44642657 -0.60173345
vn -0.25322276 0.6560354 -0.7109822
vn -0.24410497 0.89792335 -0.36626
vn -0.5222316 0.7458339 -0.4135287
vn 0.82452583 0.0024141935 -0.565819
vn 0.83790076 -0.1306755 -0.5299493
vn -0.680727 0.288532 -0.6733202
vn -0.5469586 0.36444873 -0.75366664
vn 0.887298 -0.22697195 -0.4014799
vn 0.7571939 -0.36002192 -0.54501534
vn 0.6832712 -0.69115514 -0.23546776
vn 0.69307315 -0.6153055 -0.3755645
vn 0.40988946 -0.8418555 -0.35109827
vn -0.50699264 0.74956876 0.42556447
vn -0.8822789 0.425909 0.20046304
vn 0.8401827 -0.30127952 -0.4509141
vn 0.44557476 -0.4998621 0.74269855
vn 0.55414367 -0.8089507 0.19627416
vn 0.37721372 -0.9165589 0.13277638
vn -0.3860516 0.78845763 0.47885147
vn -0.45072916 0.7584221 0.4707856
vn -0.9596767 0.087294064 -0.267209
vn 0.06977847 -0.9530143 -0.2947789
vn 0.11856441 -0.73608863 -0.6664203
vn 0.10615303 -0.96411777 -0.24332768
vn 0.63541347 0.025609707 -0.77174723
vn 0.22310784 0.12889647 -0.9662342
vn -0.13206254 -0.33054796 -0.9345039
vn -0.66658443 -0.3395563 -0.66360134
vn -0.46012047 0.8857721 -0.060802538
vn -0.38144022 0.84663767 0.3710904
vn -0.6565753 0.6992978 0.2826508
vn -0.91633016 -0.109499656 -0.38516077
vn 0.19157219 -0.80207866 0.56565887
vn -0.83819336 0.21678326 -0.50043666
vn -0.77339774 0.49278542 -0.39877117
vn -0.6851988 0.4087486 -0.60284925
vn -0.22129048 0.69278413 -0.68635315
vn -0.10634327 0.48960602 -0.8654345
vn -0.32994246 0.49635562 -0.8029751
vn 0.6635826 0.44916165 -0.59825736
vn 0.591825 0.35959888 -0.72140956
vn -0.72455925 -0.64900464 0.23196317
vn 0.9112769 0.18708818 0.36684123
vn -0.4148828 -0.35888156 0.83610785
vn -0.60143393 -0.20816931 0.77132535
vn -0.033426166 0.29829174 -0.95388925
vn 0.027010845 -0.6936476 -0.71980786
vn 0.24461466 -0.37237942 0.89526373
vn 0.611848 -0.0007134786 -0.79097503
vn -0.010279304 -0.39684394 -0.9178285
vn 0.0010111947 -0.37500674 -0.92702156
vn 0.5493331 -0.7600967 0.347111
vn -0.13081071 0.7054253 -0.6966087
vn 0.916462 0.34487677 0.20287256
vn -0.78889394 0.54250365 -0.28867987
vn -0.68550223 0.6608263 0.30560634
vn 0.9147076 -0.12825678 -0.38322333
vn 0.84339666 0.48028117 0.24085689
vn -0.112115756 0.90703845 -0.40584633
vn 0.073921174 0.8849003 -0.4598773
vn -0.0014550098 0.8466718 -0.5321135
vn 0.7608695 -0.3890996 -0.5193064
vn 0.2523193 0.51415634 -0.81974274
vn 0.6042939 0.04093317 -0.7957093
vn 0.15768258 0.47541106 -0.8655175
vn 0.6537117 -0.12072491 -0.74705195
vn -0.853774 0.39171302 0.34297347
vn 0.80426 0.5720509 -0.16100805
vn 0.4675327 -0.33137876 -0.8195129
vn 0.013415437 -0.99885 0.046029657
vn 0.01666243 -0.99881727 0.045678157
vn -0.08512166 -0.7954971 0.5999488
vn -0.05898635 -0.9321883 0.35713536
vn 0.010158939 -0.99400705 0.10884325
vn -0.65948397 -0.43006647 -0.6165417
vn -0.5287839 -0.6459488 -0.5505794
vn -0.17722349 -0.89946616 -0.39944023
vn -0.96975297 0.194927 -0.14690962
vn -0.9161772 -0.36870408 -0.15708803
vn -0.8731463 -0.37141532 -0.31569952
vn -0.1589342 -0.59921765 -0.78465164
vn 0.9115866 0.32560033 0.2509865
vn 0.171586 -0.400967 -0.8998798
vn 0.9578559 0.12229756 0.25991407
vn -0.22904293 -0.6108011 0.75793236
vn -0.3364413 -0.7797461 0.5280183
vn -0.21749029 -0.88299483 0.41595456
vn -0.50875694 0.6270577 0.5898856
vn 0.25217956 0.3964271 -0.882752
vn 0.12563284 0.4779359 -0.8693639
vn 0.17794116 0.6831613 -0.7082567
vn 0.7336559 0.024581783 -0.6790764
vn 0.9568939 0.16791472 0.23697796
vn 0.6613361 -0.7416139 0.11244278
vn -0.33957833 -0.24356028 -0.90849596
vn -0.78921396 -0.2135342 -0.57579905
vn 0.9246497 0.26638255 0.2721457
vn 0.83186513 0.45487636 0.31794327
vn -0.7606187 -0.57564574 0.30015197
vn -0.85341936 -0.40240037 0.33128458
vn -0.79044473 -0.5682454 0.22867948
vn -0.18288921 -0.24052614 -0.9532569
vn -0.46328282 -0.26703387 -0.84502184
vn 0.6389526 -0.68847567 0.3431339
vn 0.058966726 -0.9792317 -0.1939801
vn -0.013898859 -0.9998379 -0.011450019
vn 0.040181033 -0.93108416 -0.3625848
vn 0.50246966 -0.4343641 -0.74756414
vn 0.8206503 0.5393912 0.1886539
vn -0.7806786 0.02645146 -0.62437266
vn 0.56101966 0.73928285 0.37244844
vn 0.6787049 0.71193266 0.18030934
vn 0.6552121 0.6187322 0.433437
vn 0.6894456 0.72420657 -0.013768796
vn -0.61443037 -0.7249041 -0.31143093
vn -0.446405 0.8180563 0.3626382
vn 0.43311393 0.8672741 -0.24545468
vn 0.7556809 0.6531172 -0.048828725
vn 0.5490098 0.803912 0.22872213
vn 0.29118544 0.788679 0.5414762
vn -0.08547597 0.9895547 0.116083845
vn -0.08436915 0.9554084 0.28297803
vn -0.5709981 0.8175885 -0.07423068
vn 0.11273875 0.94569534 0.30487743
vn -0.0046728593 0.9572471 0.28923362
vn 0.3106744 0.9383886 -0.15135488
vn 0.27175555 0.96203554 0.025231777
vn 0.15570745 0.950191 0.26998544
vn -0.13035478 0.9125466 0.3876421
vn -0.2025061 0.7791096 0.5932786
vn 0.05860182 0.9979214 -0.026808457
vn -0.052636735 0.9883631 0.14271566
vn 0.048422974 0.9689936 -0.2422944
vn 0.1362387 0.93382204 0.33078012
vn -0.62069166 0.4237208 -0.65969884
vn 0.5802511 0.8139897 -0.027009469
vn 0.030338353 0.41102624 -0.91111857
vn 0.08415984 0.99639046 0.0110907545
vn 0.2571954 0.965611 -0.038025707
vn -0.7682611 0.42139542 -0.4818721
vn -0.37288985 0.9131587 -0.16460341
vn 0.13017069 0.98664683 0.09789666
vn 0.04277086 0.9807523 0.19051369
vn 0.02351056 0.9109694 0.4118033
vn 0.33484167 0.88248605 -0.33030212
vn 0.3324447 0.9344412 -0.12767233
vn 0.16972192 0.95949715 -0.22485496
vn -0.022455253 0.9982472 -0.05475756
vn -0.6684774 0.49045745 -0.55909705
vn 0.101478405 0.98672783 -0.12676883
vn 0.023065854 0.9982492 -0.05446731
vn -0.04083044 0.99664474 -0.070937246
vn 0.2637401 0.96452296 0.011689964
vn 0.29192424 0.95632994 0.0146031855
vn 0.1750907 0.96142346 0.21215118
vn 0.6240397 0.7163419 0.3121358
vn 0.010153532 0.8848968 0.4656765
vn -0.93338335 -0.3153582 0.17130266
vn -0.7966916 0.51763546 0.3119871
vn -0.44492882 -0.60856193 0.65703183
vn -0.8917434 -0.14592767 0.42836756
vn -0.6891672 0.68985516 -0.22169437
vn -0.89943033 0.04494819 -0.43474674
vn 0.53185827 0.8033246 0.26794854
vn 0.7947452 0.46252713 0.3929996
vn -0.03225714 0.9072586 0.4193343
vn -0.4027295 0.9000759 0.16635011
vn 0.052164856 0.68094426 -0.730475
vn 0.014779398 0.9992515 0.035748526
vn 0.25491872 0.9479625 -0.19074468
vn 0.0099864155 0.9447404 0.3276672
vn -0.72407573 0.59611154 0.34693724
vn 0.048781812 0.94640696 -0.31927145
vn -0.36109373 -0.19403781 -0.9121188
vn -0.9645134 0.24584071 0.09631276
vn 0.010154497 0.81253994 0.582817
vn -0.56483746 0.79176503 -0.23252253
vn -0.87733775 0.301044 0.37369892
vn -0.90791905 0.40424255 0.11077498
vn -0.9631923 0.2561766 0.081449755
vn -0.15502208 0.94538003 -0.28674832
vn 0.23791331 0.9670091 -0.09105322
vn -0.8580213 0.49948788 -0.11962968
vn 0.64799047 0.5998206 0.4693864
vn -0.55445063 0.5143597 -0.6542313
vn -0.49731773 0.23210281 -0.83594453
vn -0.78169984 0.29825914 -0.54771066
vn 0.8149468 0.5793678 -0.013954496
vn -0.861806 0.24186249 0.4458621
vn -0.90706563 0.29497147 0.30037278
vn 0.78256327 0.60614455 0.1420688
vn -0.99906164 -0.040520657 0.015290425
vn 0.7690069 0.6379133 0.04116948
vn -0.07677161 -0.19481005 -0.9778319
vn 0.0138899125 -0.36402783 -0.9312844
vn -0.6632114 0.74535316 0.06781768
vn 0.7666811 0.56512195 -0.3046921
vn 0.5365799 0.60346663 0.589839
vn 0.57140434 0.7151192 0.4026184
vn -0.6072018 0.5444127 0.57872343
vn -0.4735347 0.77584696 0.41692492
vn 0.064551905 0.32939896 -0.9419816
vn 0.010954695 0.5109363 -0.8595487
vn 0.26075515 0.35179204 -0.89902675
vn 0.75529295 0.6553367 -0.008143962
vn 0.69839483 0.7064448 0.114806846
vn 0.65641785 0.6970019 0.28862455
vn 0.76029193 0.63631254 -0.13062318
vn 0.67572296 0.7370286 0.013690577
vn 0.6113613 0.77944607 0.13675205
vn 0.66587245 0.6479447 -0.36983988
vn 0.6384697 0.72686005 -0.2530431
vn -0.8954374 0.22662896 -0.38318554
vn -0.026644247 0.96018356 -0.2780965
vn -0.59604734 0.007558818 -0.8029137
vn 0.6341799 0.7613658 -0.13467763
vn 0.52983063 0.78500634 0.32100546
vn 0.8081952 0.4726086 -0.351371
vn -0.7909882 -0.57683975 0.20394507
vn 0.38984716 0.84136117 0.37434024
vn 0.031963367 0.87389416 0.48506436
vn 0.5646551 0.82318443 -0.059431557
vn 0.5583502 0.8285735 0.041363537
vn 0.4834208 0.85663724 0.18021348
vn 0.35263857 0.8035278 0.479572
vn 0.57884467 0.7584862 -0.29939526
vn 0.5645035 0.8081563 -0.16798528
vn 0.43075517 0.89792454 0.09045156
vn 0.39675546 0.87721676 0.27032587
vn 0.5008717 0.8209721 -0.27410287
vn 0.013251616 0.20510963 -0.9786493
vn -0.73400354 0.3713844 -0.56860566
vn -0.8378542 -0.20396203 -0.50635946
vn -0.32795748 -0.4286592 -0.84184027
vn -0.862922 -0.50473326 -0.0246946
vn -0.5195894 0.6567918 0.5464901
vn -0.895971 -0.1881205 0.40230185
vn -0.9782293 -0.013992944 -0.2070547
vn -0.35876206 -0.83543396 0.41634104
vn -0.27372524 -0.8989505 0.3419976
vn -0.3887342 0.8052249 0.44777057
vn -0.5010564 0.71977496 0.48048577
vn -0.66535294 0.51746064 0.5380892
vn -0.39915088 0.79445726 0.45772943
vn -0.30160138 0.7453214 0.59458596
vn -0.39883542 0.027890757 0.9165983
vn -0.58250064 -0.10573702 -0.8059235
vn -0.33362052 -0.08778449 -0.9386113
vn -0.5835597 0.23097074 -0.77853113
vn -0.44779173 0.71941596 0.5309643
vn -0.7964117 -0.38323244 0.46782604
vn -0.7066343 -0.33883426 0.6211757
vn -0.8089896 0.23879445 0.53713423
vn -0.20011657 -0.74984896 -0.63061875
vn -0.8169736 -0.32645795 0.47537276
vn -0.80474734 -0.3230285 0.49803036
vn -0.86086 0.048660774 0.50650984
vn -0.71874803 0.44280335 0.53602844
vn 0.1991689 0.3011986 -0.93252945
vn 0.02066047 -0.9995859 -0.02002772
vn 0.03329007 -0.9989832 -0.03040399
vn 0.010431317 -0.9996461 -0.024470126
vn -0.7773791 0.46462885 -0.42403024
vn -0.6181965 0.47577792 0.6256744
vn -0.56802344 0.22659639 0.7912038
vn -0.76098824 -0.21175572 0.6132343
vn -0.68281096 0.46539524 0.56318426
vn -0.42628464 0.27042207 -0.86322266
vn -0.733443 0.25619218 0.6296244
vn -0.68059534 0.7203699 -0.13363092
vn -0.6490549 -0.34813967 0.67640704
vn -0.97714067 0.1470286 0.15355375
vn -0.92558473 0.3391236 0.16819075
vn -0.6070645 0.3968574 0.6884598
vn -0.7187129 0.28824756 0.6327441
vn -0.8260647 -0.045732334 0.5617166
vn -0.28122777 0.071361996 -0.956984
vn -0.31688082 0.15504777 -0.9357065
vn -0.36366093 0.09942664 -0.92621
vn -0.3656404 0.021644542 -0.9305045
vn -0.34819797 0.14481886 -0.9261672
vn -0.3640074 0.11226716 -0.9246051
vn -0.7882309 -0.031315044 -0.61458224
vn -0.6478115 -0.22070976 -0.7291279
vn -0.65228254 -0.63697183 0.4108459
vn -0.28472373 -0.86254686 0.41826466
vn -0.72463673 0.2993573 0.6207147
vn -0.9721954 0.051108196 0.22852589
vn -0.48488173 0.7226215 0.49265388
vn -0.23873334 -0.8286471 0.5063105
vn -0.7390611 -0.31290802 0.59655446
vn -0.8093439 0.58536583 -0.048055727
vn -0.57633644 0.5221845 0.6286172
vn -0.47497934 0.6496545 0.5935853
vn 0.52148765 0.712684 -0.46918234
vn -0.29547104 -0.2791883 0.913647
vn -0.47718364 -0.21067959 0.85317636
vn -0.53519547 -0.07253559 0.8416082
vn -0.9599588 0.19927831 -0.19689423
vn -0.20806466 -0.12750527 0.9697687
vn -0.64386815 0.12347197 0.75510824
vn -0.7181452 0.09768463 0.689003
vn -0.9298325 -0.2356288 -0.28264907
vn -0.6081443 -0.35667995 0.7091826
vn -0.63170916 -0.48132506 0.60767573
vn -0.8565164 0.44914848 -0.25425434
vn -0.97280866 -0.036602233 -0.22869997
vn 0.19217405 -0.5660486 -0.8016596
vn 0.20727526 -0.64409447 -0.7363282
vn -0.62311584 -0.1593436 0.76572603
vn -0.41293362 -0.30760548 0.8572424
vn -0.7771309 0.27206048 0.5674951
vn -0.6285276 -0.0036766112 0.7777786
vn -0.372393 0.22394642 -0.9006506
vn -0.4481815 0.34171793 -0.8260521
vn -0.34508717 0.36348805 -0.8653272
vn -0.7552087 -0.02773949 0.6548973
vn -0.696311 -0.10984727 0.7092845
vn -0.10440004 -0.37174442 0.9224461
vn -0.60361373 -0.2874619 -0.74365056
vn -0.0072346763 -0.48859647 0.8724799
vn -0.04413763 0.20689982 -0.977366
vn -0.062877685 0.25371107 -0.96523416
vn -0.9225259 0.38564223 -0.015038343
vn -0.7794514 0.61438453 -0.12242219
vn -0.5146647 0.15558846 -0.8431563
vn -0.64775383 0.28100246 -0.7081332
vn -0.5054465 0.1871118 -0.8423259
vn -0.78160095 0.3742214 0.49905747
vn 0.26844335 0.30727097 -0.91297466
vn 0.44968286 0.31898075 -0.8342881
vn 0.41309506 0.29492205 -0.86161095
vn -0.76800877 -0.6182446 -0.1671412
vn -0.78941566 0.14238587 0.5971174
vn -0.6095309 0.17117077 -0.7740624
vn -0.880546 0.21282358 0.42349127
vn -0.7222454 0.4431676 0.5310028
vn -0.7152325 0.67851424 0.16751389
vn -0.74222267 0.13665612 0.65607214
vn -0.22586933 -0.28091943 -0.932774
vn -0.60334045 0.335866 -0.72330797
vn -0.35272834 0.117165655 -0.92836136
vn -0.96883047 -0.20184968 0.14361204
vn -0.6764342 0.116924785 0.72716254
vn -0.2892388 -0.95646197 0.039004717
vn -0.87425303 -0.24541658 0.4188703
vn -0.8284361 -0.07888224 0.554501
vn -0.8166448 0.13680235 0.5606928
vn -0.70306873 0.37095103 0.60670394
vn -0.6838435 0.43507913 -0.58571696
vn -0.760323 -0.16671872 0.6277847
vn -0.8341655 -0.1569305 0.5287161
vn -0.7750243 0.2554263 0.57800925
vn -0.49262914 -0.74511945 -0.44957036
vn -0.63714474 0.13024183 0.75966024
vn -0.6548286 0.4317287 0.62033045
vn -0.7607189 0.032133896 0.64828557
vn -0.5315486 0.004347862 -0.8470167
vn -0.29043278 -0.038856413 -0.9561061
vn -0.14317939 -0.20108692 -0.969053
vn -0.69597757 0.17760172 0.69575346
vn -0.09427717 -0.9010094 0.4234311
vn -0.11029408 0.15721148 -0.98138666
vn 0.4408003 0.78116983 -0.44211847
vn -0.63576794 0.6224203 0.45649984
vn -0.8219726 -0.004722868 0.5695075
vn -0.7518252 -0.39291313 0.52950734
vn -0.69521546 0.23284447 0.6800433
vn -0.57125163 0.78326464 -0.24529195
vn -0.70026267 0.45139506 0.55305946
vn -0.63517904 0.5524299 0.53978586
vn -0.60330254 0.4933211 0.62662613
vn -0.773367 -0.13457379 0.6195106
vn -0.7591227 0.15654485 0.63184357
vn -0.77257574 -0.36819863 0.51725864
vn 0.15827253 0.22116591 -0.9623074
vn 0.18564698 0.4039992 -0.89572304
vn 0.16788313 0.2987172 -0.9394591
vn -0.36845568 0.06615829 -0.92728823
vn -0.57949704 0.09792868 -0.80906934
vn -0.4901039 -0.014050415 -0.8715508
vn -0.71942097 -0.5541442 0.4187572
vn 0.11154348 -0.043631833 -0.9928013
vn 0.21262307 -0.6271124 -0.7493474
vn 0.022773433 0.23638855 -0.97139174
vn -0.79851323 0.14480731 0.58430076
vn -0.014309302 0.14367019 -0.9895222
vn -0.5899366 0.7797403 0.20971392
vn -0.696102 -0.048912894 -0.7162748
vn -0.5662883 -0.15235685 -0.8100031
vn -0.6051516 -0.29720533 -0.7385529
vn -0.42152795 -0.010909747 -0.9067497
vn -0.0618593 -0.9922172 0.10806749
vn -3.4014195E-06 -0.9992307 0.039217055
vn -0.39179862 0.42834264 -0.81425816
vn -0.3679545 -0.6268255 0.68680364
vn -0.01451447 0.40166703 -0.91567075
vn -0.6188891 -0.4680802 0.63077503
vn -0.49165675 -0.0039212536 -0.8707803
vn 0.3018932 -0.45521563 -0.8376391
vn -0.43377006 -0.09373492 -0.8961346
vn 0.34686646 0.45240024 -0.82159454
vn 0.35738164 0.4239915 -0.83217156
vn 0.3218133 0.329915 -0.8874639
vn -0.084913656 0.65183884 -0.7535886
vn -0.018951036 0.58796954 -0.8086611
vn -0.03431655 0.63201016 -0.77419996
vn -0.56218284 -0.019232994 -0.82678926
vn 0.03621784 0.64000696 -0.76751506
vn -0.04700591 0.37355348 -0.9264169
vn -0.1839608 0.63606197 -0.7493888
vn 0.1418868 0.8596203 -0.4908373
vn 0.17811434 0.71595734 -0.675041
vn 0.12174045 0.61062264 -0.7825083
vn -0.051024664 0.73167753 -0.6797386
vn 0.122254774 0.7359071 -0.6659539
vn 0.3082642 0.6953553 -0.64919496
vn 0.3748558 0.46327737 -0.80302995
vn 0.5812791 0.31285226 -0.7511578
vn -0.84865695 -0.3064047 -0.4311584
vn -0.40208742 0.59507656 -0.6958517
vn -0.5997443 -0.33566803 -0.7263839
vn -0.70067817 -0.47121355 -0.5357313
vn -0.6274033 -0.3130703 -0.71298814
vn -0.46755153 -0.36222708 -0.8063418
vn -0.9622555 0.012352516 -0.27186736
vn -0.9145589 -0.04057134 -0.40241274
vn -0.4570229 -0.6462955 -0.61109096
vn -0.94034773 -0.16962527 -0.29491237
vn -0.47981173 -0.6224129 -0.6183711
vn -0.6490088 -0.57808936 -0.4945708
vn -0.9831575 0.04897915 -0.1760748
vn -0.9667781 0.043311123 -0.25192124
vn -0.7562317 -0.5203876 -0.39662367
vn -0.5304914 0.81504494 -0.23298211
vn -0.52065694 -0.6754083 -0.5222451
vn -0.88691026 -0.37390578 -0.27126494
vn -0.9698141 -0.14206249 -0.19818905
vn -0.5745763 -0.69851077 -0.4265498
vn -0.85718274 -0.42857584 -0.28558806
vn -0.027322799 0.782179 -0.6224544
vn 0.30377927 0.56673986 -0.7658485
vn 0.27026218 0.4686569 -0.84102255
vn -0.5032635 0.7505823 -0.42819643
vn -0.5292956 0.69482464 -0.4868931
vn -0.22076379 -0.9568523 -0.18893673
vn -0.98009187 0.14555793 -0.13502921
vn -0.009176997 0.585409 -0.8106862
vn 0.031713925 0.5612129 -0.82706374
vn -0.049546234 0.746716 -0.66329515
vn -0.13236111 -0.9896505 0.055430226
vn -0.39168614 -0.8770699 0.27808332
vn -0.23687756 -0.93814445 0.25253537
vn -0.5552068 -0.8310849 -0.032300193
vn -0.022906194 -0.9996733 -0.01134344
vn -0.36039189 -0.90514827 -0.22544244
vn -0.12602063 0.72444445 -0.6777161
vn -0.08449737 0.36974847 -0.92528164
vn -0.69618005 -0.3243367 -0.64042085
vn -0.73922044 -0.30165827 -0.6021258
vn -0.83143526 -0.1472689 -0.53574914
vn -0.8566303 0.109947756 -0.5040794
vn -0.8563608 -0.47446114 -0.2037958
vn 0.64959425 0.38218638 -0.6572373
vn 0.5466054 0.32142448 -0.7732457
vn -0.78397906 -0.36318642 -0.5034606
vn -0.87196857 -0.2923544 -0.39268273
vn -0.38259593 0.78685635 -0.48422864
vn -0.6892349 0.57703346 -0.43816382
vn -0.8580054 0.30347762 -0.41440085
vn -0.674925 -0.6512478 -0.34691858
vn 0.13485137 0.5170416 -0.845271
vn -0.044995796 0.37508616 -0.92589724
vn 0.12893575 0.54137945 -0.8308332
vn 0.044250436 0.38575658 -0.92153883
vn -0.862179 -0.29733673 -0.41016844
vn -0.92583025 -0.15126395 -0.3463488
vn -0.87123954 0.21770784 -0.43993756
vn -0.9812358 0.14697504 0.12479902
vn -0.8447273 -0.2756271 -0.4587653
vn -0.9197694 -0.0056102267 -0.392419
vn -0.9072994 -0.34184515 -0.24484621
vn -0.9004564 -0.23803931 -0.36402678
vn -0.9091336 -0.2794405 -0.30885112
vn -0.95025945 -0.29435104 -0.10180619
vn 0.13665617 0.33239615 -0.9331869
vn -0.8676962 -0.13742268 -0.47772202
vn -0.9076736 -0.27820262 -0.31421652
vn -0.81082994 0.3117077 -0.4953717
vn -0.90154964 -0.23328906 -0.36439586
vn -0.6033662 0.23019993 -0.7635163
vn -0.68593675 0.4836575 -0.54366004
vn -0.51422274 0.52596366 -0.6774491
vn -0.9195562 -0.17071502 -0.3539388
vn -0.77564454 -0.47451335 0.4161882
vn -0.6183638 0.16891249 -0.76752514
vn -0.6917808 0.34296578 -0.6354634
vn -0.713078 -0.6058177 -0.35285214
vn 0.04520748 0.121859 -0.99151736
vn 0.12355557 -0.4206731 -0.89875925
vn -0.18190193 -0.9493709 0.25613773
vn -0.026299242 -0.9973503 0.06782946
vn 0.010601265 -0.99847156 0.054241933
vn -0.9420174 -0.32073134 -0.098664895
vn 0.3245214 0.79333997 -0.51507044
vn 0.16332275 0.80129796 -0.5755409
vn -0.8459966 0.3692989 -0.38458812
vn -0.41135764 0.85755146 -0.30885348
vn -0.8965134 -0.2695089 -0.35160863
vn -0.32481155 0.6659587 -0.67156273
vn -0.7591034 -0.6332399 -0.15089466
vn -0.9486156 0.30880004 -0.06907175
vn -0.91104877 -0.3268884 -0.25126523
vn -0.94820607 0.30931732 -0.07230544
vn -0.63218224 0.18014869 -0.7535862
vn -0.6059818 -0.07742525 -0.7917016
vn -0.65269214 0.18601565 -0.7344325
vn -0.91134447 0.30628356 -0.27503031
vn 0.20360738 -0.49842942 -0.8426815
vn -0.7915383 -0.5513792 -0.26353016
vn -0.6704085 0.56984043 -0.47522035
vn -0.8325744 0.49957174 -0.2392652
vn -0.96195203 0.08765503 -0.25877565
vn -0.94914937 -0.13576038 -0.28405038
vn -0.27933356 -0.26818803 -0.92198044
vn -0.9799024 -0.19880882 0.016319498
vn 0.49185878 0.37525597 -0.78565764
vn 0.6020199 0.20979173 -0.7704281
vn -0.15395352 0.3191174 -0.93512696
vn -0.77435553 -0.60660875 -0.17999794
vn -0.80748457 0.5031368 -0.30793178
vn -0.94860435 -0.15389399 -0.27652574
vn 0.5311359 0.6182312 -0.57938313
vn 0.46118957 0.51551026 -0.7221865
vn 0.43187279 0.5055711 -0.7469162
vn 0.012545831 -0.99883896 0.046511397
vn -0.65238 -0.58202434 -0.4854358
vn -0.62240213 -0.48728427 -0.61251104
vn -0.5104198 -0.7084999 -0.48733926
vn -0.59460986 -0.78274465 0.18371156
vn -0.97300386 -0.17994939 -0.14450474
vn -0.90167165 0.3115477 -0.29987708
vn -0.8199 0.4391352 -0.3673204
vn 0.16232112 0.23017208 -0.9595169
vn 0.037837055 0.6967806 -0.7162857
vn -0.05875928 0.70989454 -0.7018526
vn 0.46159983 0.4859698 -0.74213135
vn 0.37178308 0.51283175 -0.7738094
vn -0.9295103 -0.35960132 -0.08183821
vn -0.6213852 -0.37304395 -0.6889983
vn -0.7133032 -0.27530462 -0.6445199
vn -0.56528556 -0.14147194 -0.8126733
vn -0.11259837 -0.9848981 0.13151972
vn -0.16151689 0.8768883 -0.45274645
vn -0.6370649 0.67825156 -0.36622825
vn 0.28591937 0.8458689 -0.4502843
vn -0.5402075 -0.7647746 -0.35113478
vn -0.56195295 -0.7516408 -0.3453188
vn -0.6805627 -0.66478866 -0.30804303
vn -0.92180395 -0.29433826 -0.25227466
vn -0.7463575 -0.09131474 -0.6592511
vn -0.74069804 -0.03915904 -0.6706959
vn -0.58080196 0.048105102 -0.81262225
vn -0.67062646 0.17478259 -0.72091
vn -0.10613397 0.56819373 -0.81602174
vn -0.99450386 -0.1030681 -0.018415138
vn -0.8051253 -0.1824521 -0.5643443
vn -0.72456264 0.22130333 -0.65271276
vn -0.98989236 -0.035086628 -0.13741188
vn -0.12197101 0.55091774 -0.82559836
vn -0.7635286 -0.15859859 -0.6259957
vn -0.021533359 0.93263525 -0.3601775
vn 0.19733916 0.85750556 -0.47512245
vn 0.21797536 -0.5064643 -0.83425444
vn 0.20649733 -0.0476676 -0.9772853
vn 0.47023654 0.13987924 -0.87138474
vn 0.45153177 0.43884796 -0.7768729
vn 0.49075565 0.41943443 -0.7636973
vn 0.2125534 -0.08753923 -0.9732204
vn -0.7969181 0.08723516 -0.5977554
vn 0.3493663 0.6784927 -0.64621276
vn -0.7310431 -0.49808022 -0.46636045
vn 0.38165757 0.36507225 -0.8491524
vn 0.47180176 0.24079075 -0.84818804
vn 0.022662586 0.67859536 -0.7341626
vn 0.008166246 -0.9998559 -0.014883957
vn 0.15427195 0.34789005 -0.92475545
vn -0.9834461 0.09629523 -0.1534955
vn -0.09624546 0.581689 -0.8076971
vn -0.16915353 0.55398136 -0.8151637
vn -0.7397696 -0.33727267 -0.58222675
vn -0.76514107 -0.12928285 -0.6307497
vn 0.02335527 -0.99945045 -0.023523254
vn -0.07342731 0.63284034 -0.77079284
vn -0.10268533 0.6874003 -0.71898305
vn -0.12669475 0.77430457 -0.62000066
vn 0.23766518 0.3084247 -0.92108065
vn -0.92016745 -0.13176501 -0.36868662
vn -0.7254916 -0.35621995 -0.58887124
vn -0.63202405 -0.6975095 -0.33767754
vn -0.7928104 -0.25611398 -0.5530438
vn 0.009129285 0.51621515 -0.8564103
vn -0.7972132 -0.022799617 -0.6032672
vn -0.85334545 0.35577783 -0.38108206
vn -0.8289455 -0.39924932 -0.3917261
vn -0.8340885 -0.39508468 -0.3849734
vn -0.8936141 -0.055807415 -0.44535315
vn -0.8359464 0.15575397 -0.5262455
vn -0.74442816 0.31604165 -0.58817047
vn -0.60076606 0.31056204 -0.7366352
vn -0.5662456 0.80709547 -0.16722077
vn -0.06851268 0.703686 -0.7072001
vn -0.49506682 -0.69193697 -0.52548265
vn -0.57475984 -0.7013082 -0.42168465
vn -0.8050069 0.27620822 -0.5250456
vn -0.6842492 -0.18522263 -0.7053337
vn -0.8849422 0.16472766 -0.43559393
vn -0.725883 0.40986368 -0.5523636
vn -0.41417056 0.83686924 -0.35792837
vn -0.55452055 0.3801941 -0.7402429
vn -0.61539185 -0.717552 -0.3262085
vn -0.49461064 -0.61203086 -0.61707264
vn -0.6791193 -0.6787171 -0.27953553
vn -0.8665871 -0.36415926 -0.34119612
vn -0.91945976 0.09070709 -0.38257813
vn -0.78265 0.17588228 -0.59709674
vn -0.9247711 -0.035738945 -0.3788419
vn -0.9462001 0.014884755 -0.32323965
vn -0.22772743 0.7666693 -0.6002987
vn 0.05507741 -0.9975996 0.04197172
vn -0.61317056 0.16002877 -0.7735714
vn -0.7227565 0.5323398 -0.44072363
vn -0.5485317 0.7873919 -0.28129497
vn -0.7194455 -0.25730374 -0.64513016
vn -0.8648488 0.029748414 -0.5011504
vn -0.68731326 -0.027319243 -0.7258472
vn -0.7463327 0.21659476 -0.6293443
vn 0.4742429 0.22309273 -0.8516591
vn 0.5072581 0.27304125 -0.8173969
vn -0.7655414 0.3749175 -0.5228607
vn -0.82478714 -0.47352904 -0.30902496
vn 0.5714225 0.48879483 -0.6592086
vn -0.7460731 0.62963635 -0.21664026
vn -0.7119496 -0.65976506 -0.24049513
vn 0.5536008 0.09819389 -0.82697284
vn 0.30645534 0.40104792 -0.8632762
vn 0.40208897 0.1421599 -0.9044971
vn 0.5631845 0.5862443 -0.582358
vn -0.20172238 0.8132481 -0.54583484
vn -0.045627404 0.81015724 -0.5844342
vn 0.46034598 0.66191244 -0.59156865
vn 0.01081007 0.42917192 -0.9031581
vn 0.41277033 0.75323963 -0.5121043
vn 0.4369068 0.6134662 -0.6578539
vn 0.7814369 0.11563784 -0.6131755
vn 0.0075658425 -0.9939165 0.10987566
vn -0.3168844 -0.80598426 0.49997368
vn 0.026242426 -0.79195696 0.6100127
vn -0.16110194 -0.9866708 -0.022954658
vn -0.10479834 -0.9913551 -0.07894507
vn 0.26452282 0.4106957 -0.8725575
vn 0.19123095 0.6632243 -0.7235774
vn 0.23408143 0.5707553 -0.78704774
vn -0.11593853 0.87592554 -0.46830848
vn 0.31215015 0.6577619 -0.685501
vn 0.37326393 0.68915915 -0.6210746
vn 0.08639462 0.55515355 -0.8272488
vn 0.025243253 -0.99738234 0.067757644
vn 0.009322422 0.49912727 -0.86647856
vn 0.5112134 0.42833367 -0.74511147
vn -0.017527001 0.4491232 -0.8932979
vn -0.036924876 -0.99914443 -0.018625341
vn -0.18989669 0.8787039 -0.43797117
vn 0.5267198 0.62548304 -0.57561904
vn -0.3152699 0.5860538 -0.7464221
vn -0.32676667 -0.93871045 0.10975516
vn 0.0095491195 -0.9998534 0.014217157
vn 0.2668878 0.28323528 -0.921167
vn -0.42694646 0.2371683 -0.8726213
vn 0.12450077 0.14342588 -0.98179865
vn -0.017784938 0.8333708 -0.55242807
vn -0.2612285 0.8434022 -0.4695022
vn 0.28480357 -0.56698394 -0.772927
vn 0.3090619 0.30245337 -0.90166664
vn 0.5453386 0.27199042 -0.7928601
vn 0.42152572 0.18370196 -0.88801444
vn -0.04023791 0.36295888 -0.9309359
vn 0.046179987 0.4317848 -0.9007937
vn -0.057340596 0.4172485 -0.90698165
vn -0.5398978 -0.8335769 -0.1168757
vn -0.14820845 0.42064926 -0.89503545
vn 0.5911897 0.30269286 -0.74757737
vn 0.07857661 0.72599244 -0.68319887
vn 0.16165651 0.36518756 -0.9167907
vn -0.15041485 0.68799883 -0.70995283
vn -0.2087984 0.6564039 -0.7249394
vn -0.2495113 0.5160724 -0.8193982
vn -0.31253898 0.5668568 -0.76222885
vn 0.1565101 -0.16314359 -0.9741092
vn 0.29680836 0.27271342 -0.91516787
vn 0.48328468 0.30098572 -0.82209706
vn 0.101856604 0.65342295 -0.75010914
vn 0.31927428 0.17476995 -0.9314072
vn 0.510714 0.6027373 -0.6130896
vn -0.14444187 0.53593373 -0.8318122
vn -0.09781029 0.76547915 -0.63598335
vn -0.053231265 0.44444355 -0.8942238
vn -0.09932425 0.62266684 -0.7761577
vn -0.00046436154 0.65679693 -0.75406736
vn 0.107036136 0.8878352 -0.44753987
vn 0.049342558 0.48656034 -0.87225246
vn 0.075194836 0.77955514 -0.62180334
vn -0.0079210475 0.46437007 -0.8856059
vn 0.13779153 0.875796 -0.4625957
vn -0.37871164 -0.7853389 0.4897145
vn 0.050853368 0.12833491 -0.99042624
vn 0.14232667 0.56516045 -0.81261104
vn 0.19889462 -0.6546617 0.7292866
vn 0.22252178 0.63077694 -0.74337375
vn 0.2996915 0.80501163 -0.5119974
vn 0.2966242 0.117493436 -0.947739
vn -0.8257743 -0.5511767 -0.119587354
vn 0.2069887 0.22681323 -0.9516887
vn 0.0763262 0.6070669 -0.7909767
vn -0.058543023 0.48745573 -0.8711829
vn 0.5066048 0.09701391 -0.8567029
vn -0.5373238 -0.22424854 -0.81301636
vn -0.53323835 -0.15733068 -0.83120626
vn -0.45933458 0.35114002 -0.81591195
vn -0.25932962 -0.096121885 -0.9609936
vn -0.41287723 -0.27541798 -0.8681459
vn -0.29131892 0.0006461513 -0.9566257
vn -0.39928517 0.14447449 -0.905372
vn 0.44970676 -0.18063611 -0.87471956
vn -0.14574678 0.31220624 -0.93876785
vn -0.19184826 0.37780434 -0.90579146
vn 0.20078708 -0.027305964 -0.9792543
vn 0.010281572 0.2911484 -0.9566226
vn 0.26610574 -0.33455354 -0.90402526
vn -0.1776733 -0.42349598 -0.88830364
vn 0.47692925 0.0020036355 -0.8789394
vn -0.40960583 -0.2524807 -0.876628
vn -0.41822243 -0.23336065 -0.87785697
vn -0.3558013 0.159203 -0.9209016
vn -0.47132966 -0.6698317 -0.57373667
vn -0.32358298 -0.61122864 -0.72228354
vn -0.3659539 -0.7101442 -0.6014757
vn -0.5008512 -0.08843186 -0.861004
vn -0.51479733 -0.4820808 -0.7089301
vn 0.12965046 -0.32581595 -0.9365013
vn -0.23838183 0.22610924 -0.9444833
vn -0.23415633 0.16609782 -0.9579052
vn -0.40250337 0.1286092 -0.90633917
vn 0.06500739 -0.045751825 -0.9968354
vn -0.11382015 -0.48364717 -0.8678309
vn -0.018194456 -0.9993065 -0.032488126
vn -0.2338269 0.13983352 -0.9621702
vn -0.28384003 0.0053722304 -0.9588566
vn -0.29103115 0.2913407 -0.9112747
vn -0.13178895 0.024758922 -0.9909686
vn -0.42781883 0.021009408 -0.90362036
vn -0.044806857 -0.33117923 -0.94250345
vn -0.45822242 -0.46630713 -0.75669676
vn 0.09660531 -0.20378058 -0.97423863
vn -0.27747744 -0.07590593 -0.9577288
vn 0.060246903 -0.43000916 -0.90081203
vn -0.0693819 0.36538136 -0.9282686
vn 0.0791136 -0.3111429 -0.9470644
vn -0.32122836 -0.38229373 -0.8664086
vn 0.03633789 -0.30667403 -0.95112073
vn -0.32236636 -0.7372268 -0.59378177
vn -0.40199822 -0.2597054 -0.87803787
vn -0.24594334 -0.30245122 -0.92088825
vn -0.43213865 -0.2954287 -0.85204345
vn -0.10866908 -0.3162441 -0.9424335
vn -0.02779366 -0.9977348 0.0612602
vn -0.25247613 -0.24548474 -0.93594503
vn -0.0037180856 -0.15145947 -0.9884564
vn -0.22865373 -0.3057558 -0.9242461
vn 0.25367218 -0.3116954 -0.9156945
vn 0.2518828 0.2613111 -0.931811
vn -0.30215827 -0.38581046 -0.87169415
vn 0.5913989 -0.11963022 -0.7974559
vn 0.46641967 0.050696254 -0.88310957
vn -0.08524122 0.24423006 -0.9659635
vn 0.45914924 -0.4704261 -0.75357896
vn -0.20125316 -0.37697756 -0.9040935
vn 0.4325031 0.053962525 -0.9000162
vn 0.48517728 -0.26987758 -0.8317266
vn 0.4316273 -0.13504127 -0.8918866
vn 0.44959834 -0.10960491 -0.88648075
vn 0.3961421 -0.0069324556 -0.91816306
vn 0.39886555 0.092933446 -0.9122882
vn 0.35371494 -0.4217948 -0.83485025
vn 0.3022551 -0.07518919 -0.95025706
vn 0.29184937 -0.2017372 -0.9349471
vn -0.22104369 0.27769515 -0.934893
vn 0.3135026 -0.18030989 -0.9323114
vn 0.42127097 0.010613378 -0.90687263
vn -0.63810986 -0.74847674 0.18055014
vn 0.33786777 -0.34313253 -0.8764163
vn 0.41666883 0.061343834 -0.9069862
vn -0.53661007 -0.8430657 0.035914082
vn -0.3012158 -0.95349157 -0.01108789
vn 0.23709342 -0.46149886 -0.85487163
vn 0.24770775 -0.2615133 -0.9328728
vn 0.43670258 6.254211E-05 -0.89960593
vn 0.26268747 -0.12650521 -0.95655197
vn 0.31917664 -0.08735551 -0.9436606
vn 0.4613832 0.0606896 -0.8851228
vn 0.09471079 -0.3532494 -0.9307227
vn 0.12339593 -0.48520365 -0.86565053
vn 0.20666698 -0.42667395 -0.88047606
vn 0.23175772 -0.07100072 -0.97017896
vn 0.2782583 -0.20615539 -0.9381217
vn 0.29323462 -0.16530074 -0.94164175
vn 0.10751921 -0.20319496 -0.97321707
vn 0.28392142 -0.13629808 -0.94911087
vn 0.15665293 -0.055499002 -0.9860932
vn 0.23854434 -0.13902138 -0.9611293
vn 0.29953644 -0.1982133 -0.9332681
vn 0.4214489 -0.05293421 -0.90530586
vn 0.3625175 0.116282955 -0.9246942
vn 0.313146 0.16278774 -0.93564934
vn 0.19262798 -0.35170826 -0.9160763
vn 0.21755084 -0.19830498 -0.95569175
vn 0.34891656 0.094514295 -0.9323756
vn 0.08168088 -0.18378049 -0.97956777
vn 0.2188793 -0.101496264 -0.97045887
vn 0.25864285 0.03572112 -0.9653123
vn 0.2283916 -0.6211276 -0.7496918
vn 0.24175476 -0.5347858 -0.8096659
vn 0.30798095 -0.24348196 -0.91970885
vn 0.33486062 0.12656671 -0.9337287
vn 0.21139546 -0.23681109 -0.94827867
vn 0.2039531 -0.19807562 -0.9587331
vn 0.21051794 -0.25205606 -0.9445369
vn 0.23730831 -0.28790796 -0.92778975
vn 0.11466555 -0.47347343 -0.87331253
vn 0.29043493 -0.041430138 -0.9559974
vn 0.12220949 -0.7207035 -0.6823865
vn 0.22493097 -0.26878 -0.93657
vn 0.22391307 -0.08757995 -0.97066617
vn 0.12676562 -0.12048815 -0.9845878
vn 0.104826726 -0.51175016 -0.8527152
vn 0.22447309 -0.15284246 -0.96241933
vn 0.3680894 0.069134615 -0.92721653
vn 0.2335243 -0.080104135 -0.96904576
vn 0.15275887 -0.06301682 -0.9862523
vn 0.15690574 -0.31373644 -0.9364561
vn 0.21627265 0.01879962 -0.97615194
vn 0.15669239 -0.2911109 -0.94377005
vn 0.23855972 -0.10626744 -0.96529603
vn 0.22203436 -0.17231801 -0.9596912
vn 0.10552439 -0.5378173 -0.8364312
vn -0.016357131 -0.4851358 -0.8742858
vn 0.14843711 -0.268435 -0.9517926
vn 0.18728657 -0.14486407 -0.9715648
vn -0.069397174 -0.7881336 0.6115794
vn 0.05053278 -0.71564275 -0.69663614
vn 0.069082655 -0.45777553 -0.8863798
vn 0.18743725 -0.16055363 -0.96906644
vn 0.20843402 -0.23143387 -0.9502598
vn 0.0486596 -0.39658898 -0.91670567
vn 0.14628404 -0.27930102 -0.94899523
vn 0.12380641 -0.081952155 -0.98891646
vn 0.24511331 -0.16888286 -0.9546717
vn 0.2298484 -0.08971765 -0.96908236
vn 0.12273585 -0.04965898 -0.99119616
vn 0.12915814 -0.0010389152 -0.99162346
vn -0.10973492 -0.42771128 -0.89722985
vn 0.070100464 -0.32801613 -0.94206756
vn 0.17980874 -0.17415543 -0.96816254
vn 0.5474212 -0.82270384 0.15325953
vn -0.11902625 -0.59155804 0.79742825
vn -0.58818245 -0.11440483 -0.80059534
vn 0.13354008 0.009629144 -0.99099666
vn -0.039080523 -0.530266 -0.8469301
vn 0.12526484 -0.22690903 -0.9658266
vn 0.40400344 -0.90376633 0.14137734
vn 0.10841301 -0.05084975 -0.9928046
vn 0.07281107 0.018641349 -0.99717146
vn -0.37240097 -0.83864117 -0.39749017
vn -0.21839108 -0.45246953 -0.8646252
vn -0.17129242 -0.37823787 -0.9097225
vn 0.3594506 -0.8222703 0.44121072
vn -0.07763183 -0.1736543 -0.981742
vn 0.21854931 -0.86944735 0.44305483
vn -0.089477904 -0.99589735 -0.013495975
vn 0.018874614 -0.988517 0.14992641
vn -0.324796 -0.39922258 -0.8573966
vn -0.19110952 -0.27736002 -0.9415671
vn -0.06785022 0.08427435 -0.9941299
vn -0.4786717 -0.16653407 -0.8620556
vn -0.55045384 -0.8347231 -0.015423846
vn -0.8670735 0.021525152 -0.49771503
vn -0.052734815 -0.024572315 -0.99830616
vn -0.26378286 -0.16361447 -0.95060444
vn -0.45700186 -0.339724 -0.8220322
vn -0.35268036 -0.90926015 0.2210487
vn -0.36701465 -0.22638892 -0.90224624
vn -0.3000878 -0.06735039 -0.951531
vn -0.28155184 0.10069774 -0.9542476
vn -0.19186637 -0.58538675 0.7877244
vn -0.2404167 -0.8572977 0.45523673
vn 0.05911816 -0.9978063 0.029793896
vn 0.07737302 -0.9958317 0.04829687
vn -0.19055529 -0.9812866 0.027663935
vn -0.06419429 -0.9978278 -0.014786452
vn 0.04253885 -0.9958478 0.08048357
vn 0.01082666 -0.99988353 0.010755915
vn 0.18976538 -0.45361263 0.8707609
vn 0.06541746 -0.99760103 0.02264429
vn -0.27774057 -0.96065354 -0.0022250917
vn 0.017944342 -0.994016 0.10775074
vn -0.0774841 -0.98117816 0.17687759
vn -0.38179147 -0.9237517 -0.030297661
vn -0.20323098 -0.91796255 -0.34064955
vn 0.021221457 -0.9982086 -0.05593958
vn 0.4544623 -0.88346064 0.11384748
vn -0.6310906 -0.73807955 0.23866975
vn -0.525314 -0.75357026 0.3951924
vn -0.36318383 -0.89217496 0.2685543
vn -0.16151689 -0.97630376 0.14402546
vn -0.47592577 -0.8688831 0.13615002
vn 0.39629817 -0.878695 0.26616314
vn -0.018448876 -0.9984911 0.051721964
vn 0.005828716 -0.99998224 -0.0012120102
vn -0.12490722 -0.61426324 0.7791526
vn -0.026739236 -0.9995699 0.012048176
vn -0.66276616 -0.7484014 0.025226964
vn 0.058465704 -0.97943115 0.19312245
vn 0.04624157 -0.97526807 0.21613382
vn 0.19635552 -0.97750324 0.07701902
vn -0.051043846 -0.99836445 0.025750998
vn -0.28554934 -0.9431571 0.1700478
vn -0.49730566 -0.8592785 0.11969755
vn 0.18819243 -0.9819726 -0.017704435
vn 0.009993118 -0.999375 -0.03390841
vn 0.030173486 -0.9992302 -0.025071427
vn -0.6524211 -0.7463938 -0.13131276
vn -0.12907343 -0.9841184 0.121864654
vn -0.47611952 -0.875139 0.08626648
vn -0.45356068 -0.88439775 -0.11010565
vn -0.4451304 -0.8924657 0.07323894
vn 0.30227533 -0.9122147 0.2765752
vn 0.053334024 -0.9849678 0.16429806
vn 0.39440003 -0.9187407 -0.01908116
vn -0.59799415 -0.80148816 0.0044336966
vn 0.28145602 -0.94176185 -0.18403022
vn 0.17088623 -0.9781994 0.117999166
vn -0.47285917 -0.734608 0.486575
vn 0.3076445 -0.9262697 0.21766807
vn -0.64707536 -0.7426213 -0.17264758
vn -0.80730593 -0.5777236 0.120385
vn -0.6824684 -0.72943085 0.04655565
vn -0.6339275 -0.7346689 -0.24165595
vn -0.3837666 -0.91493887 -0.12494071
vn 0.07101267 -0.99736226 -0.015024466
vn 0.12571576 -0.9908981 -0.04813156
vn -0.48046336 -0.8769911 -0.0064404616
vn -0.043140166 -0.99539095 0.08564894
vn -0.49367675 -0.79163367 0.35999915
vn -0.11819229 -0.84941417 0.51432097
vn -0.35467413 -0.87006485 0.3423351
vn -0.7064929 -0.537994 0.45981547
vn -0.29422486 -0.94509095 0.14224906
vn 0.020661302 -0.99614435 0.08526153
vn 0.29924238 -0.9384807 0.17236023
vn 0.0029096205 -0.99499243 0.099907845
vn -0.29362825 -0.95224035 0.0837898
vn -0.25494453 -0.8352628 0.4871748
vn -0.34320804 -0.6551487 0.67304415
vn -0.38493305 -0.9072442 0.16951233
vn -0.49776247 -0.69027025 0.52512825
vn -0.13910139 -0.9413115 0.30754426
vn 0.29679453 -0.9054356 0.30347875
vn 0.041503422 -0.9969231 0.06649707
vn -0.6743097 -0.7155229 0.18257426
vn -0.51001453 -0.8225689 -0.2515265
vn -0.72592074 -0.60400915 0.32895616
vn -0.61937594 -0.7793308 -0.09495709
vn -0.6878023 -0.7258671 0.006712274
vn -0.6502753 -0.7564274 0.07042461
vn -0.080041 -0.87319 0.4807627
vn -0.3893452 -0.80721337 0.44364044
vn -0.6702502 -0.71510303 0.19847539
vn -0.5776531 -0.749964 0.3222899
vn -0.58298355 -0.7360745 0.34398332
vn 0.18719839 -0.9262914 0.32701835
vn -0.3415544 -0.91676664 -0.20707357
vn -0.4238175 -0.90138996 -0.08874078
vn -0.5574943 -0.77101946 0.3077807
vn -0.6210601 -0.60735893 0.49537823
vn -0.42123362 -0.8792635 -0.22239147
vn -0.1302629 -0.99147606 -0.0026195587
vn -0.49335033 -0.8634059 0.105525956
vn -0.33816457 -0.9346189 -0.11014637
vn -0.31254652 -0.94974804 0.01712678
vn -0.3471226 -0.9118997 0.2189631
vn -0.46031386 -0.7539534 0.4686847
vn -0.031528335 -0.9992841 0.020909518
vn -0.3661355 -0.8569405 0.36276418
vn -0.46557498 -0.6795242 0.56699806
vn -0.49150202 -0.5327105 0.68894506
vn -0.12827416 -0.98889524 0.07504643
vn -0.43716952 -0.7975429 0.41570193
vn 0.07394788 -0.9970745 -0.019341439
vn -0.018729405 -0.9992061 -0.035160635
vn -0.00538785 -0.9999756 -0.004439226
vn -0.26989657 -0.9398688 0.20929012
vn -0.33611676 -0.6738653 0.6579749
vn -0.11400841 -0.9919279 0.055507116
vn -0.24988417 -0.9682722 0.0026420022
vn -0.2694455 -0.9077505 0.32154018
vn -0.29280984 -0.8665486 0.40417314
vn -0.32313898 -0.7952286 0.51302314
vn 0.009758374 -0.999952 -0.0008082731
vn -0.038351357 -0.9984283 0.040868547
vn -0.2397627 -0.757984 0.6066087
vn -0.2340508 -0.63117737 0.7394832
vn -0.06295943 -0.997088 -0.043031227
vn -0.16550635 -0.98240185 -0.086569436
vn 0.005859344 -0.99997365 0.0042731618
vn 0.043362867 -0.99899113 0.011671062
vn 0.059646655 -0.9980888 0.016158208
vn -0.0716713 -0.9971099 0.025203478
vn 0.03456736 -0.9993182 -0.012969681
vn 0.0033325446 -0.99990845 0.013112878
vn -0.15240842 -0.97843647 0.13940482
vn -0.021018196 -0.99857867 0.048977785
vn -0.12045067 -0.6472039 0.7527408
vn 0.24398763 -0.96643066 0.080510266
vn 0.13994128 -0.9823459 0.124148935
vn -0.029095298 -0.95782596 0.28587234
vn 0.1825703 -0.8437995 0.5046488
vn -0.0031037752 -0.9995662 0.029287413
vn -0.101193346 -0.98654014 0.1284463
vn 0.11300031 -0.9752728 0.18993162
vn 0.24698772 -0.9686956 -0.025018742
vn 0.54319286 -0.7466307 0.38403666
vn 0.7201494 -0.6696273 0.18161513
vn -0.20845842 -0.5660215 0.79759943
vn 0.2135739 -0.7369781 0.6412874
vn 0.35299367 -0.84521836 0.4012497
vn 0.2588594 -0.95465046 0.14708596
vn -0.005452855 -0.84589684 0.53331864
vn -0.34790805 -0.7300777 0.58817214
vn -0.010484001 -0.9975039 0.06982939
vn 0.01616885 -0.99959284 0.023507925
vn -0.051824946 -0.6404294 0.7662665
vn 0.03639877 -0.998993 0.026232626
vn 0.004302294 -0.99947625 -0.032072667
vn 0.04745898 -0.93665564 0.34702128
vn -0.17803153 -0.9217021 0.3446302
vn -0.3520683 -0.91879493 0.17850474
f 2330/2330/2330 2443/2443/2443 74/74/74
f 76/76/76 2330/2330/2330 74/74/74
f 451/451/451 452/452/452 453/453/453
f 2203/2203/2203 2449/2449/2449 2443/2443/2443
f 74/74/74 2443/2443/2443 579/579/579
f 2330/2330/2330 1410/1410/1410 2203/2203/2203
f 1410/1410/1410 451/451/451 510/510/510
f 1410/1410/1410 2330/2330/2330 451/451/451
f 76/76/76 451/451/451 2330/2330/2330
f 74/74/74 75/75/75 76/76/76
f 1410/1410/1410 1409/1409/1409 2203/2203/2203
f 2203/2203/2203 2443/2443/2443 2330/2330/2330
f 2457/2457/2457 2449/2449/2449 2203/2203/2203
f 2457/2457/2457 2203/2203/2203 1409/1409/1409
f 510/510/510 1409/1409/1409 1410/1410/1410
f 74/74/74 1754/1754/1754 75/75/75
f 510/510/510 451/451/451 462/462/462
f 75/75/75 452/452/452 76/76/76
f 452/452/452 451/451/451 76/76/76
f 75/75/75 1754/1754/1754 1753/1753/1753
f 1753/1753/1753 2079/2079/2079 75/75/75
f 1772/1772/1772 2079/2079/2079 1753/1753/1753
f 1868/1868/1868 462/462/462 453/453/453
f 1891/1891/1891 2066/2066/2066 2058/2058/2058
f 2080/2080/2080 2066/2066/2066 1892/1892/1892
f 1891/1891/1891 1868/1868/1868 1892/1892/1892
f 2079/2079/2079 2080/2080/2080 1892/1892/1892
f 452/452/452 75/75/75 453/453/453
f 2079/2079/2079 1892/1892/1892 75/75/75
f 2066/2066/2066 1891/1891/1891 1892/1892/1892
f 453/453/453 75/75/75 1892/1892/1892
f 453/453/453 1892/1892/1892 1868/1868/1868
f 451/451/451 453/453/453 462/462/462
f 578/578/578 1753/1753/1753 1754/1754/1754
f 578/578/578 1772/1772/1772 1753/1753/1753
f 74/74/74 579/579/579 1754/1754/1754
f 1803/1803/1803 1796/1796/1796 1798/1798/1798
f 1476/1476/1476 1772/1772/1772 1785/1785/1785
f 1798/1798/1798 1796/1796/1796 1783/1783/1783
f 577/577/577 578/578/578 579/579/579
f 2347/2347/2347 577/577/577 579/579/579
f 578/578/578 577/577/577 1783/1783/1783
f 1796/1796/1796 1647/1647/1647 1784/1784/1784
f 1783/1783/1783 1796/1796/1796 1784/1784/1784
f 579/579/579 578/578/578 1754/1754/1754
f 1647/1647/1647 1648/1648/1648 1785/1785/1785
f 1798/1798/1798 1783/1783/1783 577/577/577
f 1784/1784/1784 1647/1647/1647 1785/1785/1785
f 1772/1772/1772 2080/2080/2080 2079/2079/2079
f 2347/2347/2347 2412/2412/2412 1798/1798/1798
f 1771/1771/1771 1772/1772/1772 578/578/578
f 1783/1783/1783 1771/1771/1771 578/578/578
f 1803/1803/1803 1647/1647/1647 1796/1796/1796
f 2453/2453/2453 579/579/579 2443/2443/2443
f 1798/1798/1798 577/577/577 2347/2347/2347
f 1785/1785/1785 1648/1648/1648 1476/1476/1476
f 1784/1784/1784 1771/1771/1771 1783/1783/1783
f 1784/1784/1784 1785/1785/1785 1771/1771/1771
f 2453/2453/2453 2347/2347/2347 579/579/579
f 1785/1785/1785 1772/1772/1772 1771/1771/1771
f 1813/1813/1813 1819/1819/1819 1803/1803/1803
f 1813/1813/1813 1803/1803/1803 1798/1798/1798
f 1535/1535/1535 1647/1647/1647 1803/1803/1803
f 278/278/278 1813/1813/1813 2342/2342/2342
f 1647/1647/1647 1535/1535/1535 1648/1648/1648
f 1478/1478/1478 2058/2058/2058 1476/1476/1476
f 2449/2449/2449 2453/2453/2453 2443/2443/2443
f 1476/1476/1476 1648/1648/1648 1477/1477/1477
f 1476/1476/1476 2058/2058/2058 2066/2066/2066
f 1803/1803/1803 1819/1819/1819 1535/1535/1535
f 2460/2460/2460 2412/2412/2412 2453/2453/2453
f 1466/1466/1466 1467/1467/1467 1477/1477/1477
f 1648/1648/1648 1466/1466/1466 1477/1477/1477
f 2412/2412/2412 2347/2347/2347 2453/2453/2453
f 1476/1476/1476 1477/1477/1477 1478/1478/1478
f 2460/2460/2460 2342/2342/2342 1813/1813/1813
f 2466/2466/2466 2449/2449/2449 2457/2457/2457
f 1466/1466/1466 1648/1648/1648 1535/1535/1535
f 1476/1476/1476 2066/2066/2066 2080/2080/2080
f 2466/2466/2466 2460/2460/2460 2449/2449/2449
f 2412/2412/2412 2460/2460/2460 1813/1813/1813
f 1813/1813/1813 278/278/278 1819/1819/1819
f 1476/1476/1476 2080/2080/2080 1772/1772/1772
f 278/278/278 1535/1535/1535 1819/1819/1819
f 1798/1798/1798 2412/2412/2412 1813/1813/1813
f 2488/2488/2488 2480/2480/2480 2486/2486/2486
f 2472/2472/2472 2469/2469/2469 2470/2470/2470
f 1965/1965/1965 52/52/52 983/983/983
f 1965/1965/1965 1937/1937/1937 52/52/52
f 983/983/983 1989/1989/1989 1965/1965/1965
f 1937/1937/1937 1954/1954/1954 1936/1936/1936
f 1938/1938/1938 859/859/859 858/858/858
f 1936/1936/1936 1939/1939/1939 859/859/859
f 2471/2471/2471 2472/2472/2472 2470/2470/2470
f 1523/1523/1523 1938/1938/1938 858/858/858
f 1936/1936/1936 859/859/859 1938/1938/1938
f 2471/2471/2471 2470/2470/2470 1523/1523/1523
f 1523/1523/1523 2470/2470/2470 1937/1937/1937
f 1936/1936/1936 1523/1523/1523 1937/1937/1937
f 1938/1938/1938 1523/1523/1523 1936/1936/1936
f 1954/1954/1954 1939/1939/1939 1936/1936/1936
f 2470/2470/2470 2469/2469/2469 1937/1937/1937
f 2471/2471/2471 2480/2480/2480 2472/2472/2472
f 1937/1937/1937 2469/2469/2469 52/52/52
f 1524/1524/1524 2471/2471/2471 1523/1523/1523
f 2486/2486/2486 2480/2480/2480 2471/2471/2471
f 1523/1523/1523 858/858/858 1524/1524/1524
f 1937/1937/1937 1965/1965/1965 1954/1954/1954
f 1978/1978/1978 527/527/527 1969/1969/1969
f 528/528/528 1939/1939/1939 529/529/529
f 1969/1969/1969 529/529/529 1954/1954/1954
f 1954/1954/1954 529/529/529 1939/1939/1939
f 1969/1969/1969 1954/1954/1954 1965/1965/1965
f 1989/1989/1989 1978/1978/1978 1965/1965/1965
f 1940/1940/1940 1939/1939/1939 528/528/528
f 1969/1969/1969 527/527/527 529/529/529
f 1978/1978/1978 1969/1969/1969 1965/1965/1965
f 1939/1939/1939 1940/1940/1940 859/859/859
f 527/527/527 528/528/528 529/529/529
f 85/85/85 84/84/84 527/527/527
f 2488/2488/2488 2489/2489/2489 2480/2480/2480
f 1234/1234/1234 1978/1978/1978 1989/1989/1989
f 1328/1328/1328 213/213/213 85/85/85
f 53/53/53 1972/1972/1972 51/51/51
f 1233/1233/1233 463/463/463 1234/1234/1234
f 983/983/983 51/51/51 1234/1234/1234
f 51/51/51 1972/1972/1972 510/510/510
f 1233/1233/1233 51/51/51 510/510/510
f 1144/1144/1144 1328/1328/1328 1359/1359/1359
f 51/51/51 52/52/52 53/53/53
f 51/51/51 1233/1233/1233 1234/1234/1234
f 1359/1359/1359 1328/1328/1328 85/85/85
f 1234/1234/1234 463/463/463 1359/1359/1359
f 1234/1234/1234 1989/1989/1989 983/983/983
f 1978/1978/1978 1359/1359/1359 527/527/527
f 1359/1359/1359 85/85/85 527/527/527
f 52/52/52 51/51/51 983/983/983
f 1234/1234/1234 1359/1359/1359 1978/1978/1978
f 52/52/52 2469/2469/2469 53/53/53
f 2465/2465/2465 2456/2456/2456 53/53/53
f 2469/2469/2469 2465/2465/2465 53/53/53
f 1359/1359/1359 463/463/463 1144/1144/1144
f 461/461/461 462/462/462 463/463/463
f 463/463/463 1143/1143/1143 1144/1144/1144
f 2493/2493/2493 2489/2489/2489 2488/2488/2488
f 2465/2465/2465 2457/2457/2457 2456/2456/2456
f 1868/1868/1868 463/463/463 462/462/462
f 510/510/510 1972/1972/1972 1409/1409/1409
f 510/510/510 462/462/462 461/461/461
f 1233/1233/1233 461/461/461 463/463/463
f 1694/1694/1694 1143/1143/1143 2067/2067/2067
f 53/53/53 2456/2456/2456 1972/1972/1972
f 1972/1972/1972 2456/2456/2456 1409/1409/1409
f 1868/1868/1868 1891/1891/1891 2051/2051/2051
f 2475/2475/2475 2472/2472/2472 2480/2480/2480
f 1144/1144/1144 1695/1695/1695 1328/1328/1328
f 463/463/463 2067/2067/2067 1143/1143/1143
f 2067/2067/2067 1730/1730/1730 1694/1694/1694
f 2487/2487/2487 2475/2475/2475 2480/2480/2480
f 1143/1143/1143 1694/1694/1694 1695/1695/1695
f 2058/2058/2058 2051/2051/2051 1891/1891/1891
f 463/463/463 1868/1868/1868 2067/2067/2067
f 2472/2472/2472 2475/2475/2475 2469/2469/2469
f 1143/1143/1143 1695/1695/1695 1144/1144/1144
f 1233/1233/1233 510/510/510 461/461/461
f 1868/1868/1868 2051/2051/2051 2067/2067/2067
f 2051/2051/2051 1730/1730/1730 2067/2067/2067
f 2489/2489/2489 2487/2487/2487 2480/2480/2480
f 2469/2469/2469 2475/2475/2475 2465/2465/2465
f 2456/2456/2456 2457/2457/2457 1409/1409/1409
f 2466/2466/2466 2478/2478/2478 2460/2460/2460
f 2473/2473/2473 2477/2477/2477 2466/2466/2466
f 2475/2475/2475 2476/2476/2476 2465/2465/2465
f 2460/2460/2460 2453/2453/2453 2449/2449/2449
f 2477/2477/2477 2223/2223/2223 2466/2466/2466
f 2124/2124/2124 2475/2475/2475 2487/2487/2487
f 2483/2483/2483 2473/2473/2473 2481/2481/2481
f 2473/2473/2473 2466/2466/2466 2457/2457/2457
f 2473/2473/2473 2457/2457/2457 2465/2465/2465
f 2502/2502/2502 2495/2495/2495 2482/2482/2482
f 2124/2124/2124 2482/2482/2482 2476/2476/2476
f 2482/2482/2482 2481/2481/2481 2465/2465/2465
f 2502/2502/2502 2482/2482/2482 2124/2124/2124
f 2482/2482/2482 2495/2495/2495 2483/2483/2483
f 2124/2124/2124 2476/2476/2476 2475/2475/2475
f 2482/2482/2482 2465/2465/2465 2476/2476/2476
f 2465/2465/2465 2481/2481/2481 2473/2473/2473
f 2483/2483/2483 2481/2481/2481 2482/2482/2482
f 1817/1817/1817 1781/1781/1781 1478/1478/1478
f 1503/1503/1503 197/197/197 196/196/196
f 996/996/996 1478/1478/1478 997/997/997
f 278/278/278 277/277/277 1535/1535/1535
f 1477/1477/1477 1467/1467/1467 1478/1478/1478
f 276/276/276 277/277/277 278/278/278
f 196/196/196 1817/1817/1817 1467/1467/1467
f 198/198/198 1781/1781/1781 1817/1817/1817
f 1781/1781/1781 997/997/997 1478/1478/1478
f 2058/2058/2058 1478/1478/1478 996/996/996
f 1468/1468/1468 831/831/831 833/833/833
f 196/196/196 197/197/197 198/198/198
f 196/196/196 1467/1467/1467 277/277/277
f 196/196/196 277/277/277 1503/1503/1503
f 996/996/996 2051/2051/2051 2058/2058/2058
f 197/197/197 1468/1468/1468 652/652/652
f 1502/1502/1502 1503/1503/1503 277/277/277
f 1817/1817/1817 1478/1478/1478 1467/1467/1467
f 1378/1378/1378 1502/1502/1502 277/277/277
f 1466/1466/1466 277/277/277 1467/1467/1467
f 1381/1381/1381 1468/1468/1468 1502/1502/1502
f 1502/1502/1502 1468/1468/1468 197/197/197
f 996/996/996 998/998/998 2051/2051/2051
f 1535/1535/1535 277/277/277 1466/1466/1466
f 196/196/196 198/198/198 1817/1817/1817
f 1502/1502/1502 197/197/197 1503/1503/1503
f 2343/2343/2343 2342/2342/2342 1780/1780/1780
f 1625/1625/1625 1627/1627/1627 1790/1790/1790
f 1790/1790/1790 1684/1684/1684 1625/1625/1625
f 2383/2383/2383 1349/1349/1349 1684/1684/1684
f 1481/1481/1481 2343/2343/2343 1780/1780/1780
f 1684/1684/1684 1349/1349/1349 1348/1348/1348
f 2342/2342/2342 1792/1792/1792 1780/1780/1780
f 1780/1780/1780 1792/1792/1792 1790/1790/1790
f 2485/2485/2485 2383/2383/2383 2474/2474/2474
f 1790/1790/1790 1627/1627/1627 1746/1746/1746
f 1792/1792/1792 1684/1684/1684 1790/1790/1790
f 2474/2474/2474 2383/2383/2383 1792/1792/1792
f 2343/2343/2343 1481/1481/1481 1587/1587/1587
f 1746/1746/1746 1780/1780/1780 1790/1790/1790
f 1780/1780/1780 1746/1746/1746 1481/1481/1481
f 2485/2485/2485 1349/1349/1349 2383/2383/2383
f 2342/2342/2342 2343/2343/2343 278/278/278
f 1684/1684/1684 1792/1792/1792 2383/2383/2383
f 2474/2474/2474 1792/1792/1792 2342/2342/2342
f 1482/1482/1482 1212/1212/1212 276/276/276
f 1625/1625/1625 1606/1606/1606 1626/1626/1626
f 1482/1482/1482 276/276/276 1483/1483/1483
f 1481/1481/1481 1483/1483/1483 1587/1587/1587
f 1348/1348/1348 1625/1625/1625 1684/1684/1684
f 1625/1625/1625 1626/1626/1626 1627/1627/1627
f 1630/1630/1630 1482/1482/1482 1746/1746/1746
f 1746/1746/1746 1482/1482/1482 1481/1481/1481
f 1630/1630/1630 1212/1212/1212 1482/1482/1482
f 1626/1626/1626 1630/1630/1630 1627/1627/1627
f 664/664/664 1212/1212/1212 1630/1630/1630
f 17/17/17 1606/1606/1606 1625/1625/1625
f 1626/1626/1626 1606/1606/1606 664/664/664
f 1626/1626/1626 664/664/664 1630/1630/1630
f 1481/1481/1481 1482/1482/1482 1483/1483/1483
f 1348/1348/1348 15/15/15 1625/1625/1625
f 1606/1606/1606 17/17/17 664/664/664
f 1630/1630/1630 1746/1746/1746 1627/1627/1627
f 664/664/664 855/855/855 1212/1212/1212
f 928/928/928 854/854/854 665/665/665
f 2478/2478/2478 2484/2484/2484 2474/2474/2474
f 1378/1378/1378 277/277/277 276/276/276
f 1587/1587/1587 276/276/276 278/278/278
f 664/664/664 17/17/17 665/665/665
f 665/665/665 854/854/854 855/855/855
f 1211/1211/1211 1378/1378/1378 276/276/276
f 1483/1483/1483 276/276/276 1587/1587/1587
f 1587/1587/1587 278/278/278 2343/2343/2343
f 1212/1212/1212 1211/1211/1211 276/276/276
f 664/664/664 665/665/665 855/855/855
f 2484/2484/2484 2485/2485/2485 2474/2474/2474
f 2478/2478/2478 2474/2474/2474 2460/2460/2460
f 2460/2460/2460 2474/2474/2474 2342/2342/2342
f 855/855/855 1211/1211/1211 1212/1212/1212
f 2485/2485/2485 1352/1352/1352 1349/1349/1349
f 15/15/15 16/16/16 17/17/17
f 509/509/509 928/928/928 17/17/17
f 1141/1141/1141 2485/2485/2485 2484/2484/2484
f 1175/1175/1175 490/490/490 16/16/16
f 1348/1348/1348 1175/1175/1175 15/15/15
f 1347/1347/1347 1175/1175/1175 1348/1348/1348
f 1094/1094/1094 490/490/490 1347/1347/1347
f 15/15/15 17/17/17 1625/1625/1625
f 1347/1347/1347 490/490/490 1175/1175/1175
f 1347/1347/1347 1348/1348/1348 1349/1349/1349
f 665/665/665 17/17/17 928/928/928
f 1352/1352/1352 1768/1768/1768 1094/1094/1094
f 1768/1768/1768 1352/1352/1352 1140/1140/1140
f 1140/1140/1140 2485/2485/2485 1141/1141/1141
f 17/17/17 16/16/16 509/509/509
f 1140/1140/1140 1352/1352/1352 2485/2485/2485
f 1175/1175/1175 16/16/16 15/15/15
f 1349/1349/1349 1352/1352/1352 1094/1094/1094
f 1349/1349/1349 1094/1094/1094 1347/1347/1347
f 2174/2174/2174 2119/2119/2119 2223/2223/2223
f 854/854/854 556/556/556 591/591/591
f 1378/1378/1378 831/831/831 1381/1381/1381
f 855/855/855 1402/1402/1402 1211/1211/1211
f 1370/1370/1370 2496/2496/2496 2223/2223/2223
f 1402/1402/1402 831/831/831 1378/1378/1378
f 2496/2496/2496 2478/2478/2478 2223/2223/2223
f 2496/2496/2496 2497/2497/2497 2478/2478/2478
f 2497/2497/2497 2484/2484/2484 2478/2478/2478
f 1378/1378/1378 1381/1381/1381 1502/1502/1502
f 855/855/855 854/854/854 1402/1402/1402
f 1370/1370/1370 1983/1983/1983 2496/2496/2496
f 1381/1381/1381 831/831/831 1468/1468/1468
f 1211/1211/1211 1402/1402/1402 1378/1378/1378
f 854/854/854 591/591/591 1402/1402/1402
f 2223/2223/2223 2478/2478/2478 2466/2466/2466
f 1278/1278/1278 1370/1370/1370 2223/2223/2223
f 1983/1983/1983 2497/2497/2497 2496/2496/2496
f 2497/2497/2497 1141/1141/1141 2484/2484/2484
f 589/589/589 556/556/556 555/555/555
f 554/554/554 555/555/555 556/556/556
f 554/554/554 509/509/509 16/16/16
f 1521/1521/1521 1139/1139/1139 1983/1983/1983
f 555/555/555 554/554/554 16/16/16
f 1521/1521/1521 1983/1983/1983 1370/1370/1370
f 1369/1369/1369 1521/1521/1521 1370/1370/1370
f 556/556/556 854/854/854 554/554/554
f 608/608/608 659/659/659 621/621/621
f 670/670/670 669/669/669 714/714/714
f 962/962/962 698/698/698 659/659/659
f 698/698/698 669/669/669 659/659/659
f 589/589/589 598/598/598 556/556/556
f 1139/1139/1139 1141/1141/1141 1983/1983/1983
f 608/608/608 621/621/621 589/589/589
f 1520/1520/1520 1139/1139/1139 1521/1521/1521
f 854/854/854 928/928/928 509/509/509
f 659/659/659 669/669/669 621/621/621
f 621/621/621 669/669/669 598/598/598
f 1983/1983/1983 1141/1141/1141 2497/2497/2497
f 1369/1369/1369 1520/1520/1520 1521/1521/1521
f 555/555/555 608/608/608 589/589/589
f 621/621/621 598/598/598 589/589/589
f 714/714/714 669/669/669 698/698/698
f 669/669/669 670/670/670 598/598/598
f 554/554/554 854/854/854 509/509/509
f 1227/1227/1227 962/962/962 1520/1520/1520
f 1140/1140/1140 1139/1139/1139 1147/1147/1147
f 489/489/489 16/16/16 490/490/490
f 1147/1147/1147 1129/1129/1129 1095/1095/1095
f 659/659/659 608/608/608 1129/1129/1129
f 489/489/489 506/506/506 16/16/16
f 1094/1094/1094 1768/1768/1768 1095/1095/1095
f 1139/1139/1139 1140/1140/1140 1141/1141/1141
f 566/566/566 555/555/555 506/506/506
f 1095/1095/1095 489/489/489 1094/1094/1094
f 16/16/16 506/506/506 555/555/555
f 1095/1095/1095 1768/1768/1768 1147/1147/1147
f 1722/1722/1722 1714/1714/1714 698/698/698
f 962/962/962 659/659/659 963/963/963
f 1147/1147/1147 1768/1768/1768 1140/1140/1140
f 963/963/963 659/659/659 1129/1129/1129
f 608/608/608 566/566/566 1129/1129/1129
f 963/963/963 1147/1147/1147 1139/1139/1139
f 1094/1094/1094 489/489/489 490/490/490
f 566/566/566 506/506/506 489/489/489
f 962/962/962 963/963/963 1520/1520/1520
f 566/566/566 1095/1095/1095 1129/1129/1129
f 1139/1139/1139 1520/1520/1520 963/963/963
f 1147/1147/1147 963/963/963 1129/1129/1129
f 962/962/962 1722/1722/1722 698/698/698
f 566/566/566 608/608/608 555/555/555
f 566/566/566 489/489/489 1095/1095/1095
f 2070/2070/2070 2091/2091/2091 2088/2088/2088
f 1984/1984/1984 2070/2070/2070 2052/2052/2052
f 2053/2053/2053 2071/2071/2071 2048/2048/2048
f 2038/2038/2038 2018/2018/2018 2014/2014/2014
f 2053/2053/2053 1527/1527/1527 2071/2071/2071
f 2038/2038/2038 2052/2052/2052 2053/2053/2053
f 2052/2052/2052 2088/2088/2088 1527/1527/1527
f 2070/2070/2070 2088/2088/2088 2052/2052/2052
f 2053/2053/2053 2048/2048/2048 2038/2038/2038
f 1984/1984/1984 2052/2052/2052 2038/2038/2038
f 2052/2052/2052 1527/1527/1527 2053/2053/2053
f 2038/2038/2038 2048/2048/2048 2018/2018/2018
f 1986/1986/1986 2047/2047/2047 1984/1984/1984
f 1985/1985/1985 1984/1984/1984 2038/2038/2038
f 1984/1984/1984 1985/1985/1985 1986/1986/1986
f 2060/2060/2060 2061/2061/2061 1986/1986/1986
f 1986/1986/1986 2061/2061/2061 2047/2047/2047
f 2061/2061/2061 2427/2427/2427 284/284/284
f 1998/1998/1998 2038/2038/2038 2014/2014/2014
f 283/283/283 2091/2091/2091 2070/2070/2070
f 2047/2047/2047 283/283/283 2070/2070/2070
f 2047/2047/2047 2070/2070/2070 1984/1984/1984
f 283/283/283 2047/2047/2047 284/284/284
f 1998/1998/1998 1997/1997/1997 2038/2038/2038
f 1997/1997/1997 1999/1999/1999 2189/2189/2189
f 1985/1985/1985 2196/2196/2196 2192/2192/2192
f 1986/1986/1986 1985/1985/1985 2192/2192/2192
f 1985/1985/1985 1997/1997/1997 2196/2196/2196
f 1997/1997/1997 2189/2189/2189 2196/2196/2196
f 1999/1999/1999 1727/1727/1727 2189/2189/2189
f 1997/1997/1997 1998/1998/1998 1999/1999/1999
f 1985/1985/1985 2038/2038/2038 1997/1997/1997
f 2061/2061/2061 284/284/284 2047/2047/2047
f 2431/2431/2431 2434/2434/2434 2426/2426/2426
f 2429/2429/2429 2431/2431/2431 2430/2430/2430
f 2431/2431/2431 2440/2440/2440 2434/2434/2434
f 2429/2429/2429 2430/2430/2430 282/282/282
f 2434/2434/2434 2440/2440/2440 2426/2426/2426
f 2427/2427/2427 2429/2429/2429 284/284/284
f 2440/2440/2440 2435/2435/2435 2426/2426/2426
f 282/282/282 2431/2431/2431 2426/2426/2426
f 2430/2430/2430 2431/2431/2431 282/282/282
f 2429/2429/2429 2439/2439/2439 2431/2431/2431
f 2439/2439/2439 2444/2444/2444 2431/2431/2431
f 2431/2431/2431 2444/2444/2444 2440/2440/2440
f 284/284/284 2429/2429/2429 282/282/282
f 282/282/282 2426/2426/2426 1009/1009/1009
f 113/113/113 25/25/25 24/24/24
f 40/40/40 41/41/41 2091/2091/2091
f 113/113/113 1489/1489/1489 1548/1548/1548
f 1489/1489/1489 113/113/113 1271/1271/1271
f 40/40/40 1009/1009/1009 114/114/114
f 40/40/40 24/24/24 41/41/41
f 2426/2426/2426 2435/2435/2435 1489/1489/1489
f 2435/2435/2435 2436/2436/2436 1489/1489/1489
f 1489/1489/1489 2436/2436/2436 2428/2428/2428
f 2091/2091/2091 283/283/283 40/40/40
f 113/113/113 1548/1548/1548 25/25/25
f 282/282/282 283/283/283 284/284/284
f 114/114/114 24/24/24 40/40/40
f 1489/1489/1489 2428/2428/2428 1548/1548/1548
f 1009/1009/1009 1271/1271/1271 114/114/114
f 2091/2091/2091 41/41/41 2088/2088/2088
f 283/283/283 282/282/282 1009/1009/1009
f 113/113/113 24/24/24 114/114/114
f 2426/2426/2426 1271/1271/1271 1009/1009/1009
f 114/114/114 1271/1271/1271 113/113/113
f 40/40/40 283/283/283 1009/1009/1009
f 1271/1271/1271 2426/2426/2426 1489/1489/1489
f 2436/2436/2436 2441/2441/2441 2428/2428/2428
f 2435/2435/2435 2448/2448/2448 2436/2436/2436
f 2436/2436/2436 2448/2448/2448 2441/2441/2441
f 2428/2428/2428 1829/1829/1829 1548/1548/1548
f 2441/2441/2441 1829/1829/1829 2428/2428/2428
f 2441/2441/2441 1752/1752/1752 1829/1829/1829
f 1752/1752/1752 2452/2452/2452 1445/1445/1445
f 2451/2451/2451 2452/2452/2452 2441/2441/2441
f 1548/1548/1548 1829/1829/1829 1546/1546/1546
f 2448/2448/2448 2451/2451/2451 2441/2441/2441
f 2452/2452/2452 1752/1752/1752 2441/2441/2441
f 81/81/81 1244/1244/1244 25/25/25
f 24/24/24 26/26/26 41/41/41
f 1244/1244/1244 1228/1228/1228 26/26/26
f 1400/1400/1400 1339/1339/1339 80/80/80
f 1546/1546/1546 1829/1829/1829 1547/1547/1547
f 81/81/81 1228/1228/1228 1244/1244/1244
f 81/81/81 187/187/187 1228/1228/1228
f 26/26/26 1228/1228/1228 187/187/187
f 41/41/41 186/186/186 1527/1527/1527
f 2088/2088/2088 41/41/41 1527/1527/1527
f 41/41/41 26/26/26 186/186/186
f 80/80/80 1339/1339/1339 81/81/81
f 81/81/81 1339/1339/1339 187/187/187
f 1548/1548/1548 80/80/80 25/25/25
f 1546/1546/1546 1547/1547/1547 1548/1548/1548
f 1547/1547/1547 1400/1400/1400 80/80/80
f 80/80/80 81/81/81 25/25/25
f 25/25/25 1244/1244/1244 26/26/26
f 1547/1547/1547 80/80/80 1548/1548/1548
f 186/186/186 26/26/26 187/187/187
f 1527/1527/1527 186/186/186 2071/2071/2071
f 24/24/24 25/25/25 26/26/26
f 1799/1799/1799 1400/1400/1400 1547/1547/1547
f 1547/1547/1547 1814/1814/1814 1799/1799/1799
f 1814/1814/1814 1820/1820/1820 1799/1799/1799
f 1814/1814/1814 1829/1829/1829 1752/1752/1752
f 1547/1547/1547 1829/1829/1829 1814/1814/1814
f 1752/1752/1752 1751/1751/1751 1814/1814/1814
f 1814/1814/1814 1751/1751/1751 1820/1820/1820
f 367/367/367 1757/1757/1757 1751/1751/1751
f 367/367/367 1751/1751/1751 1445/1445/1445
f 1751/1751/1751 1757/1757/1757 1820/1820/1820
f 367/367/367 368/368/368 1757/1757/1757
f 1445/1445/1445 1751/1751/1751 1752/1752/1752
f 2229/2229/2229 2224/2224/2224 2202/2202/2202
f 1169/1169/1169 172/172/172 174/174/174
f 2205/2205/2205 1806/1806/1806 2224/2224/2224
f 172/172/172 2202/2202/2202 173/173/173
f 2189/2189/2189 1727/1727/1727 2212/2212/2212
f 2224/2224/2224 1806/1806/1806 1807/1807/1807
f 2212/2212/2212 2205/2205/2205 2224/2224/2224
f 2224/2224/2224 173/173/173 2202/2202/2202
f 1806/1806/1806 1332/1332/1332 1807/1807/1807
f 174/174/174 173/173/173 2213/2213/2213
f 2189/2189/2189 2212/2212/2212 2224/2224/2224
f 2215/2215/2215 1807/1807/1807 1332/1332/1332
f 172/172/172 173/173/173 174/174/174
f 1169/1169/1169 174/174/174 2187/2187/2187
f 174/174/174 2213/2213/2213 2187/2187/2187
f 2213/2213/2213 2209/2209/2209 2187/2187/2187
f 2213/2213/2213 2215/2215/2215 2217/2217/2217
f 2224/2224/2224 1807/1807/1807 173/173/173
f 173/173/173 2215/2215/2215 2213/2213/2213
f 2229/2229/2229 2202/2202/2202 2193/2193/2193
f 2229/2229/2229 2189/2189/2189 2224/2224/2224
f 2217/2217/2217 2215/2215/2215 2225/2225/2225
f 173/173/173 1807/1807/1807 2215/2215/2215
f 840/840/840 1474/1474/1474 927/927/927
f 2217/2217/2217 2225/2225/2225 1474/1474/1474
f 2234/2234/2234 2187/2187/2187 2226/2226/2226
f 1497/1497/1497 1498/1498/1498 840/840/840
f 2217/2217/2217 1474/1474/1474 2209/2209/2209
f 2234/2234/2234 2226/2226/2226 1498/1498/1498
f 2226/2226/2226 2209/2209/2209 1498/1498/1498
f 1474/1474/1474 1542/1542/1542 1543/1543/1543
f 840/840/840 2209/2209/2209 1474/1474/1474
f 2187/2187/2187 2209/2209/2209 2226/2226/2226
f 1498/1498/1498 2209/2209/2209 840/840/840
f 2209/2209/2209 2213/2213/2213 2217/2217/2217
f 2069/2069/2069 2210/2210/2210 1731/1731/1731
f 2069/2069/2069 1731/1731/1731 2046/2046/2046
f 2193/2193/2193 2202/2202/2202 1231/1231/1231
f 2192/2192/2192 2194/2194/2194 2060/2060/2060
f 2196/2196/2196 2189/2189/2189 2229/2229/2229
f 1731/1731/1731 2219/2219/2219 1694/1694/1694
f 1701/1701/1701 1231/1231/1231 1232/1232/1232
f 1731/1731/1731 2210/2210/2210 2221/2221/2221
f 1694/1694/1694 1730/1730/1730 1731/1731/1731
f 2194/2194/2194 2193/2193/2193 1231/1231/1231
f 2187/2187/2187 172/172/172 1169/1169/1169
f 2196/2196/2196 2229/2229/2229 2193/2193/2193
f 2210/2210/2210 1232/1232/1232 2221/2221/2221
f 2060/2060/2060 2194/2194/2194 2218/2218/2218
f 172/172/172 1231/1231/1231 2202/2202/2202
f 1986/1986/1986 2192/2192/2192 2060/2060/2060
f 2218/2218/2218 1231/1231/1231 1701/1701/1701
f 426/426/426 1701/1701/1701 2069/2069/2069
f 2192/2192/2192 2193/2193/2193 2194/2194/2194
f 2218/2218/2218 1701/1701/1701 426/426/426
f 172/172/172 2187/2187/2187 1232/1232/1232
f 2194/2194/2194 1231/1231/1231 2218/2218/2218
f 1701/1701/1701 2210/2210/2210 2069/2069/2069
f 2192/2192/2192 2196/2196/2196 2193/2193/2193
f 1731/1731/1731 2221/2221/2221 2219/2219/2219
f 1701/1701/1701 1232/1232/1232 2210/2210/2210
f 1731/1731/1731 2045/2045/2045 2046/2046/2046
f 1231/1231/1231 172/172/172 1232/1232/1232
f 214/214/214 1641/1641/1641 1642/1642/1642
f 2221/2221/2221 2187/2187/2187 2234/2234/2234
f 1642/1642/1642 1498/1498/1498 1497/1497/1497
f 1642/1642/1642 2234/2234/2234 1498/1498/1498
f 2219/2219/2219 2221/2221/2221 2220/2220/2220
f 1641/1641/1641 2220/2220/2220 2222/2222/2222
f 2219/2219/2219 1641/1641/1641 1695/1695/1695
f 1695/1695/1695 1641/1641/1641 1328/1328/1328
f 1232/1232/1232 2187/2187/2187 2221/2221/2221
f 2221/2221/2221 2234/2234/2234 2222/2222/2222
f 1641/1641/1641 2222/2222/2222 1642/1642/1642
f 2220/2220/2220 2221/2221/2221 2222/2222/2222
f 2219/2219/2219 2220/2220/2220 1641/1641/1641
f 214/214/214 1642/1642/1642 1497/1497/1497
f 2222/2222/2222 2234/2234/2234 1642/1642/1642
f 1641/1641/1641 213/213/213 1328/1328/1328
f 213/213/213 1641/1641/1641 214/214/214
f 1694/1694/1694 2219/2219/2219 1695/1695/1695
f 2427/2427/2427 2061/2061/2061 1801/1801/1801
f 1801/1801/1801 428/428/428 2427/2427/2427
f 426/426/426 427/427/427 428/428/428
f 1801/1801/1801 2218/2218/2218 426/426/426
f 1801/1801/1801 2061/2061/2061 2060/2060/2060
f 428/428/428 2438/2438/2438 2427/2427/2427
f 1801/1801/1801 426/426/426 428/428/428
f 427/427/427 2068/2068/2068 2438/2438/2438
f 1682/1682/1682 2442/2442/2442 2068/2068/2068
f 427/427/427 2438/2438/2438 428/428/428
f 426/426/426 2069/2069/2069 427/427/427
f 427/427/427 2069/2069/2069 2068/2068/2068
f 2068/2068/2068 2442/2442/2442 2438/2438/2438
f 2218/2218/2218 1801/1801/1801 2060/2060/2060
f 1687/1687/1687 2462/2462/2462 2458/2458/2458
f 2463/2463/2463 2450/2450/2450 2462/2462/2462
f 2427/2427/2427 2439/2439/2439 2429/2429/2429
f 2438/2438/2438 2439/2439/2439 2427/2427/2427
f 2444/2444/2444 2447/2447/2447 2440/2440/2440
f 1682/1682/1682 2392/2392/2392 2445/2445/2445
f 2438/2438/2438 2442/2442/2442 2445/2445/2445
f 2461/2461/2461 2458/2458/2458 2446/2446/2446
f 2458/2458/2458 2461/2461/2461 2503/2503/2503
f 2446/2446/2446 2444/2444/2444 2439/2439/2439
f 2445/2445/2445 2461/2461/2461 2446/2446/2446
f 2458/2458/2458 2462/2462/2462 2447/2447/2447
f 1687/1687/1687 2458/2458/2458 2503/2503/2503
f 2447/2447/2447 2462/2462/2462 2450/2450/2450
f 2446/2446/2446 2447/2447/2447 2444/2444/2444
f 2445/2445/2445 2446/2446/2446 2439/2439/2439
f 2447/2447/2447 2450/2450/2450 2440/2440/2440
f 2446/2446/2446 2458/2458/2458 2447/2447/2447
f 2392/2392/2392 2461/2461/2461 2445/2445/2445
f 2445/2445/2445 2442/2442/2442 1682/1682/1682
f 390/390/390 1682/1682/1682 997/997/997
f 1416/1416/1416 1686/1686/1686 1687/1687/1687
f 998/998/998 2045/2045/2045 2051/2051/2051
f 2051/2051/2051 2045/2045/2045 1730/1730/1730
f 1730/1730/1730 2045/2045/2045 1731/1731/1731
f 2045/2045/2045 2069/2069/2069 2046/2046/2046
f 652/652/652 389/389/389 198/198/198
f 1468/1468/1468 833/833/833 652/652/652
f 998/998/998 1682/1682/1682 2045/2045/2045
f 2045/2045/2045 1682/1682/1682 2068/2068/2068
f 832/832/832 1416/1416/1416 833/833/833
f 996/996/996 997/997/997 998/998/998
f 389/389/389 652/652/652 1416/1416/1416
f 2461/2461/2461 2392/2392/2392 2503/2503/2503
f 652/652/652 833/833/833 1416/1416/1416
f 2392/2392/2392 390/390/390 2503/2503/2503
f 198/198/198 389/389/389 390/390/390
f 390/390/390 389/389/389 2503/2503/2503
f 1781/1781/1781 198/198/198 390/390/390
f 390/390/390 997/997/997 1781/1781/1781
f 389/389/389 1416/1416/1416 2503/2503/2503
f 1416/1416/1416 1687/1687/1687 2503/2503/2503
f 198/198/198 197/197/197 652/652/652
f 997/997/997 1682/1682/1682 998/998/998
f 2045/2045/2045 2068/2068/2068 2069/2069/2069
f 390/390/390 2392/2392/2392 1682/1682/1682
f 2438/2438/2438 2445/2445/2445 2439/2439/2439
f 831/831/831 832/832/832 833/833/833
f 2352/2352/2352 1687/1687/1687 1733/1733/1733
f 2450/2450/2450 2463/2463/2463 2454/2454/2454
f 1732/1732/1732 1608/1608/1608 1607/1607/1607
f 2463/2463/2463 2464/2464/2464 2454/2454/2454
f 2454/2454/2454 2464/2464/2464 2448/2448/2448
f 831/831/831 1735/1735/1735 832/832/832
f 1416/1416/1416 832/832/832 1732/1732/1732
f 1416/1416/1416 1732/1732/1732 1686/1686/1686
f 1733/1733/1733 1687/1687/1687 1686/1686/1686
f 2440/2440/2440 2454/2454/2454 2435/2435/2435
f 1732/1732/1732 1733/1733/1733 1686/1686/1686
f 2440/2440/2440 2450/2450/2450 2454/2454/2454
f 1704/1704/1704 1735/1735/1735 1402/1402/1402
f 1608/1608/1608 832/832/832 1735/1735/1735
f 2435/2435/2435 2454/2454/2454 2448/2448/2448
f 1687/1687/1687 2463/2463/2463 2462/2462/2462
f 1607/1607/1607 1737/1737/1737 1732/1732/1732
f 1733/1733/1733 1737/1737/1737 2352/2352/2352
f 1735/1735/1735 1704/1704/1704 1608/1608/1608
f 832/832/832 1608/1608/1608 1732/1732/1732
f 1737/1737/1737 1733/1733/1733 1732/1732/1732
f 1687/1687/1687 2352/2352/2352 2463/2463/2463
f 2352/2352/2352 2464/2464/2464 2463/2463/2463
f 831/831/831 1402/1402/1402 1735/1735/1735
f 1607/1607/1607 2467/2467/2467 1737/1737/1737
f 464/464/464 496/496/496 465/465/465
f 2467/2467/2467 2464/2464/2464 2352/2352/2352
f 2479/2479/2479 496/496/496 2468/2468/2468
f 1607/1607/1607 2490/2490/2490 2479/2479/2479
f 2490/2490/2490 1128/1128/1128 496/496/496
f 1607/1607/1607 2479/2479/2479 2467/2467/2467
f 591/591/591 590/590/590 1704/1704/1704
f 456/456/456 1607/1607/1607 457/457/457
f 2464/2464/2464 2467/2467/2467 2459/2459/2459
f 1607/1607/1607 456/456/456 2490/2490/2490
f 456/456/456 1128/1128/1128 2490/2490/2490
f 590/590/590 591/591/591 556/556/556
f 1704/1704/1704 457/457/457 1608/1608/1608
f 457/457/457 1607/1607/1607 1608/1608/1608
f 2467/2467/2467 2479/2479/2479 2468/2468/2468
f 2464/2464/2464 2459/2459/2459 2448/2448/2448
f 2459/2459/2459 2452/2452/2452 2451/2451/2451
f 2459/2459/2459 2468/2468/2468 1446/1446/1446
f 2479/2479/2479 2490/2490/2490 496/496/496
f 2467/2467/2467 2468/2468/2468 2459/2459/2459
f 1128/1128/1128 593/593/593 465/465/465
f 496/496/496 464/464/464 2468/2468/2468
f 592/592/592 593/593/593 1128/1128/1128
f 2468/2468/2468 464/464/464 1446/1446/1446
f 2459/2459/2459 1446/1446/1446 2452/2452/2452
f 1737/1737/1737 2467/2467/2467 2352/2352/2352
f 2448/2448/2448 2459/2459/2459 2451/2451/2451
f 591/591/591 1704/1704/1704 1402/1402/1402
f 496/496/496 1128/1128/1128 465/465/465
f 598/598/598 458/458/458 590/590/590
f 661/661/661 671/671/671 645/645/645
f 670/670/670 653/653/653 598/598/598
f 456/456/456 592/592/592 1128/1128/1128
f 653/653/653 661/661/661 645/645/645
f 671/671/671 682/682/682 645/645/645
f 456/456/456 458/458/458 645/645/645
f 670/670/670 660/660/660 653/653/653
f 660/660/660 661/661/661 653/653/653
f 456/456/456 645/645/645 626/626/626
f 456/456/456 457/457/457 458/458/458
f 645/645/645 682/682/682 662/662/662
f 598/598/598 653/653/653 458/458/458
f 592/592/592 456/456/456 626/626/626
f 645/645/645 638/638/638 626/626/626
f 590/590/590 458/458/458 457/457/457
f 1704/1704/1704 590/590/590 457/457/457
f 598/598/598 590/590/590 556/556/556
f 653/653/653 645/645/645 458/458/458
f 429/429/429 365/365/365 464/464/464
f 365/365/365 366/366/366 367/367/367
f 439/439/439 397/397/397 430/430/430
f 365/365/365 1446/1446/1446 464/464/464
f 2452/2452/2452 1446/1446/1446 1445/1445/1445
f 1445/1445/1445 365/365/365 367/367/367
f 365/365/365 1445/1445/1445 1446/1446/1446
f 430/430/430 397/397/397 365/365/365
f 429/429/429 430/430/430 365/365/365
f 365/365/365 397/397/397 366/366/366
f 366/366/366 368/368/368 367/367/367
f 626/626/626 627/627/627 592/592/592
f 627/627/627 599/599/599 592/592/592
f 646/646/646 672/672/672 654/654/654
f 592/592/592 537/537/537 550/550/550
f 662/662/662 703/703/703 672/672/672
f 599/599/599 600/600/600 537/537/537
f 465/465/465 497/497/497 429/429/429
f 429/429/429 497/497/497 481/481/481
f 557/557/557 498/498/498 537/537/537
f 481/481/481 498/498/498 439/439/439
f 592/592/592 550/550/550 593/593/593
f 645/645/645 662/662/662 638/638/638
f 537/537/537 497/497/497 511/511/511
f 537/537/537 498/498/498 481/481/481
f 497/497/497 537/537/537 481/481/481
f 626/626/626 638/638/638 627/627/627
f 550/550/550 537/537/537 511/511/511
f 464/464/464 465/465/465 429/429/429
f 600/600/600 557/557/557 537/537/537
f 511/511/511 497/497/497 465/465/465
f 662/662/662 646/646/646 638/638/638
f 599/599/599 537/537/537 592/592/592
f 465/465/465 593/593/593 550/550/550
f 662/662/662 672/672/672 646/646/646
f 638/638/638 646/646/646 627/627/627
f 654/654/654 599/599/599 646/646/646
f 465/465/465 550/550/550 511/511/511
f 430/430/430 481/481/481 439/439/439
f 429/429/429 481/481/481 430/430/430
f 646/646/646 599/599/599 627/627/627
f 2022/2022/2022 1831/1831/1831 1830/1830/1830
f 860/860/860 2127/2127/2127 1946/1946/1946
f 1553/1553/1553 2471/2471/2471 1524/1524/1524
f 2026/2026/2026 2022/2022/2022 2127/2127/2127
f 2494/2494/2494 2486/2486/2486 894/894/894
f 1528/1528/1528 1553/1553/1553 1524/1524/1524
f 1262/1262/1262 894/894/894 1552/1552/1552
f 1552/1552/1552 1553/1553/1553 1554/1554/1554
f 1552/1552/1552 2021/2021/2021 1262/1262/1262
f 1830/1830/1830 1528/1528/1528 858/858/858
f 1830/1830/1830 1554/1554/1554 1528/1528/1528
f 1946/1946/1946 1830/1830/1830 858/858/858
f 2022/2022/2022 1946/1946/1946 2127/2127/2127
f 1554/1554/1554 1553/1553/1553 1528/1528/1528
f 1966/1966/1966 2021/2021/2021 2026/2026/2026
f 2021/2021/2021 1831/1831/1831 2022/2022/2022
f 2486/2486/2486 2471/2471/2471 1553/1553/1553
f 2021/2021/2021 1552/1552/1552 1831/1831/1831
f 858/858/858 859/859/859 860/860/860
f 2021/2021/2021 2022/2022/2022 2026/2026/2026
f 1552/1552/1552 894/894/894 1553/1553/1553
f 893/893/893 2494/2494/2494 894/894/894
f 2021/2021/2021 1966/1966/1966 1262/1262/1262
f 1554/1554/1554 1831/1831/1831 1552/1552/1552
f 1830/1830/1830 1831/1831/1831 1554/1554/1554
f 894/894/894 2486/2486/2486 1553/1553/1553
f 1528/1528/1528 1524/1524/1524 858/858/858
f 1946/1946/1946 858/858/858 860/860/860
f 1946/1946/1946 2022/2022/2022 1830/1830/1830
f 2033/2033/2033 2499/2499/2499 2501/2501/2501
f 1518/1518/1518 2040/2040/2040 2033/2033/2033
f 2491/2491/2491 2498/2498/2498 2501/2501/2501
f 2494/2494/2494 893/893/893 2498/2498/2498
f 1518/1518/1518 2501/2501/2501 2306/2306/2306
f 2491/2491/2491 2488/2488/2488 2486/2486/2486
f 2498/2498/2498 2306/2306/2306 2501/2501/2501
f 2501/2501/2501 2499/2499/2499 2492/2492/2492
f 2491/2491/2491 2492/2492/2492 2488/2488/2488
f 2494/2494/2494 2491/2491/2491 2486/2486/2486
f 2033/2033/2033 1709/1709/1709 2499/2499/2499
f 2498/2498/2498 2322/2322/2322 2306/2306/2306
f 1302/1302/1302 2040/2040/2040 1518/1518/1518
f 2499/2499/2499 2500/2500/2500 2493/2493/2493
f 2499/2499/2499 2493/2493/2493 2492/2492/2492
f 2501/2501/2501 2492/2492/2492 2491/2491/2491
f 893/893/893 2322/2322/2322 2498/2498/2498
f 2498/2498/2498 2491/2491/2491 2494/2494/2494
f 2492/2492/2492 2493/2493/2493 2488/2488/2488
f 1518/1518/1518 2033/2033/2033 2501/2501/2501
f 1399/1399/1399 860/860/860 1304/1304/1304
f 1399/1399/1399 1304/1304/1304 1185/1185/1185
f 1399/1399/1399 2345/2345/2345 2324/2324/2324
f 1399/1399/1399 2324/2324/2324 2127/2127/2127
f 1304/1304/1304 860/860/860 1957/1957/1957
f 1957/1957/1957 860/860/860 1940/1940/1940
f 528/528/528 1957/1957/1957 1940/1940/1940
f 1399/1399/1399 1185/1185/1185 2345/2345/2345
f 1184/1184/1184 1872/1872/1872 2345/2345/2345
f 2345/2345/2345 2331/2331/2331 2325/2325/2325
f 1288/1288/1288 528/528/528 1955/1955/1955
f 1288/1288/1288 1183/1183/1183 1185/1185/1185
f 2345/2345/2345 2325/2325/2325 2324/2324/2324
f 2127/2127/2127 860/860/860 1399/1399/1399
f 1304/1304/1304 1288/1288/1288 1185/1185/1185
f 1183/1183/1183 1184/1184/1184 1185/1185/1185
f 859/859/859 1940/1940/1940 860/860/860
f 1185/1185/1185 1184/1184/1184 2345/2345/2345
f 2345/2345/2345 1872/1872/1872 2331/2331/2331
f 2026/2026/2026 2127/2127/2127 2324/2324/2324
f 1957/1957/1957 1288/1288/1288 1304/1304/1304
f 528/528/528 1288/1288/1288 1957/1957/1957
f 84/84/84 1955/1955/1955 527/527/527
f 1788/1788/1788 85/85/85 1322/1322/1322
f 86/86/86 85/85/85 1788/1788/1788
f 1882/1882/1882 1183/1183/1183 1955/1955/1955
f 1990/1990/1990 1970/1970/1970 1882/1882/1882
f 84/84/84 85/85/85 86/86/86
f 1955/1955/1955 1183/1183/1183 1288/1288/1288
f 86/86/86 1990/1990/1990 1882/1882/1882
f 86/86/86 1882/1882/1882 84/84/84
f 1970/1970/1970 1183/1183/1183 1882/1882/1882
f 1788/1788/1788 1990/1990/1990 86/86/86
f 527/527/527 1955/1955/1955 528/528/528
f 84/84/84 1882/1882/1882 1955/1955/1955
f 1966/1966/1966 1947/1947/1947 1469/1469/1469
f 2146/2146/2146 1966/1966/1966 2026/2026/2026
f 1469/1469/1469 1494/1494/1494 1470/1470/1470
f 1469/1469/1469 1947/1947/1947 1494/1494/1494
f 1947/1947/1947 2146/2146/2146 2291/2291/2291
f 2291/2291/2291 2146/2146/2146 2296/2296/2296
f 1469/1469/1469 1470/1470/1470 1471/1471/1471
f 2417/2417/2417 893/893/893 892/892/892
f 1469/1469/1469 1262/1262/1262 1966/1966/1966
f 1471/1471/1471 1470/1470/1470 1530/1530/1530
f 2291/2291/2291 2296/2296/2296 2266/2266/2266
f 1530/1530/1530 1947/1947/1947 2291/2291/2291
f 1470/1470/1470 1947/1947/1947 1530/1530/1530
f 1469/1469/1469 892/892/892 1262/1262/1262
f 1471/1471/1471 2417/2417/2417 1469/1469/1469
f 2146/2146/2146 1947/1947/1947 1966/1966/1966
f 892/892/892 894/894/894 1262/1262/1262
f 2417/2417/2417 892/892/892 1469/1469/1469
f 892/892/892 893/893/893 894/894/894
f 2146/2146/2146 2026/2026/2026 2296/2296/2296
f 1530/1530/1530 2291/2291/2291 2266/2266/2266
f 1841/1841/1841 2417/2417/2417 1471/1471/1471
f 1532/1532/1532 1534/1534/1534 2411/2411/2411
f 1532/1532/1532 1533/1533/1533 1534/1534/1534
f 1809/1809/1809 893/893/893 2417/2417/2417
f 2386/2386/2386 2387/2387/2387 1517/1517/1517
f 1840/1840/1840 1809/1809/1809 1841/1841/1841
f 1517/1517/1517 1302/1302/1302 1518/1518/1518
f 2376/2376/2376 1532/1532/1532 2411/2411/2411
f 2322/2322/2322 2376/2376/2376 1519/1519/1519
f 2409/2409/2409 1517/1517/1517 2411/2411/2411
f 1517/1517/1517 1518/1518/1518 1519/1519/1519
f 2387/2387/2387 1302/1302/1302 1517/1517/1517
f 1533/1533/1533 1532/1532/1532 1809/1809/1809
f 893/893/893 1809/1809/1809 2376/2376/2376
f 1534/1534/1534 2384/2384/2384 2106/2106/2106
f 2106/2106/2106 2386/2386/2386 2409/2409/2409
f 2409/2409/2409 2386/2386/2386 1517/1517/1517
f 2322/2322/2322 1519/1519/1519 2306/2306/2306
f 893/893/893 2376/2376/2376 2322/2322/2322
f 1519/1519/1519 1518/1518/1518 2306/2306/2306
f 1534/1534/1534 1533/1533/1533 2384/2384/2384
f 1534/1534/1534 2409/2409/2409 2411/2411/2411
f 1840/1840/1840 1533/1533/1533 1809/1809/1809
f 2411/2411/2411 1517/1517/1517 1519/1519/1519
f 2376/2376/2376 2411/2411/2411 1519/1519/1519
f 1841/1841/1841 1809/1809/1809 2417/2417/2417
f 2106/2106/2106 2409/2409/2409 1534/1534/1534
f 1809/1809/1809 1532/1532/1532 2376/2376/2376
f 2384/2384/2384 2404/2404/2404 2106/2106/2106
f 1470/1470/1470 1494/1494/1494 1947/1947/1947
f 1384/1384/1384 2407/2407/2407 1471/1471/1471
f 2407/2407/2407 1840/1840/1840 1471/1471/1471
f 1840/1840/1840 1841/1841/1841 1471/1471/1471
f 1380/1380/1380 1241/1241/1241 1444/1444/1444
f 1901/1901/1901 1533/1533/1533 1840/1840/1840
f 2407/2407/2407 1902/1902/1902 1840/1840/1840
f 1241/1241/1241 1243/1243/1243 750/750/750
f 1530/1530/1530 2266/2266/2266 2227/2227/2227
f 1241/1241/1241 750/750/750 1133/1133/1133
f 2406/2406/2406 1902/1902/1902 2407/2407/2407
f 1380/1380/1380 1242/1242/1242 1241/1241/1241
f 1383/1383/1383 1394/1394/1394 2227/2227/2227
f 2227/2227/2227 2266/2266/2266 2264/2264/2264
f 1133/1133/1133 712/712/712 2407/2407/2407
f 2227/2227/2227 1394/1394/1394 1530/1530/1530
f 1901/1901/1901 1903/1903/1903 2404/2404/2404
f 1383/1383/1383 1380/1380/1380 1384/1384/1384
f 1901/1901/1901 1902/1902/1902 1903/1903/1903
f 1133/1133/1133 1444/1444/1444 1241/1241/1241
f 1902/1902/1902 1901/1901/1901 1840/1840/1840
f 1444/1444/1444 2407/2407/2407 1384/1384/1384
f 1133/1133/1133 2407/2407/2407 1444/1444/1444
f 1471/1471/1471 1530/1530/1530 1394/1394/1394
f 1444/1444/1444 1384/1384/1384 1380/1380/1380
f 1533/1533/1533 1901/1901/1901 2384/2384/2384
f 1394/1394/1394 1384/1384/1384 1471/1471/1471
f 1394/1394/1394 1383/1383/1383 1384/1384/1384
f 2264/2264/2264 2286/2286/2286 2259/2259/2259
f 2331/2331/2331 2303/2303/2303 2325/2325/2325
f 2325/2325/2325 2307/2307/2307 2302/2302/2302
f 2331/2331/2331 2318/2318/2318 2303/2303/2303
f 2302/2302/2302 2307/2307/2307 2288/2288/2288
f 2259/2259/2259 2286/2286/2286 2278/2278/2278
f 2307/2307/2307 2303/2303/2303 2292/2292/2292
f 2296/2296/2296 2264/2264/2264 2266/2266/2266
f 2288/2288/2288 2278/2278/2278 2286/2286/2286
f 2292/2292/2292 2303/2303/2303 2297/2297/2297
f 2278/2278/2278 2288/2288/2288 2279/2279/2279
f 2288/2288/2288 2307/2307/2307 2292/2292/2292
f 2303/2303/2303 2308/2308/2308 2297/2297/2297
f 2286/2286/2286 2302/2302/2302 2288/2288/2288
f 2296/2296/2296 2302/2302/2302 2286/2286/2286
f 2324/2324/2324 2325/2325/2325 2302/2302/2302
f 2283/2283/2283 2284/2284/2284 2272/2272/2272
f 2279/2279/2279 2283/2283/2283 2272/2272/2272
f 2325/2325/2325 2303/2303/2303 2307/2307/2307
f 2288/2288/2288 2292/2292/2292 2279/2279/2279
f 2264/2264/2264 2296/2296/2296 2286/2286/2286
f 2279/2279/2279 2292/2292/2292 2283/2283/2283
f 2303/2303/2303 2318/2318/2318 2308/2308/2308
f 2259/2259/2259 2278/2278/2278 2272/2272/2272
f 2278/2278/2278 2279/2279/2279 2272/2272/2272
f 2296/2296/2296 2026/2026/2026 2324/2324/2324
f 2292/2292/2292 2297/2297/2297 2283/2283/2283
f 2296/2296/2296 2324/2324/2324 2302/2302/2302
f 2227/2227/2227 2264/2264/2264 2258/2258/2258
f 2248/2248/2248 2259/2259/2259 2252/2252/2252
f 1555/1555/1555 2248/2248/2248 2241/2241/2241
f 2259/2259/2259 2260/2260/2260 2252/2252/2252
f 2248/2248/2248 2258/2258/2258 2259/2259/2259
f 1516/1516/1516 2248/2248/2248 1555/1555/1555
f 2227/2227/2227 2258/2258/2258 2248/2248/2248
f 2227/2227/2227 2248/2248/2248 1516/1516/1516
f 2259/2259/2259 2272/2272/2272 2260/2260/2260
f 2259/2259/2259 2258/2258/2258 2264/2264/2264
f 1555/1555/1555 2241/2241/2241 2233/2233/2233
f 2248/2248/2248 2252/2252/2252 2241/2241/2241
f 2252/2252/2252 2260/2260/2260 2241/2241/2241
f 1242/1242/1242 972/972/972 1243/1243/1243
f 973/973/973 972/972/972 1242/1242/1242
f 1516/1516/1516 1509/1509/1509 1383/1383/1383
f 971/971/971 972/972/972 973/973/973
f 1243/1243/1243 972/972/972 1276/1276/1276
f 1083/1083/1083 971/971/971 973/973/973
f 1243/1243/1243 1276/1276/1276 750/750/750
f 1083/1083/1083 2233/2233/2233 1210/1210/1210
f 1241/1241/1241 1242/1242/1242 1243/1243/1243
f 1509/1509/1509 1242/1242/1242 1380/1380/1380
f 1555/1555/1555 973/973/973 1509/1509/1509
f 1383/1383/1383 1509/1509/1509 1380/1380/1380
f 1083/1083/1083 1555/1555/1555 2233/2233/2233
f 1210/1210/1210 971/971/971 1083/1083/1083
f 2227/2227/2227 1516/1516/1516 1383/1383/1383
f 1509/1509/1509 973/973/973 1242/1242/1242
f 972/972/972 1458/1458/1458 1276/1276/1276
f 1555/1555/1555 1509/1509/1509 1516/1516/1516
f 973/973/973 1555/1555/1555 1083/1083/1083
f 1901/1901/1901 2404/2404/2404 2384/2384/2384
f 1906/1906/1906 1923/1923/1923 1913/1913/1913
f 1836/1836/1836 1634/1634/1634 1633/1633/1633
f 1925/1925/1925 1917/1917/1917 1909/1909/1909
f 1871/1871/1871 1927/1927/1927 1906/1906/1906
f 1906/1906/1906 1907/1907/1907 1838/1838/1838
f 1908/1908/1908 1924/1924/1924 1909/1909/1909
f 1924/1924/1924 1925/1925/1925 1909/1909/1909
f 1907/1907/1907 1908/1908/1908 1836/1836/1836
f 1914/1914/1914 1924/1924/1924 1908/1908/1908
f 1836/1836/1836 1838/1838/1838 1907/1907/1907
f 1837/1837/1837 1836/1836/1836 1846/1846/1846
f 1908/1908/1908 1909/1909/1909 1836/1836/1836
f 1909/1909/1909 1634/1634/1634 1836/1836/1836
f 1836/1836/1836 1837/1837/1837 1838/1838/1838
f 1846/1846/1846 1836/1836/1836 1633/1633/1633
f 1913/1913/1913 1923/1923/1923 1907/1907/1907
f 1923/1923/1923 1914/1914/1914 1907/1907/1907
f 1917/1917/1917 1634/1634/1634 1909/1909/1909
f 1907/1907/1907 1914/1914/1914 1908/1908/1908
f 1906/1906/1906 1913/1913/1913 1907/1907/1907
f 2346/2346/2346 2332/2332/2332 2338/2338/2338
f 2316/2316/2316 2344/2344/2344 2340/2340/2340
f 1837/1837/1837 2349/2349/2349 2348/2348/2348
f 1838/1838/1838 1837/1837/1837 2348/2348/2348
f 1846/1846/1846 2350/2350/2350 2349/2349/2349
f 2346/2346/2346 2348/2348/2348 2334/2334/2334
f 2328/2328/2328 2344/2344/2344 2316/2316/2316
f 2350/2350/2350 1846/1846/1846 1633/1633/1633
f 2350/2350/2350 1633/1633/1633 2244/2244/2244
f 1838/1838/1838 2348/2348/2348 2346/2346/2346
f 2349/2349/2349 2344/2344/2344 2334/2334/2334
f 2346/2346/2346 2334/2334/2334 2339/2339/2339
f 1838/1838/1838 2346/2346/2346 1906/1906/1906
f 1871/1871/1871 1906/1906/1906 2346/2346/2346
f 2332/2332/2332 2346/2346/2346 2339/2339/2339
f 2334/2334/2334 2344/2344/2344 2328/2328/2328
f 1872/1872/1872 2338/2338/2338 2331/2331/2331
f 1871/1871/1871 2346/2346/2346 1872/1872/1872
f 1872/1872/1872 2346/2346/2346 2338/2338/2338
f 2348/2348/2348 2349/2349/2349 2334/2334/2334
f 2349/2349/2349 2350/2350/2350 2344/2344/2344
f 2331/2331/2331 2338/2338/2338 2318/2318/2318
f 1846/1846/1846 2349/2349/2349 1837/1837/1837
f 2350/2350/2350 2340/2340/2340 2344/2344/2344
f 1935/1935/1935 1096/1096/1096 1956/1956/1956
f 1935/1935/1935 1382/1382/1382 1096/1096/1096
f 1934/1934/1934 1183/1183/1183 1941/1941/1941
f 1927/1927/1927 1923/1923/1923 1906/1906/1906
f 1184/1184/1184 1871/1871/1871 1872/1872/1872
f 1941/1941/1941 1935/1935/1935 1930/1930/1930
f 1184/1184/1184 1183/1183/1183 1934/1934/1934
f 840/840/840 927/927/927 841/841/841
f 1935/1935/1935 1931/1931/1931 1923/1923/1923
f 1184/1184/1184 1930/1930/1930 1927/1927/1927
f 1871/1871/1871 1184/1184/1184 1927/1927/1927
f 1931/1931/1931 1956/1956/1956 1750/1750/1750
f 1941/1941/1941 1382/1382/1382 1935/1935/1935
f 1971/1971/1971 1382/1382/1382 1941/1941/1941
f 1927/1927/1927 1930/1930/1930 1935/1935/1935
f 1096/1096/1096 841/841/841 1956/1956/1956
f 1934/1934/1934 1941/1941/1941 1930/1930/1930
f 1183/1183/1183 1970/1970/1970 1971/1971/1971
f 1956/1956/1956 841/841/841 1475/1475/1475
f 1183/1183/1183 1971/1971/1971 1941/1941/1941
f 1927/1927/1927 1935/1935/1935 1923/1923/1923
f 1923/1923/1923 1931/1931/1931 1914/1914/1914
f 1934/1934/1934 1930/1930/1930 1184/1184/1184
f 1787/1787/1787 1681/1681/1681 1680/1680/1680
f 1322/1322/1322 1787/1787/1787 1788/1788/1788
f 1979/1979/1979 1382/1382/1382 1971/1971/1971
f 213/213/213 1322/1322/1322 85/85/85
f 214/214/214 1497/1497/1497 1681/1681/1681
f 840/840/840 841/841/841 842/842/842
f 1990/1990/1990 1979/1979/1979 1970/1970/1970
f 1970/1970/1970 1979/1979/1979 1971/1971/1971
f 1787/1787/1787 1680/1680/1680 1788/1788/1788
f 1979/1979/1979 1680/1680/1680 1382/1382/1382
f 1788/1788/1788 1680/1680/1680 1990/1990/1990
f 842/842/842 1497/1497/1497 840/840/840
f 213/213/213 214/214/214 215/215/215
f 1990/1990/1990 1680/1680/1680 1979/1979/1979
f 215/215/215 1787/1787/1787 1322/1322/1322
f 1497/1497/1497 842/842/842 1681/1681/1681
f 842/842/842 1096/1096/1096 1382/1382/1382
f 1382/1382/1382 1681/1681/1681 842/842/842
f 842/842/842 841/841/841 1096/1096/1096
f 214/214/214 1787/1787/1787 215/215/215
f 1680/1680/1680 1681/1681/1681 1382/1382/1382
f 214/214/214 1681/1681/1681 1787/1787/1787
f 1935/1935/1935 1956/1956/1956 1931/1931/1931
f 1931/1931/1931 1750/1750/1750 1924/1924/1924
f 1924/1924/1924 1543/1543/1543 1928/1928/1928
f 1543/1543/1543 1557/1557/1557 1928/1928/1928
f 927/927/927 1474/1474/1474 1475/1475/1475
f 927/927/927 1475/1475/1475 841/841/841
f 1474/1474/1474 1543/1543/1543 1475/1475/1475
f 1750/1750/1750 1956/1956/1956 1475/1475/1475
f 1542/1542/1542 1550/1550/1550 1543/1543/1543
f 1928/1928/1928 1557/1557/1557 1925/1925/1925
f 1914/1914/1914 1931/1931/1931 1924/1924/1924
f 1924/1924/1924 1928/1928/1928 1925/1925/1925
f 1543/1543/1543 1750/1750/1750 1475/1475/1475
f 1924/1924/1924 1750/1750/1750 1543/1543/1543
f 1543/1543/1543 1550/1550/1550 1557/1557/1557
f 2340/2340/2340 2350/2350/2350 2244/2244/2244
f 2311/2311/2311 2318/2318/2318 2319/2319/2319
f 2310/2310/2310 2319/2319/2319 2312/2312/2312
f 2285/2285/2285 2289/2289/2289 2280/2280/2280
f 2312/2312/2312 2319/2319/2319 2309/2309/2309
f 2284/2284/2284 2297/2297/2297 2289/2289/2289
f 2308/2308/2308 2318/2318/2318 2311/2311/2311
f 2280/2280/2280 2289/2289/2289 2265/2265/2265
f 2319/2319/2319 2332/2332/2332 2326/2326/2326
f 2299/2299/2299 2304/2304/2304 2289/2289/2289
f 2308/2308/2308 2311/2311/2311 2297/2297/2297
f 2299/2299/2299 2310/2310/2310 2312/2312/2312
f 2297/2297/2297 2310/2310/2310 2299/2299/2299
f 2311/2311/2311 2319/2319/2319 2310/2310/2310
f 2338/2338/2338 2332/2332/2332 2318/2318/2318
f 2283/2283/2283 2297/2297/2297 2284/2284/2284
f 2297/2297/2297 2299/2299/2299 2289/2289/2289
f 2284/2284/2284 2285/2285/2285 2272/2272/2272
f 2272/2272/2272 2285/2285/2285 2273/2273/2273
f 2312/2312/2312 2309/2309/2309 2304/2304/2304
f 2285/2285/2285 2280/2280/2280 2273/2273/2273
f 2318/2318/2318 2332/2332/2332 2319/2319/2319
f 2284/2284/2284 2289/2289/2289 2285/2285/2285
f 2289/2289/2289 2304/2304/2304 2290/2290/2290
f 2297/2297/2297 2311/2311/2311 2310/2310/2310
f 2299/2299/2299 2312/2312/2312 2304/2304/2304
f 2261/2261/2261 2273/2273/2273 2262/2262/2262
f 2260/2260/2260 2272/2272/2272 2253/2253/2253
f 2272/2272/2272 2273/2273/2273 2275/2275/2275
f 2272/2272/2272 2275/2275/2275 2253/2253/2253
f 2253/2253/2253 2275/2275/2275 2261/2261/2261
f 2242/2242/2242 2261/2261/2261 2262/2262/2262
f 2273/2273/2273 2261/2261/2261 2275/2275/2275
f 2241/2241/2241 2253/2253/2253 2243/2243/2243
f 2253/2253/2253 2242/2242/2242 2243/2243/2243
f 2253/2253/2253 2261/2261/2261 2242/2242/2242
f 2273/2273/2273 2280/2280/2280 2262/2262/2262
f 1365/1365/1365 2236/2236/2236 2188/2188/2188
f 2188/2188/2188 2237/2237/2237 1496/1496/1496
f 2233/2233/2233 1365/1365/1365 1208/1208/1208
f 2233/2233/2233 2236/2236/2236 1365/1365/1365
f 974/974/974 2188/2188/2188 1496/1496/1496
f 2188/2188/2188 2242/2242/2242 2237/2237/2237
f 2233/2233/2233 2243/2243/2243 2236/2236/2236
f 2236/2236/2236 2243/2243/2243 2188/2188/2188
f 2243/2243/2243 2242/2242/2242 2188/2188/2188
f 2233/2233/2233 1208/1208/1208 1210/1210/1210
f 2233/2233/2233 2241/2241/2241 2243/2243/2243
f 2241/2241/2241 2260/2260/2260 2253/2253/2253
f 1365/1365/1365 2188/2188/2188 974/974/974
f 1322/1322/1322 213/213/213 215/215/215
f 2316/2316/2316 2329/2329/2329 2317/2317/2317
f 2314/2314/2314 2315/2315/2315 2305/2305/2305
f 2319/2319/2319 2326/2326/2326 2309/2309/2309
f 2314/2314/2314 2320/2320/2320 2315/2315/2315
f 2326/2326/2326 2320/2320/2320 2314/2314/2314
f 2309/2309/2309 2326/2326/2326 2314/2314/2314
f 2320/2320/2320 2334/2334/2334 2328/2328/2328
f 2315/2315/2315 2316/2316/2316 2305/2305/2305
f 2305/2305/2305 2316/2316/2316 2313/2313/2313
f 2320/2320/2320 2328/2328/2328 2315/2315/2315
f 2315/2315/2315 2328/2328/2328 2316/2316/2316
f 2326/2326/2326 2339/2339/2339 2334/2334/2334
f 2316/2316/2316 2317/2317/2317 2313/2313/2313
f 2316/2316/2316 2340/2340/2340 2329/2329/2329
f 2326/2326/2326 2334/2334/2334 2320/2320/2320
f 2332/2332/2332 2339/2339/2339 2326/2326/2326
f 2329/2329/2329 204/204/204 2317/2317/2317
f 2340/2340/2340 204/204/204 2329/2329/2329
f 2276/2276/2276 2277/2277/2277 2269/2269/2269
f 2268/2268/2268 2276/2276/2276 2269/2269/2269
f 2289/2289/2289 2290/2290/2290 2265/2265/2265
f 2290/2290/2290 2267/2267/2267 2265/2265/2265
f 2269/2269/2269 2277/2277/2277 2274/2274/2274
f 2309/2309/2309 2314/2314/2314 2301/2301/2301
f 2301/2301/2301 2305/2305/2305 2293/2293/2293
f 2293/2293/2293 2300/2300/2300 2287/2287/2287
f 2309/2309/2309 2295/2295/2295 2290/2290/2290
f 2276/2276/2276 2293/2293/2293 2287/2287/2287
f 2295/2295/2295 2309/2309/2309 2301/2301/2301
f 2305/2305/2305 2313/2313/2313 2300/2300/2300
f 2268/2268/2268 2282/2282/2282 2276/2276/2276
f 2282/2282/2282 2293/2293/2293 2276/2276/2276
f 2276/2276/2276 2287/2287/2287 2277/2277/2277
f 2295/2295/2295 2301/2301/2301 2282/2282/2282
f 2293/2293/2293 2305/2305/2305 2300/2300/2300
f 2301/2301/2301 2314/2314/2314 2305/2305/2305
f 2267/2267/2267 2282/2282/2282 2268/2268/2268
f 2282/2282/2282 2301/2301/2301 2293/2293/2293
f 2267/2267/2267 2295/2295/2295 2282/2282/2282
f 2295/2295/2295 2267/2267/2267 2290/2290/2290
f 2304/2304/2304 2309/2309/2309 2290/2290/2290
f 2281/2281/2281 2270/2270/2270 2274/2274/2274
f 2298/2298/2298 2228/2228/2228 2294/2294/2294
f 2277/2277/2277 2281/2281/2281 2274/2274/2274
f 2269/2269/2269 2274/2274/2274 2257/2257/2257
f 2300/2300/2300 2298/2298/2298 2287/2287/2287
f 2313/2313/2313 2298/2298/2298 2300/2300/2300
f 2313/2313/2313 2317/2317/2317 2298/2298/2298
f 2298/2298/2298 2317/2317/2317 206/206/206
f 2287/2287/2287 2294/2294/2294 2281/2281/2281
f 2277/2277/2277 2287/2287/2287 2281/2281/2281
f 2287/2287/2287 2298/2298/2298 2294/2294/2294
f 2268/2268/2268 2269/2269/2269 2254/2254/2254
f 2255/2255/2255 2267/2267/2267 2256/2256/2256
f 2246/2246/2246 2257/2257/2257 2235/2235/2235
f 2257/2257/2257 2249/2249/2249 2235/2235/2235
f 2245/2245/2245 2256/2256/2256 2239/2239/2239
f 2267/2267/2267 2268/2268/2268 2256/2256/2256
f 2267/2267/2267 2255/2255/2255 2265/2265/2265
f 2256/2256/2256 2268/2268/2268 2254/2254/2254
f 2254/2254/2254 2269/2269/2269 2257/2257/2257
f 2255/2255/2255 2256/2256/2256 2245/2245/2245
f 2280/2280/2280 2265/2265/2265 2262/2262/2262
f 2263/2263/2263 2265/2265/2265 2255/2255/2255
f 2257/2257/2257 2270/2270/2270 2249/2249/2249
f 2263/2263/2263 2262/2262/2262 2265/2265/2265
f 2254/2254/2254 2246/2246/2246 2240/2240/2240
f 2242/2242/2242 2262/2262/2262 2245/2245/2245
f 2274/2274/2274 2270/2270/2270 2257/2257/2257
f 2254/2254/2254 2257/2257/2257 2246/2246/2246
f 2254/2254/2254 2240/2240/2240 2256/2256/2256
f 2245/2245/2245 2263/2263/2263 2255/2255/2255
f 2262/2262/2262 2263/2263/2263 2245/2245/2245
f 1423/1423/1423 2230/2230/2230 879/879/879
f 2240/2240/2240 2235/2235/2235 2231/2231/2231
f 2239/2239/2239 2240/2240/2240 2231/2231/2231
f 2238/2238/2238 2239/2239/2239 2231/2231/2231
f 2249/2249/2249 2023/2023/2023 2235/2235/2235
f 2230/2230/2230 2238/2238/2238 2231/2231/2231
f 1496/1496/1496 2237/2237/2237 2230/2230/2230
f 2230/2230/2230 880/880/880 879/879/879
f 2092/2092/2092 2173/2173/2173 2031/2031/2031
f 2238/2238/2238 2245/2245/2245 2239/2239/2239
f 1425/1425/1425 974/974/974 1496/1496/1496
f 1411/1411/1411 2173/2173/2173 2092/2092/2092
f 2023/2023/2023 2031/2031/2031 2173/2173/2173
f 2237/2237/2237 2238/2238/2238 2230/2230/2230
f 2230/2230/2230 2231/2231/2231 880/880/880
f 2242/2242/2242 2245/2245/2245 2237/2237/2237
f 2173/2173/2173 1411/1411/1411 880/880/880
f 2231/2231/2231 2235/2235/2235 2173/2173/2173
f 2173/2173/2173 2235/2235/2235 2023/2023/2023
f 2231/2231/2231 2173/2173/2173 880/880/880
f 1496/1496/1496 1423/1423/1423 1425/1425/1425
f 1496/1496/1496 2230/2230/2230 1423/1423/1423
f 2240/2240/2240 2246/2246/2246 2235/2235/2235
f 2237/2237/2237 2245/2245/2245 2238/2238/2238
f 1709/1709/1709 2500/2500/2500 2499/2499/2499
f 2321/2321/2321 2327/2327/2327 1277/1277/1277
f 2169/2169/2169 2119/2119/2119 2174/2174/2174
f 2387/2387/2387 1300/1300/1300 1302/1302/1302
f 2123/2123/2123 2402/2402/2402 2495/2495/2495
f 1302/1302/1302 1707/1707/1707 2040/2040/2040
f 2375/2375/2375 1301/1301/1301 1300/1300/1300
f 2327/2327/2327 1278/1278/1278 1277/1277/1277
f 1354/1354/1354 2321/2321/2321 1708/1708/1708
f 1707/1707/1707 1709/1709/1709 2033/2033/2033
f 2123/2123/2123 2169/2169/2169 2402/2402/2402
f 2040/2040/2040 1707/1707/1707 2033/2033/2033
f 2077/2077/2077 2123/2123/2123 2124/2124/2124
f 2077/2077/2077 2119/2119/2119 2123/2123/2123
f 2124/2124/2124 2123/2123/2123 2502/2502/2502
f 1300/1300/1300 1301/1301/1301 1302/1302/1302
f 1950/1950/1950 1353/1353/1353 2375/2375/2375
f 2077/2077/2077 1278/1278/1278 2119/2119/2119
f 1277/1277/1277 1278/1278/1278 1279/1279/1279
f 1353/1353/1353 334/334/334 1354/1354/1354
f 1950/1950/1950 332/332/332 1353/1353/1353
f 2502/2502/2502 2123/2123/2123 2495/2495/2495
f 2375/2375/2375 1353/1353/1353 1301/1301/1301
f 1279/1279/1279 1278/1278/1278 2077/2077/2077
f 1353/1353/1353 1354/1354/1354 1707/1707/1707
f 1707/1707/1707 1708/1708/1708 1709/1709/1709
f 1301/1301/1301 1353/1353/1353 1707/1707/1707
f 332/332/332 334/334/334 1353/1353/1353
f 1707/1707/1707 1354/1354/1354 1708/1708/1708
f 1354/1354/1354 2327/2327/2327 2321/2321/2321
f 2119/2119/2119 1278/1278/1278 2223/2223/2223
f 1301/1301/1301 1707/1707/1707 1302/1302/1302
f 2422/2422/2422 2370/2370/2370 2369/2369/2369
f 2005/2005/2005 2336/2336/2336 2137/2137/2137
f 2361/2361/2361 2372/2372/2372 2250/2250/2250
f 2389/2389/2389 2371/2371/2371 2360/2360/2360
f 2399/2399/2399 1948/1948/1948 2422/2422/2422
f 2360/2360/2360 2371/2371/2371 2361/2361/2361
f 2004/2004/2004 1903/1903/1903 2005/2005/2005
f 2395/2395/2395 2360/2360/2360 2336/2336/2336
f 2368/2368/2368 2369/2369/2369 2370/2370/2370
f 2361/2361/2361 2371/2371/2371 2372/2372/2372
f 2372/2372/2372 2369/2369/2369 2368/2368/2368
f 2137/2137/2137 2361/2361/2361 2250/2250/2250
f 2433/2433/2433 2369/2369/2369 2371/2371/2371
f 2005/2005/2005 2137/2137/2137 2006/2006/2006
f 2433/2433/2433 2422/2422/2422 2369/2369/2369
f 2250/2250/2250 2372/2372/2372 2368/2368/2368
f 2360/2360/2360 2361/2361/2361 2336/2336/2336
f 2372/2372/2372 2371/2371/2371 2369/2369/2369
f 2336/2336/2336 2361/2361/2361 2137/2137/2137
f 1903/1903/1903 2336/2336/2336 2005/2005/2005
f 2004/2004/2004 2005/2005/2005 2006/2006/2006
f 2137/2137/2137 2250/2250/2250 2251/2251/2251
f 2006/2006/2006 2137/2137/2137 2251/2251/2251
f 2250/2250/2250 2368/2368/2368 2251/2251/2251
f 2422/2422/2422 1948/1948/1948 2370/2370/2370
f 2370/2370/2370 1950/1950/1950 2251/2251/2251
f 2251/2251/2251 2375/2375/2375 2107/2107/2107
f 2386/2386/2386 1300/1300/1300 2387/2387/2387
f 2251/2251/2251 1950/1950/1950 2375/2375/2375
f 1948/1948/1948 1950/1950/1950 2370/2370/2370
f 2375/2375/2375 1300/1300/1300 2107/2107/2107
f 1948/1948/1948 1949/1949/1949 1950/1950/1950
f 2107/2107/2107 2386/2386/2386 2106/2106/2106
f 2368/2368/2368 2370/2370/2370 2251/2251/2251
f 2106/2106/2106 2004/2004/2004 2107/2107/2107
f 2107/2107/2107 2006/2006/2006 2251/2251/2251
f 2106/2106/2106 2404/2404/2404 2004/2004/2004
f 2107/2107/2107 1300/1300/1300 2386/2386/2386
f 2107/2107/2107 2004/2004/2004 2006/2006/2006
f 712/712/712 2103/2103/2103 2406/2406/2406
f 2256/2256/2256 2240/2240/2240 2239/2239/2239
f 1276/1276/1276 1847/1847/1847 423/423/423
f 2337/2337/2337 2336/2336/2336 1903/1903/1903
f 1898/1898/1898 1899/1899/1899 1900/1900/1900
f 424/424/424 1218/1218/1218 425/425/425
f 1133/1133/1133 750/750/750 713/713/713
f 1218/1218/1218 1900/1900/1900 2103/2103/2103
f 1133/1133/1133 713/713/713 712/712/712
f 423/423/423 425/425/425 750/750/750
f 1218/1218/1218 712/712/712 425/425/425
f 423/423/423 424/424/424 425/425/425
f 713/713/713 750/750/750 425/425/425
f 1218/1218/1218 2103/2103/2103 712/712/712
f 2335/2335/2335 2395/2395/2395 2336/2336/2336
f 2104/2104/2104 1900/1900/1900 1899/1899/1899
f 2103/2103/2103 2337/2337/2337 1902/1902/1902
f 2105/2105/2105 2335/2335/2335 2337/2337/2337
f 1900/1900/1900 2104/2104/2104 2103/2103/2103
f 712/712/712 2406/2406/2406 2407/2407/2407
f 2385/2385/2385 1898/1898/1898 1218/1218/1218
f 2404/2404/2404 1903/1903/1903 2004/2004/2004
f 2335/2335/2335 2336/2336/2336 2337/2337/2337
f 2337/2337/2337 2103/2103/2103 2105/2105/2105
f 2406/2406/2406 2103/2103/2103 1902/1902/1902
f 423/423/423 750/750/750 1276/1276/1276
f 1218/1218/1218 1898/1898/1898 1900/1900/1900
f 1902/1902/1902 2337/2337/2337 1903/1903/1903
f 425/425/425 712/712/712 713/713/713
f 2103/2103/2103 2104/2104/2104 2105/2105/2105
f 2355/2355/2355 2389/2389/2389 2382/2382/2382
f 2398/2398/2398 2377/2377/2377 1898/1898/1898
f 2389/2389/2389 2378/2378/2378 2399/2399/2399
f 1898/1898/1898 2377/2377/2377 2364/2364/2364
f 2398/2398/2398 2400/2400/2400 2377/2377/2377
f 2399/2399/2399 2421/2421/2421 1948/1948/1948
f 2400/2400/2400 2381/2381/2381 2377/2377/2377
f 2353/2353/2353 2355/2355/2355 2382/2382/2382
f 2364/2364/2364 2365/2365/2365 2366/2366/2366
f 2424/2424/2424 1499/1499/1499 2400/2400/2400
f 2366/2366/2366 2381/2381/2381 2353/2353/2353
f 2377/2377/2377 2381/2381/2381 2366/2366/2366
f 2382/2382/2382 2389/2389/2389 2455/2455/2455
f 2455/2455/2455 2389/2389/2389 2360/2360/2360
f 2433/2433/2433 2389/2389/2389 2399/2399/2399
f 2364/2364/2364 2377/2377/2377 2365/2365/2365
f 2365/2365/2365 2377/2377/2377 2366/2366/2366
f 1899/1899/1899 1898/1898/1898 2364/2364/2364
f 2389/2389/2389 2433/2433/2433 2371/2371/2371
f 2399/2399/2399 2422/2422/2422 2433/2433/2433
f 2123/2123/2123 2119/2119/2119 2169/2169/2169
f 2115/2115/2115 2415/2415/2415 332/332/332
f 1690/1690/1690 714/714/714 1714/1714/1714
f 332/332/332 333/333/333 334/334/334
f 715/715/715 716/716/716 670/670/670
f 1689/1689/1689 1691/1691/1691 714/714/714
f 2415/2415/2415 333/333/333 332/332/332
f 2425/2425/2425 2327/2327/2327 1354/1354/1354
f 334/334/334 2425/2425/2425 1354/1354/1354
f 1691/1691/1691 715/715/715 714/714/714
f 1689/1689/1689 714/714/714 1690/1690/1690
f 698/698/698 1714/1714/1714 714/714/714
f 333/333/333 2425/2425/2425 334/334/334
f 2421/2421/2421 1949/1949/1949 1948/1948/1948
f 1369/1369/1369 1370/1370/1370 1278/1278/1278
f 1691/1691/1691 777/777/777 1692/1692/1692
f 2374/2374/2374 2000/2000/2000 1369/1369/1369
f 1950/1950/1950 2115/2115/2115 332/332/332
f 2000/2000/2000 1520/1520/1520 1369/1369/1369
f 808/808/808 809/809/809 777/777/777
f 777/777/777 809/809/809 1692/1692/1692
f 1692/1692/1692 715/715/715 1691/1691/1691
f 2357/2357/2357 2358/2358/2358 2356/2356/2356
f 714/714/714 715/715/715 670/670/670
f 1949/1949/1949 2115/2115/2115 1950/1950/1950
f 2378/2378/2378 2355/2355/2355 2356/2356/2356
f 1076/1076/1076 1463/1463/1463 1077/1077/1077
f 2388/2388/2388 1949/1949/1949 2421/2421/2421
f 2353/2353/2353 2354/2354/2354 2355/2355/2355
f 2354/2354/2354 2356/2356/2356 2355/2355/2355
f 1464/1464/1464 1436/1436/1436 1465/1465/1465
f 1082/1082/1082 1079/1079/1079 1078/1078/1078
f 1076/1076/1076 1078/1078/1078 1080/1080/1080
f 2393/2393/2393 2357/2357/2357 2354/2354/2354
f 1082/1082/1082 1078/1078/1078 1077/1077/1077
f 1465/1465/1465 2354/2354/2354 2381/2381/2381
f 1437/1437/1437 1499/1499/1499 1149/1149/1149
f 1465/1465/1465 2393/2393/2393 2354/2354/2354
f 1076/1076/1076 1077/1077/1077 1078/1078/1078
f 1464/1464/1464 1499/1499/1499 1437/1437/1437
f 1078/1078/1078 1079/1079/1079 1080/1080/1080
f 2378/2378/2378 2356/2356/2356 2388/2388/2388
f 2381/2381/2381 2354/2354/2354 2353/2353/2353
f 2421/2421/2421 2378/2378/2378 2388/2388/2388
f 1436/1436/1436 1437/1437/1437 1077/1077/1077
f 2393/2393/2393 1463/1463/1463 2357/2357/2357
f 1436/1436/1436 1077/1077/1077 1463/1463/1463
f 1499/1499/1499 1464/1464/1464 2400/2400/2400
f 2355/2355/2355 2378/2378/2378 2389/2389/2389
f 2399/2399/2399 2378/2378/2378 2421/2421/2421
f 1436/1436/1436 2393/2393/2393 1465/1465/1465
f 2354/2354/2354 2357/2357/2357 2356/2356/2356
f 1436/1436/1436 1463/1463/1463 2393/2393/2393
f 1077/1077/1077 1437/1437/1437 1082/1082/1082
f 1464/1464/1464 1465/1465/1465 2381/2381/2381
f 1464/1464/1464 2381/2381/2381 2400/2400/2400
f 1436/1436/1436 1464/1464/1464 1437/1437/1437
f 1079/1079/1079 1081/1081/1081 1080/1080/1080
f 935/935/935 1081/1081/1081 1108/1108/1108
f 1080/1080/1080 1081/1081/1081 935/935/935
f 1081/1081/1081 1207/1207/1207 1108/1108/1108
f 1079/1079/1079 1073/1073/1073 1081/1081/1081
f 1081/1081/1081 1073/1073/1073 1207/1207/1207
f 1689/1689/1689 777/777/777 1691/1691/1691
f 1227/1227/1227 1226/1226/1226 962/962/962
f 2363/2363/2363 2000/2000/2000 2374/2374/2374
f 778/778/778 777/777/777 1736/1736/1736
f 2362/2362/2362 2363/2363/2363 2374/2374/2374
f 168/168/168 778/778/778 1690/1690/1690
f 819/819/819 800/800/800 779/779/779
f 2362/2362/2362 2374/2374/2374 2358/2358/2358
f 1690/1690/1690 1714/1714/1714 1722/1722/1722
f 800/800/800 808/808/808 777/777/777
f 168/168/168 779/779/779 778/778/778
f 1520/1520/1520 2000/2000/2000 1227/1227/1227
f 1689/1689/1689 1736/1736/1736 777/777/777
f 1227/1227/1227 2000/2000/2000 1225/1225/1225
f 168/168/168 1690/1690/1690 1734/1734/1734
f 838/838/838 808/808/808 800/800/800
f 864/864/864 838/838/838 800/800/800
f 1225/1225/1225 1226/1226/1226 1227/1227/1227
f 1226/1226/1226 169/169/169 1734/1734/1734
f 1690/1690/1690 1736/1736/1736 1689/1689/1689
f 849/849/849 864/864/864 800/800/800
f 2363/2363/2363 1225/1225/1225 2000/2000/2000
f 1734/1734/1734 1690/1690/1690 1226/1226/1226
f 819/819/819 849/849/849 800/800/800
f 778/778/778 1736/1736/1736 1690/1690/1690
f 1226/1226/1226 1225/1225/1225 169/169/169
f 838/838/838 809/809/809 808/808/808
f 1226/1226/1226 1690/1690/1690 1722/1722/1722
f 777/777/777 778/778/778 779/779/779
f 800/800/800 777/777/777 779/779/779
f 1226/1226/1226 1722/1722/1722 962/962/962
f 807/807/807 849/849/849 819/819/819
f 168/168/168 169/169/169 170/170/170
f 1238/1238/1238 588/588/588 818/818/818
f 990/990/990 989/989/989 2363/2363/2363
f 535/535/535 817/817/817 169/169/169
f 807/807/807 863/863/863 849/849/849
f 807/807/807 170/170/170 817/817/817
f 1238/1238/1238 818/818/818 817/817/817
f 989/989/989 535/535/535 536/536/536
f 170/170/170 169/169/169 817/817/817
f 1239/1239/1239 1238/1238/1238 817/817/817
f 168/168/168 170/170/170 779/779/779
f 989/989/989 536/536/536 2363/2363/2363
f 950/950/950 990/990/990 2362/2362/2362
f 818/818/818 863/863/863 807/807/807
f 988/988/988 1239/1239/1239 989/989/989
f 807/807/807 779/779/779 170/170/170
f 988/988/988 1261/1261/1261 1238/1238/1238
f 1734/1734/1734 169/169/169 168/168/168
f 2362/2362/2362 990/990/990 2363/2363/2363
f 818/818/818 807/807/807 817/817/817
f 819/819/819 779/779/779 807/807/807
f 535/535/535 989/989/989 1239/1239/1239
f 1225/1225/1225 536/536/536 169/169/169
f 988/988/988 1238/1238/1238 1239/1239/1239
f 988/988/988 989/989/989 990/990/990
f 990/990/990 950/950/950 988/988/988
f 535/535/535 169/169/169 536/536/536
f 1261/1261/1261 988/988/988 950/950/950
f 1239/1239/1239 817/817/817 535/535/535
f 2357/2357/2357 2165/2165/2165 2394/2394/2394
f 1230/1230/1230 1206/1206/1206 2359/2359/2359
f 2359/2359/2359 2380/2380/2380 2394/2394/2394
f 2394/2394/2394 2165/2165/2165 2359/2359/2359
f 2394/2394/2394 2380/2380/2380 2358/2358/2358
f 949/949/949 948/948/948 2379/2379/2379
f 1306/1306/1306 1206/1206/1206 588/588/588
f 1495/1495/1495 949/949/949 2379/2379/2379
f 1136/1136/1136 2165/2165/2165 1463/1463/1463
f 1495/1495/1495 2379/2379/2379 2380/2380/2380
f 949/949/949 1495/1495/1495 1306/1306/1306
f 2380/2380/2380 2359/2359/2359 1495/1495/1495
f 338/338/338 1230/1230/1230 1136/1136/1136
f 2357/2357/2357 1463/1463/1463 2165/2165/2165
f 2359/2359/2359 1206/1206/1206 1495/1495/1495
f 2165/2165/2165 1136/1136/1136 2359/2359/2359
f 1463/1463/1463 1076/1076/1076 1136/1136/1136
f 1206/1206/1206 1230/1230/1230 338/338/338
f 2359/2359/2359 1136/1136/1136 1230/1230/1230
f 1136/1136/1136 1076/1076/1076 1080/1080/1080
f 1306/1306/1306 1299/1299/1299 949/949/949
f 586/586/586 1206/1206/1206 338/338/338
f 2357/2357/2357 2394/2394/2394 2358/2358/2358
f 1495/1495/1495 1206/1206/1206 1306/1306/1306
f 1136/1136/1136 936/936/936 338/338/338
f 2379/2379/2379 948/948/948 2362/2362/2362
f 2380/2380/2380 2379/2379/2379 2358/2358/2358
f 2379/2379/2379 2362/2362/2362 2358/2358/2358
f 950/950/950 1299/1299/1299 1261/1261/1261
f 948/948/948 949/949/949 950/950/950
f 1261/1261/1261 588/588/588 1238/1238/1238
f 948/948/948 950/950/950 2362/2362/2362
f 949/949/949 1299/1299/1299 950/950/950
f 1261/1261/1261 1299/1299/1299 588/588/588
f 1299/1299/1299 1306/1306/1306 588/588/588
f 2363/2363/2363 536/536/536 1225/1225/1225
f 336/336/336 313/313/313 338/338/338
f 314/314/314 337/337/337 265/265/265
f 849/849/849 897/897/897 864/864/864
f 314/314/314 265/265/265 475/475/475
f 864/864/864 865/865/865 838/838/838
f 337/337/337 314/314/314 313/313/313
f 863/863/863 587/587/587 897/897/897
f 606/606/606 335/335/335 337/337/337
f 475/475/475 265/265/265 442/442/442
f 335/335/335 265/265/265 337/337/337
f 315/315/315 314/314/314 513/513/513
f 586/586/586 338/338/338 587/587/587
f 588/588/588 863/863/863 818/818/818
f 914/914/914 513/513/513 920/920/920
f 863/863/863 897/897/897 849/849/849
f 586/586/586 587/587/587 588/588/588
f 897/897/897 914/914/914 865/865/865
f 1206/1206/1206 586/586/586 588/588/588
f 587/587/587 315/315/315 897/897/897
f 336/336/336 337/337/337 313/313/313
f 588/588/588 587/587/587 863/863/863
f 897/897/897 315/315/315 914/914/914
f 335/335/335 266/266/266 265/265/265
f 865/865/865 914/914/914 899/899/899
f 513/513/513 475/475/475 385/385/385
f 315/315/315 513/513/513 914/914/914
f 264/264/264 265/265/265 266/266/266
f 897/897/897 865/865/865 864/864/864
f 513/513/513 314/314/314 475/475/475
f 313/313/313 314/314/314 315/315/315
f 587/587/587 313/313/313 315/315/315
f 338/338/338 313/313/313 587/587/587
f 1207/1207/1207 969/969/969 1108/1108/1108
f 455/455/455 606/606/606 337/337/337
f 455/455/455 968/968/968 606/606/606
f 969/969/969 968/968/968 1108/1108/1108
f 935/935/935 336/336/336 936/936/936
f 936/936/936 336/336/336 338/338/338
f 1108/1108/1108 968/968/968 455/455/455
f 1080/1080/1080 935/935/935 936/936/936
f 935/935/935 1108/1108/1108 455/455/455
f 336/336/336 935/935/935 455/455/455
f 455/455/455 337/337/337 336/336/336
f 606/606/606 968/968/968 335/335/335
f 1136/1136/1136 1080/1080/1080 936/936/936
f 1692/1692/1692 809/809/809 768/768/768
f 790/790/790 791/791/791 767/767/767
f 768/768/768 739/739/739 1692/1692/1692
f 809/809/809 839/839/839 790/790/790
f 790/790/790 839/839/839 791/791/791
f 790/790/790 767/767/767 768/768/768
f 716/716/716 715/715/715 739/739/739
f 715/715/715 1692/1692/1692 739/739/739
f 716/716/716 717/717/717 660/660/660
f 768/768/768 767/767/767 739/739/739
f 768/768/768 809/809/809 790/790/790
f 740/740/740 717/717/717 716/716/716
f 767/767/767 740/740/740 739/739/739
f 717/717/717 661/661/661 660/660/660
f 739/739/739 740/740/740 716/716/716
f 716/716/716 660/660/660 670/670/670
f 746/746/746 733/733/733 718/718/718
f 740/740/740 732/732/732 717/717/717
f 752/752/752 1702/1702/1702 746/746/746
f 746/746/746 725/725/725 733/733/733
f 791/791/791 792/792/792 780/780/780
f 718/718/718 682/682/682 702/702/702
f 732/732/732 718/718/718 702/702/702
f 717/717/717 702/702/702 661/661/661
f 780/780/780 767/767/767 791/791/791
f 767/767/767 780/780/780 751/751/751
f 702/702/702 682/682/682 671/671/671
f 703/703/703 662/662/662 682/682/682
f 703/703/703 704/704/704 672/672/672
f 661/661/661 702/702/702 671/671/671
f 717/717/717 732/732/732 702/702/702
f 718/718/718 703/703/703 682/682/682
f 724/724/724 704/704/704 703/703/703
f 746/746/746 753/753/753 725/725/725
f 1702/1702/1702 780/780/780 792/792/792
f 740/740/740 751/751/751 732/732/732
f 733/733/733 703/703/703 718/718/718
f 733/733/733 724/724/724 703/703/703
f 780/780/780 1702/1702/1702 752/752/752
f 751/751/751 718/718/718 732/732/732
f 751/751/751 752/752/752 718/718/718
f 718/718/718 752/752/752 746/746/746
f 767/767/767 751/751/751 740/740/740
f 751/751/751 780/780/780 752/752/752
f 733/733/733 725/725/725 724/724/724
f 1703/1703/1703 1718/1718/1718 1698/1698/1698
f 809/809/809 838/838/838 839/839/839
f 887/887/887 1718/1718/1718 1738/1738/1738
f 792/792/792 1738/1738/1738 1703/1703/1703
f 865/865/865 885/885/885 886/886/886
f 887/887/887 888/888/888 883/883/883
f 865/865/865 886/886/886 839/839/839
f 898/898/898 1713/1713/1713 886/886/886
f 839/839/839 1713/1713/1713 791/791/791
f 792/792/792 1703/1703/1703 1702/1702/1702
f 887/887/887 1738/1738/1738 1713/1713/1713
f 1713/1713/1713 1738/1738/1738 792/792/792
f 887/887/887 883/883/883 1718/1718/1718
f 838/838/838 865/865/865 839/839/839
f 1702/1702/1702 1703/1703/1703 1698/1698/1698
f 839/839/839 886/886/886 1713/1713/1713
f 898/898/898 887/887/887 1713/1713/1713
f 898/898/898 886/886/886 885/885/885
f 1703/1703/1703 1738/1738/1738 1718/1718/1718
f 791/791/791 1713/1713/1713 792/792/792
f 1702/1702/1702 762/762/762 746/746/746
f 869/869/869 870/870/870 871/871/871
f 762/762/762 763/763/763 753/753/753
f 762/762/762 753/753/753 746/746/746
f 1723/1723/1723 1716/1716/1716 763/763/763
f 869/869/869 1716/1716/1716 1723/1723/1723
f 870/870/870 869/869/869 1699/1699/1699
f 1718/1718/1718 1699/1699/1699 1698/1698/1698
f 1718/1718/1718 883/883/883 870/870/870
f 762/762/762 1723/1723/1723 763/763/763
f 884/884/884 874/874/874 871/871/871
f 1699/1699/1699 869/869/869 1723/1723/1723
f 870/870/870 1699/1699/1699 1718/1718/1718
f 762/762/762 1699/1699/1699 1723/1723/1723
f 1702/1702/1702 1698/1698/1698 762/762/762
f 870/870/870 883/883/883 871/871/871
f 883/883/883 884/884/884 871/871/871
f 1698/1698/1698 1699/1699/1699 762/762/762
f 355/355/355 442/442/442 264/264/264
f 372/372/372 373/373/373 374/374/374
f 264/264/264 442/442/442 265/265/265
f 532/532/532 533/533/533 534/534/534
f 920/920/920 532/532/532 534/534/534
f 373/373/373 297/297/297 296/296/296
f 442/442/442 406/406/406 385/385/385
f 534/534/534 533/533/533 898/898/898
f 372/372/372 297/297/297 373/373/373
f 355/355/355 372/372/372 442/442/442
f 372/372/372 384/384/384 385/385/385
f 920/920/920 534/534/534 899/899/899
f 384/384/384 374/374/374 532/532/532
f 384/384/384 372/372/372 374/374/374
f 865/865/865 899/899/899 885/885/885
f 885/885/885 899/899/899 898/898/898
f 534/534/534 898/898/898 899/899/899
f 920/920/920 385/385/385 384/384/384
f 406/406/406 372/372/372 385/385/385
f 914/914/914 920/920/920 899/899/899
f 475/475/475 442/442/442 385/385/385
f 355/355/355 297/297/297 372/372/372
f 920/920/920 384/384/384 532/532/532
f 266/266/266 355/355/355 264/264/264
f 442/442/442 372/372/372 406/406/406
f 513/513/513 385/385/385 920/920/920
f 373/373/373 296/296/296 374/374/374
f 986/986/986 354/354/354 335/335/335
f 946/946/946 947/947/947 295/295/295
f 355/355/355 354/354/354 946/946/946
f 295/295/295 355/355/355 946/946/946
f 295/295/295 297/297/297 355/355/355
f 979/979/979 946/946/946 986/986/986
f 354/354/354 355/355/355 266/266/266
f 946/946/946 979/979/979 981/981/981
f 335/335/335 968/968/968 986/986/986
f 295/295/295 296/296/296 297/297/297
f 354/354/354 986/986/986 946/946/946
f 946/946/946 981/981/981 947/947/947
f 335/335/335 354/354/354 266/266/266
f 900/900/900 912/912/912 888/888/888
f 374/374/374 296/296/296 542/542/542
f 542/542/542 921/921/921 929/929/929
f 900/900/900 921/921/921 912/912/912
f 542/542/542 544/544/544 921/921/921
f 649/649/649 468/468/468 650/650/650
f 533/533/533 532/532/532 929/929/929
f 542/542/542 650/650/650 543/543/543
f 900/900/900 929/929/929 921/921/921
f 542/542/542 543/543/543 544/544/544
f 542/542/542 296/296/296 650/650/650
f 898/898/898 533/533/533 900/900/900
f 532/532/532 374/374/374 542/542/542
f 532/532/532 542/542/542 929/929/929
f 468/468/468 543/543/543 650/650/650
f 649/649/649 650/650/650 296/296/296
f 929/929/929 900/900/900 533/533/533
f 898/898/898 900/900/900 887/887/887
f 900/900/900 888/888/888 887/887/887
f 901/901/901 902/902/902 883/883/883
f 888/888/888 901/901/901 883/883/883
f 902/902/902 884/884/884 883/883/883
f 912/912/912 915/915/915 901/901/901
f 916/916/916 930/930/930 913/913/913
f 921/921/921 915/915/915 912/912/912
f 902/902/902 874/874/874 884/884/884
f 912/912/912 901/901/901 888/888/888
f 901/901/901 922/922/922 916/916/916
f 901/901/901 916/916/916 902/902/902
f 915/915/915 922/922/922 901/901/901
f 916/916/916 913/913/913 902/902/902
f 544/544/544 584/584/584 585/585/585
f 485/485/485 759/759/759 930/930/930
f 483/483/483 484/484/484 485/485/485
f 378/378/378 380/380/380 552/552/552
f 483/483/483 552/552/552 484/484/484
f 921/921/921 585/585/585 915/915/915
f 552/552/552 787/787/787 484/484/484
f 915/915/915 585/585/585 872/872/872
f 787/787/787 443/443/443 484/484/484
f 378/378/378 552/552/552 709/709/709
f 921/921/921 544/544/544 585/585/585
f 722/722/722 485/485/485 922/922/922
f 484/484/484 443/443/443 485/485/485
f 872/872/872 722/722/722 922/922/922
f 378/378/378 709/709/709 543/543/543
f 709/709/709 552/552/552 483/483/483
f 881/881/881 787/787/787 552/552/552
f 881/881/881 352/352/352 787/787/787
f 468/468/468 378/378/378 543/543/543
f 485/485/485 930/930/930 916/916/916
f 585/585/585 722/722/722 872/872/872
f 544/544/544 543/543/543 584/584/584
f 585/585/585 584/584/584 722/722/722
f 722/722/722 483/483/483 485/485/485
f 922/922/922 485/485/485 916/916/916
f 543/543/543 709/709/709 584/584/584
f 483/483/483 722/722/722 709/709/709
f 709/709/709 722/722/722 584/584/584
f 915/915/915 872/872/872 922/922/922
f 981/981/981 829/829/829 947/947/947
f 862/862/862 1188/1188/1188 937/937/937
f 862/862/862 937/937/937 881/881/881
f 829/829/829 379/379/379 468/468/468
f 862/862/862 552/552/552 380/380/380
f 861/861/861 380/380/380 379/379/379
f 1247/1247/1247 1283/1283/1283 861/861/861
f 1188/1188/1188 862/862/862 861/861/861
f 295/295/295 947/947/947 649/649/649
f 829/829/829 980/980/980 1247/1247/1247
f 1247/1247/1247 861/861/861 379/379/379
f 295/295/295 649/649/649 296/296/296
f 1148/1148/1148 1188/1188/1188 861/861/861
f 862/862/862 881/881/881 552/552/552
f 380/380/380 861/861/861 862/862/862
f 468/468/468 379/379/379 378/378/378
f 1247/1247/1247 379/379/379 829/829/829
f 829/829/829 468/468/468 649/649/649
f 378/378/378 379/379/379 380/380/380
f 957/957/957 1148/1148/1148 861/861/861
f 1283/1283/1283 957/957/957 861/861/861
f 829/829/829 649/649/649 947/947/947
f 1090/1090/1090 1075/1075/1075 1047/1047/1047
f 1090/1090/1090 1047/1047/1047 1142/1142/1142
f 968/968/968 985/985/985 986/986/986
f 970/970/970 1003/1003/1003 985/985/985
f 1207/1207/1207 1142/1142/1142 969/969/969
f 1207/1207/1207 1073/1073/1073 1090/1090/1090
f 1003/1003/1003 970/970/970 1097/1097/1097
f 1090/1090/1090 1142/1142/1142 1207/1207/1207
f 970/970/970 1047/1047/1047 1097/1097/1097
f 968/968/968 970/970/970 985/985/985
f 1075/1075/1075 1200/1200/1200 1047/1047/1047
f 985/985/985 1003/1003/1003 979/979/979
f 1142/1142/1142 1047/1047/1047 970/970/970
f 986/986/986 985/985/985 979/979/979
f 969/969/969 1142/1142/1142 970/970/970
f 1154/1154/1154 955/955/955 980/980/980
f 980/980/980 1283/1283/1283 1247/1247/1247
f 1047/1047/1047 1048/1048/1048 1049/1049/1049
f 981/981/981 980/980/980 829/829/829
f 1047/1047/1047 1049/1049/1049 1097/1097/1097
f 1283/1283/1283 955/955/955 957/957/957
f 1048/1048/1048 1203/1203/1203 1204/1204/1204
f 1062/1062/1062 1156/1156/1156 1154/1154/1154
f 980/980/980 955/955/955 1283/1283/1283
f 1097/1097/1097 1062/1062/1062 1003/1003/1003
f 1049/1049/1049 1062/1062/1062 1097/1097/1097
f 1204/1204/1204 1156/1156/1156 1062/1062/1062
f 1062/1062/1062 979/979/979 1003/1003/1003
f 1192/1192/1192 1155/1155/1155 1156/1156/1156
f 1062/1062/1062 1154/1154/1154 980/980/980
f 1154/1154/1154 1155/1155/1155 956/956/956
f 955/955/955 1154/1154/1154 956/956/956
f 1156/1156/1156 1155/1155/1155 1154/1154/1154
f 1047/1047/1047 1200/1200/1200 1048/1048/1048
f 979/979/979 1062/1062/1062 980/980/980
f 1048/1048/1048 1062/1062/1062 1049/1049/1049
f 979/979/979 980/980/980 981/981/981
f 1048/1048/1048 1204/1204/1204 1062/1062/1062
f 1204/1204/1204 1192/1192/1192 1156/1156/1156
f 968/968/968 969/969/969 970/970/970
f 956/956/956 1162/1162/1162 1057/1057/1057
f 1057/1057/1057 1148/1148/1148 957/957/957
f 1135/1135/1135 1134/1134/1134 1162/1162/1162
f 1155/1155/1155 1135/1135/1135 1162/1162/1162
f 956/956/956 1057/1057/1057 957/957/957
f 1192/1192/1192 1135/1135/1135 1155/1155/1155
f 955/955/955 956/956/956 957/957/957
f 1057/1057/1057 837/837/837 1148/1148/1148
f 1162/1162/1162 837/837/837 1057/1057/1057
f 1155/1155/1155 1162/1162/1162 956/956/956
f 1162/1162/1162 518/518/518 837/837/837
f 837/837/837 1188/1188/1188 1148/1148/1148
f 1134/1134/1134 518/518/518 1162/1162/1162
f 1042/1042/1042 1134/1134/1134 1135/1135/1135
f 485/485/485 443/443/443 759/759/759
f 975/975/975 974/974/974 1425/1425/1425
f 1365/1365/1365 976/976/976 1208/1208/1208
f 974/974/974 975/975/975 976/976/976
f 971/971/971 1441/1441/1441 1442/1442/1442
f 1210/1210/1210 1209/1209/1209 1441/1441/1441
f 1208/1208/1208 1209/1209/1209 1210/1210/1210
f 1458/1458/1458 1847/1847/1847 1276/1276/1276
f 971/971/971 1457/1457/1457 972/972/972
f 1208/1208/1208 976/976/976 1209/1209/1209
f 1210/1210/1210 1441/1441/1441 971/971/971
f 971/971/971 1442/1442/1442 1457/1457/1457
f 1457/1457/1457 1458/1458/1458 972/972/972
f 1365/1365/1365 974/974/974 976/976/976
f 1457/1457/1457 1442/1442/1442 1458/1458/1458
f 1209/1209/1209 976/976/976 1441/1441/1441
f 975/975/975 1456/1456/1456 976/976/976
f 1462/1462/1462 1472/1472/1472 1392/1392/1392
f 975/975/975 1425/1425/1425 1513/1513/1513
f 1422/1422/1422 1455/1455/1455 1462/1462/1462
f 2211/2211/2211 1393/1393/1393 2201/2201/2201
f 1421/1421/1421 1422/1422/1422 1456/1456/1456
f 975/975/975 1513/1513/1513 1421/1421/1421
f 1393/1393/1393 1473/1473/1473 2201/2201/2201
f 1442/1442/1442 1391/1391/1391 1458/1458/1458
f 975/975/975 1421/1421/1421 1456/1456/1456
f 1391/1391/1391 1456/1456/1456 1392/1392/1392
f 1456/1456/1456 1422/1422/1422 1462/1462/1462
f 1473/1473/1473 1393/1393/1393 1392/1392/1392
f 1458/1458/1458 1393/1393/1393 1847/1847/1847
f 1472/1472/1472 1473/1473/1473 1392/1392/1392
f 1456/1456/1456 1462/1462/1462 1392/1392/1392
f 1458/1458/1458 1391/1391/1391 1393/1393/1393
f 1441/1441/1441 976/976/976 1391/1391/1391
f 1391/1391/1391 1392/1392/1392 1393/1393/1393
f 1847/1847/1847 1393/1393/1393 2211/2211/2211
f 1441/1441/1441 1391/1391/1391 1442/1442/1442
f 976/976/976 1456/1456/1456 1391/1391/1391
f 1397/1397/1397 1396/1396/1396 1451/1451/1451
f 1452/1452/1452 1504/1504/1504 1455/1455/1455
f 1452/1452/1452 1397/1397/1397 1451/1451/1451
f 1425/1425/1425 1424/1424/1424 1513/1513/1513
f 878/878/878 1398/1398/1398 1424/1424/1424
f 1452/1452/1452 1451/1451/1451 1504/1504/1504
f 879/879/879 1424/1424/1424 1423/1423/1423
f 1513/1513/1513 1397/1397/1397 1421/1421/1421
f 1422/1422/1422 1452/1452/1452 1455/1455/1455
f 1421/1421/1421 1397/1397/1397 1422/1422/1422
f 878/878/878 879/879/879 880/880/880
f 1397/1397/1397 1452/1452/1452 1422/1422/1422
f 879/879/879 878/878/878 1424/1424/1424
f 1423/1423/1423 1424/1424/1424 1425/1425/1425
f 1513/1513/1513 1424/1424/1424 1397/1397/1397
f 1396/1396/1396 1397/1397/1397 1398/1398/1398
f 1424/1424/1424 1398/1398/1398 1397/1397/1397
f 2092/2092/2092 624/624/624 1411/1411/1411
f 1398/1398/1398 623/623/623 1419/1419/1419
f 878/878/878 1412/1412/1412 1398/1398/1398
f 623/623/623 1390/1390/1390 1388/1388/1388
f 1396/1396/1396 1398/1398/1398 1419/1419/1419
f 1412/1412/1412 624/624/624 623/623/623
f 1419/1419/1419 1388/1388/1388 1308/1308/1308
f 1419/1419/1419 1308/1308/1308 1396/1396/1396
f 1412/1412/1412 878/878/878 880/880/880
f 880/880/880 1411/1411/1411 1412/1412/1412
f 1412/1412/1412 623/623/623 1398/1398/1398
f 1389/1389/1389 1313/1313/1313 360/360/360
f 623/623/623 625/625/625 1390/1390/1390
f 623/623/623 624/624/624 625/625/625
f 1451/1451/1451 1308/1308/1308 370/370/370
f 1390/1390/1390 625/625/625 1372/1372/1372
f 624/624/624 2092/2092/2092 1371/1371/1371
f 1411/1411/1411 624/624/624 1412/1412/1412
f 1396/1396/1396 1308/1308/1308 1451/1451/1451
f 623/623/623 1388/1388/1388 1419/1419/1419
f 624/624/624 1371/1371/1371 625/625/625
f 1388/1388/1388 360/360/360 1308/1308/1308
f 1390/1390/1390 1389/1389/1389 1388/1388/1388
f 1172/1172/1172 424/424/424 1756/1756/1756
f 1173/1173/1173 2130/2130/2130 251/251/251
f 2130/2130/2130 2197/2197/2197 2186/2186/2186
f 251/251/251 2130/2130/2130 2186/2186/2186
f 251/251/251 910/910/910 1173/1173/1173
f 2186/2186/2186 2184/2184/2184 2181/2181/2181
f 1172/1172/1172 2130/2130/2130 1173/1173/1173
f 2197/2197/2197 1847/1847/1847 2211/2211/2211
f 2197/2197/2197 2201/2201/2201 2186/2186/2186
f 241/241/241 2186/2186/2186 2181/2181/2181
f 1755/1755/1755 1847/1847/1847 2197/2197/2197
f 2186/2186/2186 2201/2201/2201 2184/2184/2184
f 251/251/251 2186/2186/2186 241/241/241
f 424/424/424 423/423/423 1755/1755/1755
f 423/423/423 1847/1847/1847 1755/1755/1755
f 2197/2197/2197 2211/2211/2211 2201/2201/2201
f 424/424/424 1755/1755/1755 1756/1756/1756
f 1755/1755/1755 2197/2197/2197 2130/2130/2130
f 1756/1756/1756 1755/1755/1755 2130/2130/2130
f 1172/1172/1172 1756/1756/1756 2130/2130/2130
f 360/360/360 1313/1313/1313 358/358/358
f 1504/1504/1504 911/911/911 1455/1455/1455
f 2102/2102/2102 1539/1539/1539 911/911/911
f 370/370/370 371/371/371 911/911/911
f 1473/1473/1473 1472/1472/1472 2099/2099/2099
f 2102/2102/2102 2114/2114/2114 1539/1539/1539
f 2114/2114/2114 2099/2099/2099 1539/1539/1539
f 2181/2181/2181 2184/2184/2184 2168/2168/2168
f 2185/2185/2185 1473/1473/1473 2099/2099/2099
f 1451/1451/1451 370/370/370 1504/1504/1504
f 2114/2114/2114 2118/2118/2118 2099/2099/2099
f 2184/2184/2184 2201/2201/2201 2185/2185/2185
f 2099/2099/2099 1472/1472/1472 1539/1539/1539
f 370/370/370 360/360/360 273/273/273
f 360/360/360 358/358/358 273/273/273
f 1462/1462/1462 1539/1539/1539 1472/1472/1472
f 2201/2201/2201 1473/1473/1473 2185/2185/2185
f 2184/2184/2184 2185/2185/2185 2168/2168/2168
f 1455/1455/1455 1539/1539/1539 1462/1462/1462
f 1504/1504/1504 370/370/370 911/911/911
f 1308/1308/1308 360/360/360 370/370/370
f 911/911/911 1539/1539/1539 1455/1455/1455
f 2118/2118/2118 2168/2168/2168 2185/2185/2185
f 1512/1512/1512 2118/2118/2118 2114/2114/2114
f 2185/2185/2185 2099/2099/2099 2118/2118/2118
f 1388/1388/1388 1389/1389/1389 360/360/360
f 1305/1305/1305 508/508/508 2397/2397/2397
f 424/424/424 1172/1172/1172 1219/1219/1219
f 1305/1305/1305 1219/1219/1219 1172/1172/1172
f 2416/2416/2416 1368/1368/1368 2424/2424/2424
f 2333/2333/2333 1366/1366/1366 1368/1368/1368
f 2424/2424/2424 2400/2400/2400 2398/2398/2398
f 2416/2416/2416 2398/2398/2398 2385/2385/2385
f 507/507/507 2416/2416/2416 508/508/508
f 2373/2373/2373 2416/2416/2416 507/507/507
f 2373/2373/2373 2333/2333/2333 1368/1368/1368
f 269/269/269 507/507/507 508/508/508
f 2416/2416/2416 2424/2424/2424 2398/2398/2398
f 1368/1368/1368 1367/1367/1367 2424/2424/2424
f 1305/1305/1305 2397/2397/2397 1219/1219/1219
f 2373/2373/2373 1368/1368/1368 2416/2416/2416
f 508/508/508 2416/2416/2416 2385/2385/2385
f 269/269/269 508/508/508 1305/1305/1305
f 1305/1305/1305 1172/1172/1172 1174/1174/1174
f 2385/2385/2385 1218/1218/1218 1219/1219/1219
f 508/508/508 2385/2385/2385 2397/2397/2397
f 2385/2385/2385 2398/2398/2398 1898/1898/1898
f 1218/1218/1218 424/424/424 1219/1219/1219
f 2397/2397/2397 2385/2385/2385 1219/1219/1219
f 1174/1174/1174 270/270/270 1305/1305/1305
f 1020/1020/1020 2373/2373/2373 2367/2367/2367
f 268/268/268 1020/1020/1020 2367/2367/2367
f 1020/1020/1020 1019/1019/1019 2373/2373/2373
f 2367/2367/2367 507/507/507 269/269/269
f 1173/1173/1173 910/910/910 1174/1174/1174
f 1174/1174/1174 910/910/910 270/270/270
f 2367/2367/2367 2373/2373/2373 507/507/507
f 268/268/268 2367/2367/2367 269/269/269
f 1019/1019/1019 2333/2333/2333 2373/2373/2373
f 1172/1172/1172 1173/1173/1173 1174/1174/1174
f 269/269/269 1305/1305/1305 270/270/270
f 268/268/268 269/269/269 270/270/270
f 400/400/400 401/401/401 402/402/402
f 414/414/414 416/416/416 583/583/583
f 1366/1366/1366 582/582/582 1367/1367/1367
f 758/758/758 1074/1074/1074 1082/1082/1082
f 1367/1367/1367 582/582/582 583/583/583
f 1074/1074/1074 1073/1073/1073 1079/1079/1079
f 1082/1082/1082 1074/1074/1074 1079/1079/1079
f 1149/1149/1149 1367/1367/1367 583/583/583
f 1149/1149/1149 758/758/758 1082/1082/1082
f 400/400/400 502/502/502 415/415/415
f 416/416/416 758/758/758 583/583/583
f 1149/1149/1149 1499/1499/1499 1367/1367/1367
f 414/414/414 400/400/400 415/415/415
f 1063/1063/1063 401/401/401 1019/1019/1019
f 401/401/401 414/414/414 1237/1237/1237
f 401/401/401 400/400/400 414/414/414
f 1366/1366/1366 1367/1367/1367 1368/1368/1368
f 414/414/414 415/415/415 416/416/416
f 583/583/583 758/758/758 1149/1149/1149
f 1366/1366/1366 1237/1237/1237 582/582/582
f 1237/1237/1237 1240/1240/1240 401/401/401
f 2333/2333/2333 1237/1237/1237 1366/1366/1366
f 1240/1240/1240 1237/1237/1237 2333/2333/2333
f 1367/1367/1367 1499/1499/1499 2424/2424/2424
f 582/582/582 1237/1237/1237 414/414/414
f 1019/1019/1019 401/401/401 1240/1240/1240
f 1063/1063/1063 402/402/402 401/401/401
f 1019/1019/1019 1240/1240/1240 2333/2333/2333
f 1008/1008/1008 1063/1063/1063 1019/1019/1019
f 582/582/582 414/414/414 583/583/583
f 1437/1437/1437 1149/1149/1149 1082/1082/1082
f 415/415/415 502/502/502 416/416/416
f 1075/1075/1075 1181/1181/1181 1166/1166/1166
f 1074/1074/1074 1193/1193/1193 1075/1075/1075
f 796/796/796 1193/1193/1193 1074/1074/1074
f 1073/1073/1073 1074/1074/1074 1075/1075/1075
f 1075/1075/1075 1166/1166/1166 1200/1200/1200
f 449/449/449 758/758/758 416/416/416
f 1073/1073/1073 1075/1075/1075 1090/1090/1090
f 796/796/796 758/758/758 449/449/449
f 960/960/960 1027/1027/1027 796/796/796
f 758/758/758 796/796/796 1074/1074/1074
f 796/796/796 1027/1027/1027 1193/1193/1193
f 1027/1027/1027 1181/1181/1181 1193/1193/1193
f 1075/1075/1075 1193/1193/1193 1181/1181/1181
f 1166/1166/1166 1167/1167/1167 1200/1200/1200
f 1170/1170/1170 1191/1191/1191 1266/1266/1266
f 1166/1166/1166 1153/1153/1153 1167/1167/1167
f 1027/1027/1027 1026/1026/1026 1153/1153/1153
f 1189/1189/1189 1266/1266/1266 1191/1191/1191
f 1191/1191/1191 1195/1195/1195 1042/1042/1042
f 1152/1152/1152 1041/1041/1041 1153/1153/1153
f 1191/1191/1191 1042/1042/1042 1135/1135/1135
f 1170/1170/1170 1266/1266/1266 1189/1189/1189
f 1153/1153/1153 1026/1026/1026 1152/1152/1152
f 1191/1191/1191 1135/1135/1135 1192/1192/1192
f 1203/1203/1203 1171/1171/1171 1204/1204/1204
f 1167/1167/1167 1171/1171/1171 1203/1203/1203
f 1171/1171/1171 1170/1170/1170 1189/1189/1189
f 1200/1200/1200 1167/1167/1167 1048/1048/1048
f 1041/1041/1041 1040/1040/1040 1170/1170/1170
f 1223/1223/1223 1195/1195/1195 1191/1191/1191
f 1025/1025/1025 1026/1026/1026 1027/1027/1027
f 1204/1204/1204 1171/1171/1171 1189/1189/1189
f 1040/1040/1040 1223/1223/1223 1191/1191/1191
f 1153/1153/1153 1170/1170/1170 1171/1171/1171
f 1192/1192/1192 1189/1189/1189 1191/1191/1191
f 1153/1153/1153 1041/1041/1041 1170/1170/1170
f 1204/1204/1204 1189/1189/1189 1192/1192/1192
f 1167/1167/1167 1153/1153/1153 1171/1171/1171
f 1040/1040/1040 1191/1191/1191 1170/1170/1170
f 1181/1181/1181 1027/1027/1027 1153/1153/1153
f 1167/1167/1167 1203/1203/1203 1048/1048/1048
f 1040/1040/1040 1050/1050/1050 1223/1223/1223
f 1166/1166/1166 1181/1181/1181 1153/1153/1153
f 960/960/960 1025/1025/1025 1027/1027/1027
f 1026/1026/1026 1072/1072/1072 1152/1152/1152
f 1072/1072/1072 1068/1068/1068 1039/1039/1039
f 502/502/502 449/449/449 416/416/416
f 959/959/959 1229/1229/1229 1072/1072/1072
f 959/959/959 1072/1072/1072 1025/1025/1025
f 1068/1068/1068 1051/1051/1051 1039/1039/1039
f 1039/1039/1039 1040/1040/1040 1041/1041/1041
f 959/959/959 1025/1025/1025 960/960/960
f 447/447/447 448/448/448 449/449/449
f 1039/1039/1039 1051/1051/1051 1040/1040/1040
f 1152/1152/1152 1039/1039/1039 1041/1041/1041
f 447/447/447 449/449/449 502/502/502
f 448/448/448 1229/1229/1229 959/959/959
f 449/449/449 448/448/448 796/796/796
f 1051/1051/1051 1050/1050/1050 1040/1040/1040
f 1159/1159/1159 1051/1051/1051 1068/1068/1068
f 1229/1229/1229 1068/1068/1068 1072/1072/1072
f 448/448/448 959/959/959 960/960/960
f 1072/1072/1072 1039/1039/1039 1152/1152/1152
f 1072/1072/1072 1026/1026/1026 1025/1025/1025
f 520/520/520 1229/1229/1229 448/448/448
f 448/448/448 960/960/960 796/796/796
f 274/274/274 328/328/328 275/275/275
f 300/300/300 275/275/275 301/301/301
f 756/756/756 774/774/774 301/301/301
f 1583/1583/1583 1236/1236/1236 300/300/300
f 358/358/358 359/359/359 273/273/273
f 301/301/301 275/275/275 328/328/328
f 1583/1583/1583 301/301/301 773/773/773
f 371/371/371 2117/2117/2117 2102/2102/2102
f 300/300/300 1236/1236/1236 371/371/371
f 2117/2117/2117 1236/1236/1236 2032/2032/2032
f 300/300/300 301/301/301 1583/1583/1583
f 911/911/911 371/371/371 2102/2102/2102
f 273/273/273 359/359/359 274/274/274
f 371/371/371 1236/1236/1236 2117/2117/2117
f 2032/2032/2032 2114/2114/2114 2117/2117/2117
f 1581/1581/1581 1583/1583/1583 773/773/773
f 370/370/370 273/273/273 371/371/371
f 773/773/773 301/301/301 774/774/774
f 2117/2117/2117 2114/2114/2114 2102/2102/2102
f 273/273/273 274/274/274 275/275/275
f 371/371/371 273/273/273 275/275/275
f 275/275/275 300/300/300 371/371/371
f 773/773/773 1292/1292/1292 1581/1581/1581
f 1018/1018/1018 1292/1292/1292 773/773/773
f 1292/1292/1292 522/522/522 1581/1581/1581
f 517/517/517 520/520/520 521/521/521
f 749/749/749 517/517/517 516/516/516
f 516/516/516 517/517/517 447/447/447
f 1292/1292/1292 1229/1229/1229 522/522/522
f 517/517/517 521/521/521 447/447/447
f 1581/1581/1581 522/522/522 1576/1576/1576
f 517/517/517 522/522/522 520/520/520
f 1018/1018/1018 1068/1068/1068 1229/1229/1229
f 1289/1289/1289 1159/1159/1159 1068/1068/1068
f 501/501/501 644/644/644 516/516/516
f 501/501/501 447/447/447 502/502/502
f 1289/1289/1289 1068/1068/1068 1018/1018/1018
f 572/572/572 501/501/501 400/400/400
f 522/522/522 517/517/517 803/803/803
f 572/572/572 847/847/847 501/501/501
f 774/774/774 1289/1289/1289 1018/1018/1018
f 402/402/402 572/572/572 400/400/400
f 501/501/501 516/516/516 447/447/447
f 773/773/773 774/774/774 1018/1018/1018
f 448/448/448 521/521/521 520/520/520
f 447/447/447 521/521/521 448/448/448
f 644/644/644 749/749/749 516/516/516
f 400/400/400 501/501/501 502/502/502
f 1229/1229/1229 520/520/520 522/522/522
f 644/644/644 501/501/501 847/847/847
f 1292/1292/1292 1018/1018/1018 1229/1229/1229
f 1512/1512/1512 1511/1511/1511 2168/2168/2168
f 910/910/910 243/243/243 523/523/523
f 1510/1510/1510 1363/1363/1363 1511/1511/1511
f 251/251/251 243/243/243 910/910/910
f 243/243/243 342/342/342 523/523/523
f 254/254/254 1511/1511/1511 271/271/271
f 242/242/242 342/342/342 243/243/243
f 1512/1512/1512 2168/2168/2168 2118/2118/2118
f 241/241/241 1511/1511/1511 254/254/254
f 1510/1510/1510 1511/1511/1511 1512/1512/1512
f 254/254/254 271/271/271 272/272/272
f 241/241/241 242/242/242 243/243/243
f 242/242/242 254/254/254 342/342/342
f 251/251/251 241/241/241 243/243/243
f 254/254/254 272/272/272 342/342/342
f 2181/2181/2181 2168/2168/2168 1511/1511/1511
f 241/241/241 254/254/254 242/242/242
f 241/241/241 2181/2181/2181 1511/1511/1511
f 271/271/271 1511/1511/1511 1363/1363/1363
f 1363/1363/1363 764/764/764 271/271/271
f 1255/1255/1255 525/525/525 1221/1221/1221
f 699/699/699 339/339/339 700/700/700
f 523/523/523 525/525/525 643/643/643
f 268/268/268 643/643/643 1541/1541/1541
f 523/523/523 524/524/524 525/525/525
f 910/910/910 523/523/523 270/270/270
f 1250/1250/1250 1221/1221/1221 1251/1251/1251
f 271/271/271 700/700/700 272/272/272
f 523/523/523 643/643/643 270/270/270
f 1541/1541/1541 1255/1255/1255 1250/1250/1250
f 342/342/342 272/272/272 524/524/524
f 272/272/272 700/700/700 1037/1037/1037
f 1250/1250/1250 1255/1255/1255 1221/1221/1221
f 643/643/643 525/525/525 1255/1255/1255
f 1222/1222/1222 339/339/339 486/486/486
f 1221/1221/1221 1222/1222/1222 1251/1251/1251
f 1251/1251/1251 486/486/486 1249/1249/1249
f 342/342/342 524/524/524 523/523/523
f 524/524/524 1037/1037/1037 525/525/525
f 1541/1541/1541 643/643/643 1255/1255/1255
f 1037/1037/1037 339/339/339 1222/1222/1222
f 1251/1251/1251 1222/1222/1222 486/486/486
f 1249/1249/1249 486/486/486 567/567/567
f 486/486/486 339/339/339 487/487/487
f 764/764/764 699/699/699 700/700/700
f 700/700/700 339/339/339 1037/1037/1037
f 1551/1551/1551 1541/1541/1541 1250/1250/1250
f 1541/1541/1541 1020/1020/1020 268/268/268
f 272/272/272 1037/1037/1037 524/524/524
f 270/270/270 643/643/643 268/268/268
f 525/525/525 1037/1037/1037 1221/1221/1221
f 1221/1221/1221 1037/1037/1037 1222/1222/1222
f 1008/1008/1008 965/965/965 1063/1063/1063
f 847/847/847 954/954/954 848/848/848
f 402/402/402 965/965/965 847/847/847
f 954/954/954 748/748/748 848/848/848
f 1023/1023/1023 964/964/964 958/958/958
f 1023/1023/1023 958/958/958 1024/1024/1024
f 1551/1551/1551 1008/1008/1008 1020/1020/1020
f 1008/1008/1008 1019/1019/1019 1020/1020/1020
f 954/954/954 964/964/964 953/953/953
f 1007/1007/1007 1024/1024/1024 965/965/965
f 1007/1007/1007 965/965/965 1008/1008/1008
f 1024/1024/1024 958/958/958 965/965/965
f 958/958/958 847/847/847 965/965/965
f 964/964/964 954/954/954 958/958/958
f 958/958/958 954/954/954 847/847/847
f 1024/1024/1024 1007/1007/1007 1249/1249/1249
f 848/848/848 748/748/748 644/644/644
f 1250/1250/1250 1008/1008/1008 1551/1551/1551
f 567/567/567 964/964/964 1023/1023/1023
f 1250/1250/1250 1251/1251/1251 1007/1007/1007
f 402/402/402 847/847/847 572/572/572
f 1007/1007/1007 1251/1251/1251 1249/1249/1249
f 847/847/847 848/848/848 644/644/644
f 1023/1023/1023 1249/1249/1249 567/567/567
f 1249/1249/1249 1023/1023/1023 1024/1024/1024
f 1020/1020/1020 1541/1541/1541 1551/1551/1551
f 965/965/965 402/402/402 1063/1063/1063
f 1008/1008/1008 1250/1250/1250 1007/1007/1007
f 271/271/271 764/764/764 700/700/700
f 1253/1253/1253 1125/1125/1125 1863/1863/1863
f 1863/1863/1863 1510/1510/1510 2032/2032/2032
f 1252/1252/1252 1253/1253/1253 1254/1254/1254
f 699/699/699 764/764/764 765/765/765
f 1125/1125/1125 764/764/764 1363/1363/1363
f 699/699/699 765/765/765 340/340/340
f 1253/1253/1253 765/765/765 1125/1125/1125
f 1510/1510/1510 1512/1512/1512 2114/2114/2114
f 764/764/764 1125/1125/1125 765/765/765
f 1863/1863/1863 1125/1125/1125 1510/1510/1510
f 1580/1580/1580 1254/1254/1254 1236/1236/1236
f 1510/1510/1510 2114/2114/2114 2032/2032/2032
f 1253/1253/1253 1863/1863/1863 1254/1254/1254
f 1236/1236/1236 1863/1863/1863 2032/2032/2032
f 1236/1236/1236 1254/1254/1254 1863/1863/1863
f 1510/1510/1510 1125/1125/1125 1363/1363/1363
f 1579/1579/1579 1581/1581/1581 1576/1576/1576
f 1573/1573/1573 1254/1254/1254 1580/1580/1580
f 1579/1579/1579 1574/1574/1574 1578/1578/1578
f 1580/1580/1580 1578/1578/1578 1573/1573/1573
f 1581/1581/1581 1579/1579/1579 1578/1578/1578
f 1575/1575/1575 1579/1579/1579 1576/1576/1576
f 1574/1574/1574 1579/1579/1579 1575/1575/1575
f 1578/1578/1578 1574/1574/1574 1573/1573/1573
f 1254/1254/1254 1573/1573/1573 1252/1252/1252
f 1583/1583/1583 1581/1581/1581 1578/1578/1578
f 1583/1583/1583 1578/1578/1578 1580/1580/1580
f 1575/1575/1575 1576/1576/1576 1567/1567/1567
f 1566/1566/1566 1575/1575/1575 1567/1567/1567
f 1236/1236/1236 1583/1583/1583 1580/1580/1580
f 1574/1574/1574 1575/1575/1575 1566/1566/1566
f 1256/1256/1256 1574/1574/1574 1566/1566/1566
f 339/339/339 341/341/341 487/487/487
f 1573/1573/1573 1574/1574/1574 1256/1256/1256
f 1257/1257/1257 1256/1256/1256 33/33/33
f 1256/1256/1256 1566/1566/1566 33/33/33
f 1252/1252/1252 1573/1573/1573 1256/1256/1256
f 765/765/765 1256/1256/1256 341/341/341
f 35/35/35 488/488/488 1257/1257/1257
f 339/339/339 699/699/699 340/340/340
f 487/487/487 341/341/341 1257/1257/1257
f 567/567/567 488/488/488 35/35/35
f 35/35/35 1257/1257/1257 33/33/33
f 765/765/765 1252/1252/1252 1256/1256/1256
f 339/339/339 340/340/340 341/341/341
f 341/341/341 340/340/340 765/765/765
f 33/33/33 34/34/34 35/35/35
f 487/487/487 1257/1257/1257 488/488/488
f 1566/1566/1566 1567/1567/1567 33/33/33
f 1567/1567/1567 34/34/34 33/33/33
f 1256/1256/1256 1257/1257/1257 341/341/341
f 1252/1252/1252 765/765/765 1253/1253/1253
f 567/567/567 486/486/486 488/488/488
f 486/486/486 487/487/487 488/488/488
f 1576/1576/1576 522/522/522 803/803/803
f 35/35/35 34/34/34 1038/1038/1038
f 803/803/803 517/517/517 749/749/749
f 749/749/749 748/748/748 1045/1045/1045
f 748/748/748 749/749/749 644/644/644
f 953/953/953 748/748/748 954/954/954
f 1045/1045/1045 1038/1038/1038 34/34/34
f 1567/1567/1567 1576/1576/1576 803/803/803
f 953/953/953 1045/1045/1045 748/748/748
f 964/964/964 1038/1038/1038 953/953/953
f 964/964/964 35/35/35 1038/1038/1038
f 1045/1045/1045 1567/1567/1567 749/749/749
f 953/953/953 1038/1038/1038 1045/1045/1045
f 964/964/964 567/567/567 35/35/35
f 1567/1567/1567 1045/1045/1045 34/34/34
f 803/803/803 749/749/749 1567/1567/1567
f 1726/1726/1726 2200/2200/2200 2208/2208/2208
f 2199/2199/2199 1298/1298/1298 1297/1297/1297
f 2207/2207/2207 2199/2199/2199 1297/1297/1297
f 1725/1725/1725 1789/1789/1789 1726/1726/1726
f 1724/1724/1724 1725/1725/1725 1726/1726/1726
f 1727/1727/1727 1724/1724/1724 2205/2205/2205
f 2200/2200/2200 1726/1726/1726 2191/2191/2191
f 2207/2207/2207 2200/2200/2200 2199/2199/2199
f 1724/1724/1724 1726/1726/1726 2205/2205/2205
f 1727/1727/1727 1729/1729/1729 1724/1724/1724
f 1727/1727/1727 1728/1728/1728 1729/1729/1729
f 1725/1725/1725 1728/1728/1728 1789/1789/1789
f 1724/1724/1724 1729/1729/1729 1725/1725/1725
f 1806/1806/1806 1726/1726/1726 2208/2208/2208
f 1806/1806/1806 1333/1333/1333 1332/1332/1332
f 1332/1332/1332 1333/1333/1333 1334/1334/1334
f 2208/2208/2208 2207/2207/2207 1806/1806/1806
f 2208/2208/2208 2200/2200/2200 2207/2207/2207
f 1729/1729/1729 1728/1728/1728 1725/1725/1725
f 1332/1332/1332 2225/2225/2225 2215/2215/2215
f 1789/1789/1789 2191/2191/2191 1726/1726/1726
f 1806/1806/1806 2205/2205/2205 1726/1726/1726
f 1297/1297/1297 1296/1296/1296 1334/1334/1334
f 2199/2199/2199 2200/2200/2200 2191/2191/2191
f 1333/1333/1333 2207/2207/2207 1334/1334/1334
f 2207/2207/2207 1297/1297/1297 1334/1334/1334
f 1806/1806/1806 2207/2207/2207 1333/1333/1333
f 1332/1332/1332 1334/1334/1334 2225/2225/2225
f 1727/1727/1727 2205/2205/2205 2212/2212/2212
f 1296/1296/1296 1297/1297/1297 1298/1298/1298
f 1215/1215/1215 1216/1216/1216 1217/1217/1217
f 2015/2015/2015 2011/2011/2011 2027/2027/2027
f 2014/2014/2014 2018/2018/2018 2008/2008/2008
f 2008/2008/2008 2009/2009/2009 2010/2010/2010
f 2010/2010/2010 2009/2009/2009 2011/2011/2011
f 1999/1999/1999 2008/2008/2008 2010/2010/2010
f 1727/1727/1727 2010/2010/2010 1215/1215/1215
f 1999/1999/1999 2010/2010/2010 1727/1727/1727
f 2027/2027/2027 2011/2011/2011 2009/2009/2009
f 1998/1998/1998 2014/2014/2014 2008/2008/2008
f 2011/2011/2011 2015/2015/2015 1216/1216/1216
f 1215/1215/1215 1217/1217/1217 1728/1728/1728
f 1728/1728/1728 1217/1217/1217 1715/1715/1715
f 2009/2009/2009 2039/2039/2039 2027/2027/2027
f 2018/2018/2018 2009/2009/2009 2008/2008/2008
f 1728/1728/1728 1715/1715/1715 1789/1789/1789
f 2011/2011/2011 1215/1215/1215 2010/2010/2010
f 1999/1999/1999 1998/1998/1998 2008/2008/2008
f 2011/2011/2011 1216/1216/1216 1215/1215/1215
f 1727/1727/1727 1215/1215/1215 1728/1728/1728
f 1761/1761/1761 2198/2198/2198 2191/2191/2191
f 1715/1715/1715 1762/1762/1762 1761/1761/1761
f 1453/1453/1453 2057/2057/2057 1454/1454/1454
f 2198/2198/2198 1761/1761/1761 1763/1763/1763
f 1217/1217/1217 1216/1216/1216 1715/1715/1715
f 1298/1298/1298 2232/2232/2232 1834/1834/1834
f 2199/2199/2199 2206/2206/2206 2232/2232/2232
f 2015/2015/2015 1453/1453/1453 1216/1216/1216
f 1298/1298/1298 2199/2199/2199 2232/2232/2232
f 1715/1715/1715 2176/2176/2176 1762/1762/1762
f 1761/1761/1761 1762/1762/1762 1763/1763/1763
f 1789/1789/1789 1761/1761/1761 2191/2191/2191
f 2206/2206/2206 2198/2198/2198 2182/2182/2182
f 2214/2214/2214 2182/2182/2182 2136/2136/2136
f 2191/2191/2191 2198/2198/2198 2206/2206/2206
f 2199/2199/2199 2191/2191/2191 2206/2206/2206
f 1216/1216/1216 1453/1453/1453 1454/1454/1454
f 1789/1789/1789 1715/1715/1715 1761/1761/1761
f 1216/1216/1216 1454/1454/1454 2176/2176/2176
f 2232/2232/2232 2182/2182/2182 2214/2214/2214
f 2198/2198/2198 1763/1763/1763 2183/2183/2183
f 2232/2232/2232 2206/2206/2206 2182/2182/2182
f 2182/2182/2182 2198/2198/2198 2183/2183/2183
f 1715/1715/1715 1216/1216/1216 2176/2176/2176
f 2176/2176/2176 1454/1454/1454 90/90/90
f 2177/2177/2177 479/479/479 92/92/92
f 90/90/90 91/91/91 92/92/92
f 2177/2177/2177 1314/1314/1314 479/479/479
f 2177/2177/2177 92/92/92 91/91/91
f 2179/2179/2179 1314/1314/1314 2177/2177/2177
f 2179/2179/2179 176/176/176 1314/1314/1314
f 90/90/90 2057/2057/2057 91/91/91
f 1454/1454/1454 2057/2057/2057 90/90/90
f 395/395/395 2177/2177/2177 2178/2178/2178
f 2175/2175/2175 2178/2178/2178 91/91/91
f 395/395/395 1839/1839/1839 2177/2177/2177
f 2057/2057/2057 2175/2175/2175 91/91/91
f 2178/2178/2178 2177/2177/2177 91/91/91
f 1314/1314/1314 176/176/176 175/175/175
f 1839/1839/1839 2179/2179/2179 2177/2177/2177
f 2179/2179/2179 1839/1839/1839 2180/2180/2180
f 2182/2182/2182 2183/2183/2183 2134/2134/2134
f 90/90/90 92/92/92 2138/2138/2138
f 2152/2152/2152 2144/2144/2144 2143/2143/2143
f 2158/2158/2158 2154/2154/2154 2152/2152/2152
f 2183/2183/2183 1763/1763/1763 2144/2144/2144
f 2138/2138/2138 2143/2143/2143 2145/2145/2145
f 1762/1762/1762 2176/2176/2176 1842/1842/1842
f 1763/1763/1763 1842/1842/1842 2144/2144/2144
f 2135/2135/2135 2134/2134/2134 2154/2154/2154
f 2183/2183/2183 2154/2154/2154 2134/2134/2134
f 2154/2154/2154 2183/2183/2183 2144/2144/2144
f 2136/2136/2136 2182/2182/2182 2134/2134/2134
f 2134/2134/2134 2135/2135/2135 2136/2136/2136
f 2143/2143/2143 2144/2144/2144 2145/2145/2145
f 92/92/92 479/479/479 2138/2138/2138
f 1842/1842/1842 90/90/90 2145/2145/2145
f 1763/1763/1763 1762/1762/1762 1842/1842/1842
f 2155/2155/2155 2152/2152/2152 2143/2143/2143
f 2144/2144/2144 1842/1842/1842 2145/2145/2145
f 2154/2154/2154 2144/2144/2144 2152/2152/2152
f 2176/2176/2176 90/90/90 1842/1842/1842
f 2149/2149/2149 2153/2153/2153 2142/2142/2142
f 2153/2153/2153 2143/2143/2143 2142/2142/2142
f 480/480/480 175/175/175 1706/1706/1706
f 479/479/479 175/175/175 480/480/480
f 2149/2149/2149 2157/2157/2157 2153/2153/2153
f 2143/2143/2143 2153/2153/2153 2156/2156/2156
f 2142/2142/2142 2143/2143/2143 2138/2138/2138
f 479/479/479 480/480/480 2138/2138/2138
f 2156/2156/2156 2155/2155/2155 2143/2143/2143
f 2149/2149/2149 1706/1706/1706 2150/2150/2150
f 479/479/479 1314/1314/1314 175/175/175
f 2149/2149/2149 2142/2142/2142 1706/1706/1706
f 175/175/175 2150/2150/2150 1706/1706/1706
f 1706/1706/1706 2138/2138/2138 480/480/480
f 2142/2142/2142 2138/2138/2138 1706/1706/1706
f 1420/1420/1420 823/823/823 2072/2072/2072
f 2074/2074/2074 2075/2075/2075 2054/2054/2054
f 2071/2071/2071 186/186/186 223/223/223
f 2054/2054/2054 2055/2055/2055 2027/2027/2027
f 2075/2075/2075 1420/1420/1420 2072/2072/2072
f 234/234/234 2075/2075/2075 2074/2074/2074
f 2048/2048/2048 2039/2039/2039 2018/2018/2018
f 223/223/223 234/234/234 2074/2074/2074
f 2054/2054/2054 2027/2027/2027 2039/2039/2039
f 2048/2048/2048 2054/2054/2054 2039/2039/2039
f 2071/2071/2071 223/223/223 2074/2074/2074
f 2075/2075/2075 2072/2072/2072 2054/2054/2054
f 2048/2048/2048 2071/2071/2071 2054/2054/2054
f 2072/2072/2072 2055/2055/2055 2054/2054/2054
f 2027/2027/2027 2055/2055/2055 2015/2015/2015
f 2071/2071/2071 2074/2074/2074 2054/2054/2054
f 2075/2075/2075 234/234/234 1420/1420/1420
f 396/396/396 395/395/395 2178/2178/2178
f 2083/2083/2083 2084/2084/2084 1773/1773/1773
f 2056/2056/2056 2057/2057/2057 1453/1453/1453
f 394/394/394 395/395/395 396/396/396
f 394/394/394 1839/1839/1839 395/395/395
f 2063/2063/2063 2057/2057/2057 2056/2056/2056
f 2175/2175/2175 2057/2057/2057 2063/2063/2063
f 2055/2055/2055 1453/1453/1453 2015/2015/2015
f 2062/2062/2062 1453/1453/1453 2055/2055/2055
f 396/396/396 2178/2178/2178 2175/2175/2175
f 2056/2056/2056 1453/1453/1453 2062/2062/2062
f 2083/2083/2083 1773/1773/1773 394/394/394
f 394/394/394 1773/1773/1773 1839/1839/1839
f 2063/2063/2063 396/396/396 2175/2175/2175
f 2055/2055/2055 1660/1660/1660 2062/2062/2062
f 1660/1660/1660 281/281/281 2062/2062/2062
f 394/394/394 396/396/396 2081/2081/2081
f 281/281/281 2056/2056/2056 2062/2062/2062
f 279/279/279 1660/1660/1660 1395/1395/1395
f 281/281/281 280/280/280 2056/2056/2056
f 2081/2081/2081 396/396/396 1522/1522/1522
f 1395/1395/1395 1660/1660/1660 2072/2072/2072
f 2081/2081/2081 1417/1417/1417 2082/2082/2082
f 2081/2081/2081 2083/2083/2083 394/394/394
f 280/280/280 1522/1522/1522 2063/2063/2063
f 2063/2063/2063 1522/1522/1522 396/396/396
f 2072/2072/2072 1660/1660/1660 2055/2055/2055
f 2081/2081/2081 2082/2082/2082 2083/2083/2083
f 279/279/279 280/280/280 281/281/281
f 2082/2082/2082 2084/2084/2084 2083/2083/2083
f 1522/1522/1522 1418/1418/1418 2081/2081/2081
f 1418/1418/1418 1417/1417/1417 2081/2081/2081
f 823/823/823 1395/1395/1395 2072/2072/2072
f 222/222/222 2084/2084/2084 2082/2082/2082
f 280/280/280 2063/2063/2063 2056/2056/2056
f 1417/1417/1417 222/222/222 2082/2082/2082
f 279/279/279 281/281/281 1660/1660/1660
f 190/190/190 234/234/234 223/223/223
f 187/187/187 30/30/30 330/330/330
f 1339/1339/1339 30/30/30 1403/1403/1403
f 234/234/234 132/132/132 1420/1420/1420
f 1339/1339/1339 1287/1287/1287 30/30/30
f 133/133/133 31/31/31 1286/1286/1286
f 186/186/186 330/330/330 223/223/223
f 1339/1339/1339 1403/1403/1403 187/187/187
f 132/132/132 134/134/134 823/823/823
f 190/190/190 133/133/133 132/132/132
f 132/132/132 823/823/823 1420/1420/1420
f 330/330/330 32/32/32 223/223/223
f 223/223/223 32/32/32 190/190/190
f 132/132/132 133/133/133 134/134/134
f 31/31/31 133/133/133 190/190/190
f 133/133/133 93/93/93 134/134/134
f 1287/1287/1287 1286/1286/1286 31/31/31
f 30/30/30 1287/1287/1287 31/31/31
f 31/31/31 190/190/190 32/32/32
f 1287/1287/1287 1794/1794/1794 1285/1285/1285
f 1340/1340/1340 93/93/93 133/133/133
f 1793/1793/1793 1287/1287/1287 1339/1339/1339
f 30/30/30 31/31/31 32/32/32
f 1285/1285/1285 1286/1286/1286 1287/1287/1287
f 187/187/187 330/330/330 186/186/186
f 330/330/330 30/30/30 32/32/32
f 234/234/234 190/190/190 132/132/132
f 1403/1403/1403 30/30/30 187/187/187
f 1286/1286/1286 1340/1340/1340 133/133/133
f 1636/1636/1636 1355/1355/1355 1637/1637/1637
f 1340/1340/1340 1286/1286/1286 934/934/934
f 1286/1286/1286 1637/1637/1637 934/934/934
f 93/93/93 6/6/6 134/134/134
f 1637/1637/1637 1355/1355/1355 934/934/934
f 134/134/134 1395/1395/1395 823/823/823
f 1340/1340/1340 934/934/934 93/93/93
f 1636/1636/1636 1637/1637/1637 1286/1286/1286
f 93/93/93 934/934/934 94/94/94
f 134/134/134 6/6/6 279/279/279
f 93/93/93 94/94/94 6/6/6
f 134/134/134 279/279/279 1395/1395/1395
f 1330/1330/1330 136/136/136 4/4/4
f 5/5/5 280/280/280 279/279/279
f 136/136/136 137/137/137 138/138/138
f 5/5/5 136/136/136 138/138/138
f 280/280/280 1401/1401/1401 1522/1522/1522
f 1356/1356/1356 1350/1350/1350 1351/1351/1351
f 1351/1351/1351 4/4/4 94/94/94
f 6/6/6 5/5/5 279/279/279
f 934/934/934 1351/1351/1351 94/94/94
f 1351/1351/1351 1330/1330/1330 4/4/4
f 4/4/4 136/136/136 5/5/5
f 1330/1330/1330 1350/1350/1350 2247/2247/2247
f 1355/1355/1355 1356/1356/1356 1351/1351/1351
f 280/280/280 5/5/5 1401/1401/1401
f 4/4/4 5/5/5 6/6/6
f 934/934/934 1355/1355/1355 1351/1351/1351
f 137/137/137 1330/1330/1330 160/160/160
f 5/5/5 138/138/138 1401/1401/1401
f 94/94/94 4/4/4 6/6/6
f 1350/1350/1350 1330/1330/1330 1351/1351/1351
f 137/137/137 136/136/136 1330/1330/1330
f 146/146/146 145/145/145 191/191/191
f 160/160/160 146/146/146 1364/1364/1364
f 1375/1375/1375 210/210/210 1426/1426/1426
f 144/144/144 146/146/146 160/160/160
f 1401/1401/1401 1418/1418/1418 1522/1522/1522
f 210/210/210 222/222/222 1426/1426/1426
f 1418/1418/1418 1364/1364/1364 1417/1417/1417
f 138/138/138 1364/1364/1364 1418/1418/1418
f 1364/1364/1364 191/191/191 1375/1375/1375
f 145/145/145 1357/1357/1357 322/322/322
f 1401/1401/1401 138/138/138 1418/1418/1418
f 1364/1364/1364 1375/1375/1375 1417/1417/1417
f 1330/1330/1330 1197/1197/1197 160/160/160
f 322/322/322 104/104/104 191/191/191
f 144/144/144 145/145/145 146/146/146
f 145/145/145 322/322/322 191/191/191
f 138/138/138 160/160/160 1364/1364/1364
f 160/160/160 1197/1197/1197 144/144/144
f 210/210/210 1375/1375/1375 105/105/105
f 138/138/138 137/137/137 160/160/160
f 1375/1375/1375 191/191/191 105/105/105
f 1364/1364/1364 146/146/146 191/191/191
f 104/104/104 105/105/105 191/191/191
f 1330/1330/1330 2247/2247/2247 1197/1197/1197
f 1417/1417/1417 1426/1426/1426 222/222/222
f 1375/1375/1375 1426/1426/1426 1417/1417/1417
f 171/171/171 117/117/117 210/210/210
f 222/222/222 221/221/221 2084/2084/2084
f 322/322/322 1358/1358/1358 68/68/68
f 68/68/68 1358/1358/1358 1360/1360/1360
f 221/221/221 117/117/117 119/119/119
f 68/68/68 69/69/69 70/70/70
f 221/221/221 222/222/222 117/117/117
f 70/70/70 421/421/421 171/171/171
f 68/68/68 70/70/70 105/105/105
f 104/104/104 322/322/322 68/68/68
f 210/210/210 117/117/117 222/222/222
f 68/68/68 1360/1360/1360 69/69/69
f 70/70/70 171/171/171 105/105/105
f 105/105/105 171/171/171 210/210/210
f 104/104/104 68/68/68 105/105/105
f 603/603/603 1514/1514/1514 851/851/851
f 420/420/420 1201/1201/1201 1202/1202/1202
f 1201/1201/1201 1443/1443/1443 603/603/603
f 117/117/117 118/118/118 119/119/119
f 419/419/419 1201/1201/1201 420/420/420
f 2/2/2 1/1/1 211/211/211
f 604/604/604 619/619/619 305/305/305
f 1202/1202/1202 1479/1479/1479 2/2/2
f 603/603/603 604/604/604 605/605/605
f 171/171/171 118/118/118 117/117/117
f 1479/1479/1479 604/604/604 3/3/3
f 1/1/1 3/3/3 305/305/305
f 421/421/421 1202/1202/1202 2/2/2
f 1202/1202/1202 605/605/605 1479/1479/1479
f 421/421/421 69/69/69 1202/1202/1202
f 603/603/603 851/851/851 850/850/850
f 2/2/2 211/211/211 421/421/421
f 604/604/604 603/603/603 850/850/850
f 421/421/421 211/211/211 118/118/118
f 69/69/69 420/420/420 1202/1202/1202
f 605/605/605 604/604/604 1479/1479/1479
f 605/605/605 1201/1201/1201 603/603/603
f 70/70/70 69/69/69 421/421/421
f 69/69/69 419/419/419 420/420/420
f 1201/1201/1201 605/605/605 1202/1202/1202
f 3/3/3 604/604/604 305/305/305
f 118/118/118 212/212/212 119/119/119
f 211/211/211 212/212/212 118/118/118
f 1/1/1 2/2/2 3/3/3
f 2/2/2 1479/1479/1479 3/3/3
f 211/211/211 1/1/1 212/212/212
f 119/119/119 1679/1679/1679 1774/1774/1774
f 306/306/306 905/905/905 1/1/1
f 906/906/906 2073/2073/2073 1782/1782/1782
f 1679/1679/1679 906/906/906 1774/1774/1774
f 2073/2073/2073 2050/2050/2050 1827/1827/1827
f 221/221/221 1774/1774/1774 2084/2084/2084
f 2073/2073/2073 2064/2064/2064 2050/2050/2050
f 1/1/1 905/905/905 906/906/906
f 2073/2073/2073 1827/1827/1827 1782/1782/1782
f 906/906/906 905/905/905 2073/2073/2073
f 1/1/1 305/305/305 306/306/306
f 1773/1773/1773 2084/2084/2084 1774/1774/1774
f 905/905/905 2087/2087/2087 2073/2073/2073
f 212/212/212 1679/1679/1679 119/119/119
f 119/119/119 1774/1774/1774 221/221/221
f 1774/1774/1774 1782/1782/1782 1775/1775/1775
f 2087/2087/2087 2064/2064/2064 2073/2073/2073
f 1773/1773/1773 1774/1774/1774 1775/1775/1775
f 1782/1782/1782 1827/1827/1827 1826/1826/1826
f 2180/2180/2180 1775/1775/1775 1782/1782/1782
f 1/1/1 906/906/906 1679/1679/1679
f 305/305/305 620/620/620 306/306/306
f 212/212/212 1/1/1 1679/1679/1679
f 1839/1839/1839 1775/1775/1775 2180/2180/2180
f 1839/1839/1839 1773/1773/1773 1775/1775/1775
f 1782/1782/1782 1774/1774/1774 906/906/906
f 1958/1958/1958 1161/1161/1161 1321/1321/1321
f 245/245/245 648/648/648 246/246/246
f 494/494/494 245/245/245 597/597/597
f 245/245/245 568/568/568 648/648/648
f 1160/1160/1160 569/569/569 1161/1161/1161
f 495/495/495 1235/1235/1235 245/245/245
f 1235/1235/1235 568/568/568 245/245/245
f 1161/1161/1161 1235/1235/1235 1321/1321/1321
f 1161/1161/1161 1958/1958/1958 446/446/446
f 569/569/569 568/568/568 1161/1161/1161
f 597/597/597 245/245/245 247/247/247
f 494/494/494 495/495/495 245/245/245
f 1235/1235/1235 1161/1161/1161 568/568/568
f 1235/1235/1235 495/495/495 1562/1562/1562
f 1160/1160/1160 1161/1161/1161 446/446/446
f 568/568/568 569/569/569 570/570/570
f 568/568/568 570/570/570 648/648/648
f 245/245/245 246/246/246 247/247/247
f 569/569/569 1160/1160/1160 1893/1893/1893
f 1235/1235/1235 1977/1977/1977 1321/1321/1321
f 1562/1562/1562 1977/1977/1977 1235/1235/1235
f 1321/1321/1321 1977/1977/1977 1958/1958/1958
f 224/224/224 226/226/226 2133/2133/2133
f 175/175/175 224/224/224 2150/2150/2150
f 225/225/225 224/224/224 493/493/493
f 224/224/224 2133/2133/2133 2150/2150/2150
f 175/175/175 176/176/176 177/177/177
f 2179/2179/2179 2180/2180/2180 176/176/176
f 2204/2204/2204 1826/1826/1826 788/788/788
f 226/226/226 2132/2132/2132 2133/2133/2133
f 177/177/177 493/493/493 175/175/175
f 2204/2204/2204 2180/2180/2180 1826/1826/1826
f 175/175/175 493/493/493 224/224/224
f 90/90/90 2138/2138/2138 2145/2145/2145
f 2180/2180/2180 1782/1782/1782 1826/1826/1826
f 177/177/177 2204/2204/2204 788/788/788
f 2133/2133/2133 2132/2132/2132 2139/2139/2139
f 493/493/493 177/177/177 788/788/788
f 176/176/176 2204/2204/2204 177/177/177
f 176/176/176 2180/2180/2180 2204/2204/2204
f 225/225/225 493/493/493 788/788/788
f 1827/1827/1827 2050/2050/2050 1828/1828/1828
f 1826/1826/1826 1827/1827/1827 1828/1828/1828
f 473/473/473 596/596/596 597/597/597
f 224/224/224 225/225/225 226/226/226
f 471/471/471 473/473/473 247/247/247
f 2029/2029/2029 2050/2050/2050 2007/2007/2007
f 226/226/226 225/225/225 473/473/473
f 225/225/225 788/788/788 868/868/868
f 868/868/868 494/494/494 596/596/596
f 596/596/596 494/494/494 597/597/597
f 2029/2029/2029 1828/1828/1828 2050/2050/2050
f 1562/1562/1562 2007/2007/2007 1977/1977/1977
f 1826/1826/1826 868/868/868 788/788/788
f 1562/1562/1562 495/495/495 868/868/868
f 1562/1562/1562 2029/2029/2029 2007/2007/2007
f 2029/2029/2029 868/868/868 1828/1828/1828
f 868/868/868 2029/2029/2029 1562/1562/1562
f 596/596/596 473/473/473 225/225/225
f 495/495/495 494/494/494 868/868/868
f 471/471/471 472/472/472 473/473/473
f 247/247/247 473/473/473 597/597/597
f 868/868/868 596/596/596 225/225/225
f 1826/1826/1826 1828/1828/1828 868/868/868
f 835/835/835 226/226/226 473/473/473
f 417/417/417 2132/2132/2132 226/226/226
f 835/835/835 2131/2131/2131 417/417/417
f 417/417/417 226/226/226 835/835/835
f 472/472/472 835/835/835 473/473/473
f 575/575/575 2125/2125/2125 801/801/801
f 2125/2125/2125 2131/2131/2131 835/835/835
f 2125/2125/2125 835/835/835 472/472/472
f 575/575/575 2131/2131/2131 2125/2125/2125
f 418/418/418 256/256/256 255/255/255
f 2139/2139/2139 2148/2148/2148 2133/2133/2133
f 418/418/418 576/576/576 256/256/256
f 576/576/576 319/319/319 256/256/256
f 2131/2131/2131 575/575/575 417/417/417
f 2133/2133/2133 2148/2148/2148 2150/2150/2150
f 320/320/320 319/319/319 576/576/576
f 2148/2148/2148 2149/2149/2149 2150/2150/2150
f 675/675/675 256/256/256 319/319/319
f 2148/2148/2148 2151/2151/2151 2149/2149/2149
f 418/418/418 575/575/575 576/576/576
f 255/255/255 2132/2132/2132 417/417/417
f 255/255/255 257/257/257 2139/2139/2139
f 2151/2151/2151 2157/2157/2157 2149/2149/2149
f 675/675/675 1665/1665/1665 256/256/256
f 257/257/257 2151/2151/2151 2139/2139/2139
f 1665/1665/1665 2151/2151/2151 257/257/257
f 320/320/320 576/576/576 856/856/856
f 256/256/256 1665/1665/1665 257/257/257
f 2139/2139/2139 2151/2151/2151 2148/2148/2148
f 575/575/575 418/418/418 417/417/417
f 801/801/801 323/323/323 575/575/575
f 576/576/576 323/323/323 325/325/325
f 255/255/255 256/256/256 257/257/257
f 2132/2132/2132 255/255/255 2139/2139/2139
f 417/417/417 418/418/418 255/255/255
f 575/575/575 323/323/323 576/576/576
f 1545/1545/1545 530/530/530 1505/1505/1505
f 641/641/641 321/321/321 642/642/642
f 1531/1531/1531 1303/1303/1303 1196/1196/1196
f 982/982/982 642/642/642 1544/1544/1544
f 321/321/321 987/987/987 642/642/642
f 1531/1531/1531 642/642/642 1303/1303/1303
f 642/642/642 1531/1531/1531 1544/1544/1544
f 676/676/676 1505/1505/1505 392/392/392
f 1331/1331/1331 675/675/675 676/676/676
f 675/675/675 641/641/641 676/676/676
f 319/319/319 320/320/320 321/321/321
f 982/982/982 1545/1545/1545 1505/1505/1505
f 676/676/676 982/982/982 1505/1505/1505
f 675/675/675 319/319/319 641/641/641
f 642/642/642 1132/1132/1132 1303/1303/1303
f 641/641/641 982/982/982 676/676/676
f 392/392/392 1505/1505/1505 393/393/393
f 982/982/982 1544/1544/1544 1545/1545/1545
f 641/641/641 319/319/319 321/321/321
f 641/641/641 642/642/642 982/982/982
f 1331/1331/1331 1665/1665/1665 675/675/675
f 1505/1505/1505 530/530/530 393/393/393
f 1794/1794/1794 1804/1804/1804 1795/1795/1795
f 1800/1800/1800 1355/1355/1355 1636/1636/1636
f 1800/1800/1800 1636/1636/1636 1795/1795/1795
f 1799/1799/1799 1794/1794/1794 1793/1793/1793
f 1400/1400/1400 1799/1799/1799 1793/1793/1793
f 1794/1794/1794 1795/1795/1795 1285/1285/1285
f 1799/1799/1799 1764/1764/1764 1794/1794/1794
f 1820/1820/1820 1764/1764/1764 1799/1799/1799
f 1815/1815/1815 1821/1821/1821 1800/1800/1800
f 1794/1794/1794 1764/1764/1764 1804/1804/1804
f 1815/1815/1815 1802/1802/1802 1821/1821/1821
f 1793/1793/1793 1339/1339/1339 1400/1400/1400
f 1804/1804/1804 1808/1808/1808 1795/1795/1795
f 1808/1808/1808 1800/1800/1800 1795/1795/1795
f 1800/1800/1800 1821/1821/1821 1356/1356/1356
f 1820/1820/1820 1757/1757/1757 1764/1764/1764
f 1355/1355/1355 1800/1800/1800 1356/1356/1356
f 1808/1808/1808 1815/1815/1815 1800/1800/1800
f 1804/1804/1804 1791/1791/1791 1808/1808/1808
f 1764/1764/1764 1791/1791/1791 1804/1804/1804
f 1793/1793/1793 1794/1794/1794 1287/1287/1287
f 1795/1795/1795 1286/1286/1286 1285/1285/1285
f 1795/1795/1795 1636/1636/1636 1286/1286/1286
f 1350/1350/1350 1987/1987/1987 2396/2396/2396
f 2408/2408/2408 2414/2414/2414 2410/2410/2410
f 2405/2405/2405 2414/2414/2414 2408/2408/2408
f 1822/1822/1822 2390/2390/2390 1942/1942/1942
f 1666/1666/1666 1346/1346/1346 2403/2403/2403
f 2247/2247/2247 1350/1350/1350 2396/2396/2396
f 1987/1987/1987 1942/1942/1942 2390/2390/2390
f 2403/2403/2403 2410/2410/2410 1666/1666/1666
f 2162/2162/2162 2418/2418/2418 2390/2390/2390
f 1942/1942/1942 1350/1350/1350 1356/1356/1356
f 1821/1821/1821 1942/1942/1942 1356/1356/1356
f 1346/1346/1346 77/77/77 2401/2401/2401
f 2391/2391/2391 2390/2390/2390 2405/2405/2405
f 77/77/77 2396/2396/2396 2401/2401/2401
f 2423/2423/2423 2414/2414/2414 2418/2418/2418
f 2390/2390/2390 2418/2418/2418 2405/2405/2405
f 1987/1987/1987 2390/2390/2390 2391/2391/2391
f 2162/2162/2162 2423/2423/2423 2418/2418/2418
f 2403/2403/2403 1346/1346/1346 2401/2401/2401
f 2418/2418/2418 2414/2414/2414 2405/2405/2405
f 2408/2408/2408 2410/2410/2410 2403/2403/2403
f 1942/1942/1942 1987/1987/1987 1350/1350/1350
f 2247/2247/2247 2396/2396/2396 1197/1197/1197
f 2396/2396/2396 1987/1987/1987 2391/2391/2391
f 2391/2391/2391 2405/2405/2405 2396/2396/2396
f 2401/2401/2401 2408/2408/2408 2403/2403/2403
f 2405/2405/2405 2408/2408/2408 2401/2401/2401
f 2396/2396/2396 2405/2405/2405 2401/2401/2401
f 1821/1821/1821 1822/1822/1822 1942/1942/1942
f 2432/2432/2432 2419/2419/2419 2423/2423/2423
f 2414/2414/2414 2419/2419/2419 2410/2410/2410
f 2419/2419/2419 2432/2432/2432 1843/1843/1843
f 2423/2423/2423 2419/2419/2419 2414/2414/2414
f 2410/2410/2410 2413/2413/2413 1666/1666/1666
f 2420/2420/2420 1845/1845/1845 2410/2410/2410
f 1843/1843/1843 1491/1491/1491 2351/2351/2351
f 2351/2351/2351 1491/1491/1491 1766/1766/1766
f 2410/2410/2410 2419/2419/2419 2420/2420/2420
f 2419/2419/2419 2351/2351/2351 2420/2420/2420
f 2420/2420/2420 2351/2351/2351 1766/1766/1766
f 1845/1845/1845 2413/2413/2413 2410/2410/2410
f 2419/2419/2419 1843/1843/1843 2351/2351/2351
f 745/745/745 1376/1376/1376 302/302/302
f 745/745/745 302/302/302 78/78/78
f 1845/1845/1845 1765/1765/1765 795/795/795
f 1786/1786/1786 1377/1377/1377 1833/1833/1833
f 78/78/78 794/794/794 745/745/745
f 2396/2396/2396 77/77/77 1197/1197/1197
f 77/77/77 78/78/78 79/79/79
f 793/793/793 1765/1765/1765 1833/1833/1833
f 77/77/77 1605/1605/1605 1197/1197/1197
f 795/795/795 1765/1765/1765 793/793/793
f 77/77/77 1346/1346/1346 78/78/78
f 79/79/79 78/78/78 656/656/656
f 322/322/322 656/656/656 1358/1358/1358
f 794/794/794 793/793/793 745/745/745
f 1833/1833/1833 1377/1377/1377 1376/1376/1376
f 1376/1376/1376 303/303/303 302/302/302
f 793/793/793 794/794/794 795/795/795
f 1605/1605/1605 145/145/145 144/144/144
f 795/795/795 794/794/794 1346/1346/1346
f 1666/1666/1666 795/795/795 1346/1346/1346
f 795/795/795 1666/1666/1666 2413/2413/2413
f 1765/1765/1765 1786/1786/1786 1833/1833/1833
f 1357/1357/1357 656/656/656 322/322/322
f 2413/2413/2413 1845/1845/1845 795/795/795
f 1833/1833/1833 1376/1376/1376 793/793/793
f 79/79/79 145/145/145 1605/1605/1605
f 79/79/79 656/656/656 1357/1357/1357
f 77/77/77 79/79/79 1605/1605/1605
f 79/79/79 1357/1357/1357 145/145/145
f 78/78/78 302/302/302 656/656/656
f 793/793/793 1376/1376/1376 745/745/745
f 1346/1346/1346 794/794/794 78/78/78
f 1197/1197/1197 1605/1605/1605 144/144/144
f 1745/1745/1745 1749/1749/1749 1786/1786/1786
f 2420/2420/2420 1766/1766/1766 1758/1758/1758
f 1747/1747/1747 1745/1745/1745 1758/1758/1758
f 1758/1758/1758 1765/1765/1765 1845/1845/1845
f 1758/1758/1758 1766/1766/1766 1747/1747/1747
f 1748/1748/1748 1749/1749/1749 1744/1744/1744
f 1491/1491/1491 200/200/200 1492/1492/1492
f 147/147/147 149/149/149 1744/1744/1744
f 1758/1758/1758 1745/1745/1745 1765/1765/1765
f 1743/1743/1743 1747/1747/1747 1766/1766/1766
f 1747/1747/1747 1743/1743/1743 1745/1745/1745
f 2420/2420/2420 1758/1758/1758 1845/1845/1845
f 161/161/161 1744/1744/1744 1743/1743/1743
f 147/147/147 161/161/161 148/148/148
f 147/147/147 148/148/148 149/149/149
f 1492/1492/1492 161/161/161 1491/1491/1491
f 1744/1744/1744 1749/1749/1749 1745/1745/1745
f 1743/1743/1743 1766/1766/1766 1491/1491/1491
f 1743/1743/1743 1744/1744/1744 1745/1745/1745
f 1765/1765/1765 1745/1745/1745 1786/1786/1786
f 161/161/161 1743/1743/1743 1491/1491/1491
f 147/147/147 1744/1744/1744 161/161/161
f 1808/1808/1808 1802/1802/1802 1815/1815/1815
f 368/368/368 1693/1693/1693 1760/1760/1760
f 1712/1712/1712 287/287/287 1802/1802/1802
f 260/260/260 261/261/261 262/262/262
f 1760/1760/1760 1764/1764/1764 1757/1757/1757
f 1802/1802/1802 1822/1822/1822 1821/1821/1821
f 260/260/260 262/262/262 1693/1693/1693
f 287/287/287 1712/1712/1712 261/261/261
f 346/346/346 1693/1693/1693 368/368/368
f 1693/1693/1693 262/262/262 1760/1760/1760
f 1764/1764/1764 1760/1760/1760 1791/1791/1791
f 368/368/368 1760/1760/1760 1757/1757/1757
f 1791/1791/1791 1712/1712/1712 1808/1808/1808
f 285/285/285 261/261/261 260/260/260
f 1808/1808/1808 1712/1712/1712 1802/1802/1802
f 262/262/262 1791/1791/1791 1760/1760/1760
f 1802/1802/1802 287/287/287 2162/2162/2162
f 261/261/261 286/286/286 287/287/287
f 262/262/262 261/261/261 1712/1712/1712
f 1791/1791/1791 262/262/262 1712/1712/1712
f 1291/1291/1291 2423/2423/2423 2162/2162/2162
f 1034/1034/1034 1015/1015/1015 1480/1480/1480
f 286/286/286 288/288/288 287/287/287
f 2162/2162/2162 287/287/287 1291/1291/1291
f 2162/2162/2162 2390/2390/2390 1822/1822/1822
f 1480/1480/1480 230/230/230 229/229/229
f 1034/1034/1034 2437/2437/2437 1005/1005/1005
f 2432/2432/2432 2423/2423/2423 1291/1291/1291
f 2437/2437/2437 2432/2432/2432 1291/1291/1291
f 1005/1005/1005 2437/2437/2437 1291/1291/1291
f 2432/2432/2432 229/229/229 1843/1843/1843
f 1291/1291/1291 288/288/288 1005/1005/1005
f 2437/2437/2437 1480/1480/1480 2432/2432/2432
f 288/288/288 1291/1291/1291 287/287/287
f 1480/1480/1480 1015/1015/1015 1014/1014/1014
f 1802/1802/1802 2162/2162/2162 1822/1822/1822
f 1034/1034/1034 1480/1480/1480 2437/2437/2437
f 2432/2432/2432 1480/1480/1480 229/229/229
f 366/366/366 398/398/398 348/348/348
f 439/439/439 431/431/431 397/397/397
f 347/347/347 366/366/366 348/348/348
f 558/558/558 512/512/512 498/498/498
f 439/439/439 454/454/454 431/431/431
f 439/439/439 498/498/498 454/454/454
f 512/512/512 466/466/466 454/454/454
f 397/397/397 431/431/431 366/366/366
f 368/368/368 366/366/366 347/347/347
f 557/557/557 558/558/558 498/498/498
f 366/366/366 431/431/431 398/398/398
f 466/466/466 432/432/432 431/431/431
f 454/454/454 466/466/466 431/431/431
f 557/557/557 559/559/559 558/558/558
f 512/512/512 558/558/558 559/559/559
f 431/431/431 432/432/432 398/398/398
f 347/347/347 346/346/346 368/368/368
f 512/512/512 454/454/454 498/498/498
f 346/346/346 347/347/347 348/348/348
f 285/285/285 309/309/309 261/261/261
f 309/309/309 286/286/286 261/261/261
f 467/467/467 434/434/434 412/412/412
f 1693/1693/1693 346/346/346 260/260/260
f 412/412/412 309/309/309 399/399/399
f 411/411/411 399/399/399 369/369/369
f 399/399/399 309/309/309 369/369/369
f 467/467/467 412/412/412 399/399/399
f 466/466/466 440/440/440 411/411/411
f 398/398/398 432/432/432 411/411/411
f 399/399/399 499/499/499 467/467/467
f 398/398/398 411/411/411 348/348/348
f 369/369/369 309/309/309 285/285/285
f 369/369/369 285/285/285 346/346/346
f 260/260/260 346/346/346 285/285/285
f 411/411/411 369/369/369 348/348/348
f 369/369/369 346/346/346 348/348/348
f 440/440/440 499/499/499 399/399/399
f 411/411/411 440/440/440 399/399/399
f 538/538/538 580/580/580 539/539/539
f 581/581/581 571/571/571 551/551/551
f 539/539/539 581/581/581 551/551/551
f 538/538/538 539/539/539 499/499/499
f 580/580/580 581/581/581 539/539/539
f 440/440/440 538/538/538 499/499/499
f 512/512/512 538/538/538 440/440/440
f 580/580/580 538/538/538 559/559/559
f 467/467/467 551/551/551 482/482/482
f 551/551/551 467/467/467 539/539/539
f 466/466/466 512/512/512 440/440/440
f 581/581/581 594/594/594 571/571/571
f 539/539/539 467/467/467 499/499/499
f 559/559/559 538/538/538 512/512/512
f 432/432/432 466/466/466 411/411/411
f 1067/1067/1067 1033/1033/1033 1005/1005/1005
f 434/434/434 413/413/413 412/412/412
f 1033/1033/1033 1015/1015/1015 1034/1034/1034
f 413/413/413 1067/1067/1067 1005/1005/1005
f 482/482/482 540/540/540 434/434/434
f 500/500/500 1105/1105/1105 441/441/441
f 1067/1067/1067 441/441/441 1084/1084/1084
f 595/595/595 541/541/541 540/540/540
f 551/551/551 571/571/571 540/540/540
f 594/594/594 540/540/540 571/571/571
f 540/540/540 541/541/541 500/500/500
f 288/288/288 286/286/286 413/413/413
f 434/434/434 540/540/540 500/500/500
f 594/594/594 595/595/595 540/540/540
f 286/286/286 309/309/309 413/413/413
f 482/482/482 434/434/434 467/467/467
f 434/434/434 500/500/500 441/441/441
f 1033/1033/1033 1034/1034/1034 1005/1005/1005
f 412/412/412 413/413/413 309/309/309
f 1033/1033/1033 1035/1035/1035 1015/1015/1015
f 1035/1035/1035 1033/1033/1033 1067/1067/1067
f 413/413/413 1005/1005/1005 288/288/288
f 551/551/551 540/540/540 482/482/482
f 413/413/413 434/434/434 441/441/441
f 413/413/413 441/441/441 1067/1067/1067
f 1053/1053/1053 1086/1086/1086 1046/1046/1046
f 1093/1093/1093 1086/1086/1086 1053/1053/1053
f 1085/1085/1085 1093/1093/1093 1053/1053/1053
f 1053/1053/1053 1046/1046/1046 1022/1022/1022
f 441/441/441 1105/1105/1105 1084/1084/1084
f 1084/1084/1084 1105/1105/1105 1085/1085/1085
f 1067/1067/1067 1084/1084/1084 1035/1035/1035
f 1084/1084/1084 1021/1021/1021 1035/1035/1035
f 1085/1085/1085 1053/1053/1053 1021/1021/1021
f 1084/1084/1084 1085/1085/1085 1021/1021/1021
f 541/541/541 610/610/610 611/611/611
f 1205/1205/1205 611/611/611 610/610/610
f 1110/1110/1110 1086/1086/1086 1093/1093/1093
f 1186/1186/1186 1198/1198/1198 1187/1187/1187
f 1105/1105/1105 1118/1118/1118 1085/1085/1085
f 1118/1118/1118 1119/1119/1119 1085/1085/1085
f 500/500/500 541/541/541 611/611/611
f 1085/1085/1085 1119/1119/1119 1093/1093/1093
f 1127/1127/1127 1145/1145/1145 1120/1120/1120
f 1163/1163/1163 1186/1186/1186 1145/1145/1145
f 611/611/611 1163/1163/1163 1157/1157/1157
f 1127/1127/1127 1163/1163/1163 1145/1145/1145
f 1157/1157/1157 1118/1118/1118 1105/1105/1105
f 1127/1127/1127 1093/1093/1093 1119/1119/1119
f 1093/1093/1093 1127/1127/1127 1110/1110/1110
f 1110/1110/1110 1120/1120/1120 1086/1086/1086
f 500/500/500 1157/1157/1157 1105/1105/1105
f 1163/1163/1163 1119/1119/1119 1157/1157/1157
f 1163/1163/1163 1127/1127/1127 1119/1119/1119
f 1186/1186/1186 1187/1187/1187 1145/1145/1145
f 1127/1127/1127 1120/1120/1120 1110/1110/1110
f 1157/1157/1157 1119/1119/1119 1118/1118/1118
f 1163/1163/1163 1205/1205/1205 1186/1186/1186
f 611/611/611 1157/1157/1157 500/500/500
f 1205/1205/1205 1198/1198/1198 1186/1186/1186
f 611/611/611 1205/1205/1205 1163/1163/1163
f 201/201/201 181/181/181 161/161/161
f 229/229/229 200/200/200 1843/1843/1843
f 298/298/298 227/227/227 299/299/299
f 227/227/227 202/202/202 181/181/181
f 263/263/263 1014/1014/1014 1010/1010/1010
f 200/200/200 229/229/229 218/218/218
f 201/201/201 227/227/227 181/181/181
f 227/227/227 1010/1010/1010 299/299/299
f 1843/1843/1843 200/200/200 1491/1491/1491
f 200/200/200 201/201/201 161/161/161
f 181/181/181 148/148/148 161/161/161
f 200/200/200 161/161/161 1492/1492/1492
f 229/229/229 230/230/230 218/218/218
f 227/227/227 263/263/263 1010/1010/1010
f 263/263/263 227/227/227 218/218/218
f 263/263/263 218/218/218 230/230/230
f 227/227/227 298/298/298 202/202/202
f 1014/1014/1014 263/263/263 230/230/230
f 218/218/218 227/227/227 201/201/201
f 1480/1480/1480 1014/1014/1014 230/230/230
f 200/200/200 218/218/218 201/201/201
f 1017/1017/1017 1022/1022/1022 995/995/995
f 1017/1017/1017 1021/1021/1021 1053/1053/1053
f 1013/1013/1013 1014/1014/1014 1015/1015/1015
f 1013/1013/1013 1010/1010/1010 1014/1014/1014
f 1035/1035/1035 1013/1013/1013 1015/1015/1015
f 299/299/299 995/995/995 298/298/298
f 1010/1010/1010 995/995/995 299/299/299
f 1021/1021/1021 1010/1010/1010 1013/1013/1013
f 1017/1017/1017 995/995/995 1010/1010/1010
f 1021/1021/1021 1013/1013/1013 1035/1035/1035
f 1017/1017/1017 1053/1053/1053 1022/1022/1022
f 1021/1021/1021 1017/1017/1017 1010/1010/1010
f 995/995/995 1022/1022/1022 298/298/298
f 1622/1622/1622 1362/1362/1362 419/419/419
f 1358/1358/1358 656/656/656 1360/1360/1360
f 304/304/304 1362/1362/1362 1622/1622/1622
f 1360/1360/1360 304/304/304 69/69/69
f 421/421/421 118/118/118 171/171/171
f 656/656/656 304/304/304 1360/1360/1360
f 656/656/656 302/302/302 304/304/304
f 1335/1335/1335 1812/1812/1812 1514/1514/1514
f 1335/1335/1335 1514/1514/1514 1336/1336/1336
f 303/303/303 1337/1337/1337 1439/1439/1439
f 303/303/303 1376/1376/1376 1377/1377/1377
f 69/69/69 304/304/304 1622/1622/1622
f 419/419/419 1443/1443/1443 1201/1201/1201
f 1335/1335/1335 1336/1336/1336 1337/1337/1337
f 1377/1377/1377 1337/1337/1337 303/303/303
f 1336/1336/1336 1514/1514/1514 603/603/603
f 1438/1438/1438 1443/1443/1443 419/419/419
f 304/304/304 303/303/303 1362/1362/1362
f 1759/1759/1759 1776/1776/1776 1377/1377/1377
f 1439/1439/1439 1337/1337/1337 1336/1336/1336
f 1776/1776/1776 1335/1335/1335 1337/1337/1337
f 69/69/69 1622/1622/1622 419/419/419
f 1786/1786/1786 1759/1759/1759 1377/1377/1377
f 1438/1438/1438 1336/1336/1336 1443/1443/1443
f 1776/1776/1776 1337/1337/1337 1377/1377/1377
f 1362/1362/1362 1438/1438/1438 419/419/419
f 302/302/302 303/303/303 304/304/304
f 1443/1443/1443 1336/1336/1336 603/603/603
f 1438/1438/1438 1439/1439/1439 1336/1336/1336
f 1362/1362/1362 1439/1439/1439 1438/1438/1438
f 1741/1741/1741 1812/1812/1812 1818/1818/1818
f 1721/1721/1721 151/151/151 164/164/164
f 1812/1812/1812 1741/1741/1741 97/97/97
f 1818/1818/1818 1335/1335/1335 1776/1776/1776
f 97/97/97 1741/1741/1741 155/155/155
f 1749/1749/1749 1759/1759/1759 1786/1786/1786
f 1721/1721/1721 1740/1740/1740 1776/1776/1776
f 1721/1721/1721 1776/1776/1776 1759/1759/1759
f 1818/1818/1818 1812/1812/1812 1335/1335/1335
f 1748/1748/1748 1721/1721/1721 1749/1749/1749
f 1721/1721/1721 1759/1759/1759 1749/1749/1749
f 162/162/162 164/164/164 151/151/151
f 149/149/149 1748/1748/1748 1744/1744/1744
f 149/149/149 151/151/151 1721/1721/1721
f 150/150/150 182/182/182 151/151/151
f 1721/1721/1721 164/164/164 1740/1740/1740
f 182/182/182 162/162/162 151/151/151
f 162/162/162 163/163/163 164/164/164
f 1818/1818/1818 1740/1740/1740 1741/1741/1741
f 150/150/150 151/151/151 149/149/149
f 1748/1748/1748 149/149/149 1721/1721/1721
f 148/148/148 150/150/150 149/149/149
f 1776/1776/1776 1740/1740/1740 1818/1818/1818
f 1741/1741/1741 163/163/163 155/155/155
f 164/164/164 163/163/163 1741/1741/1741
f 1740/1740/1740 164/164/164 1741/1741/1741
f 303/303/303 1439/1439/1439 1362/1362/1362
f 1091/1091/1091 1113/1113/1113 810/810/810
f 1091/1091/1091 810/810/810 1089/1089/1089
f 1060/1060/1060 1088/1088/1088 1069/1069/1069
f 182/182/182 228/228/228 195/195/195
f 195/195/195 220/220/220 163/163/163
f 203/203/203 228/228/228 182/182/182
f 203/203/203 984/984/984 228/228/228
f 219/219/219 163/163/163 220/220/220
f 150/150/150 202/202/202 203/203/203
f 150/150/150 203/203/203 182/182/182
f 181/181/181 150/150/150 148/148/148
f 155/155/155 163/163/163 219/219/219
f 181/181/181 202/202/202 150/150/150
f 182/182/182 195/195/195 162/162/162
f 195/195/195 163/163/163 162/162/162
f 202/202/202 984/984/984 203/203/203
f 267/267/267 357/357/357 195/195/195
f 1089/1089/1089 810/810/810 1036/1036/1036
f 267/267/267 356/356/356 357/357/357
f 1011/1011/1011 1036/1036/1036 356/356/356
f 1022/1022/1022 1046/1046/1046 1011/1011/1011
f 991/991/991 1011/1011/1011 356/356/356
f 1011/1011/1011 1060/1060/1060 1036/1036/1036
f 1069/1069/1069 1089/1089/1089 1036/1036/1036
f 1060/1060/1060 1069/1069/1069 1036/1036/1036
f 202/202/202 298/298/298 991/991/991
f 1087/1087/1087 1088/1088/1088 1060/1060/1060
f 298/298/298 1022/1022/1022 1011/1011/1011
f 298/298/298 1011/1011/1011 991/991/991
f 984/984/984 267/267/267 228/228/228
f 991/991/991 984/984/984 202/202/202
f 1046/1046/1046 1087/1087/1087 1060/1060/1060
f 228/228/228 267/267/267 195/195/195
f 1086/1086/1086 1087/1087/1087 1046/1046/1046
f 220/220/220 195/195/195 357/357/357
f 984/984/984 356/356/356 267/267/267
f 356/356/356 810/810/810 357/357/357
f 1036/1036/1036 810/810/810 356/356/356
f 1046/1046/1046 1060/1060/1060 1011/1011/1011
f 991/991/991 356/356/356 984/984/984
f 1122/1122/1122 1123/1123/1123 1088/1088/1088
f 1111/1111/1111 1138/1138/1138 1124/1124/1124
f 1069/1069/1069 1123/1123/1123 1111/1111/1111
f 1123/1123/1123 1069/1069/1069 1088/1088/1088
f 1111/1111/1111 1089/1089/1089 1069/1069/1069
f 1111/1111/1111 1112/1112/1112 1089/1089/1089
f 1112/1112/1112 1091/1091/1091 1089/1089/1089
f 1124/1124/1124 1091/1091/1091 1112/1112/1112
f 1091/1091/1091 1124/1124/1124 1113/1113/1113
f 1122/1122/1122 1088/1088/1088 1087/1087/1087
f 1123/1123/1123 1122/1122/1122 1111/1111/1111
f 1122/1122/1122 1087/1087/1087 1121/1121/1121
f 1111/1111/1111 1124/1124/1124 1112/1112/1112
f 1120/1120/1120 1121/1121/1121 1086/1086/1086
f 1121/1121/1121 1087/1087/1087 1086/1086/1086
f 1531/1531/1531 1196/1196/1196 1164/1164/1164
f 1531/1531/1531 1158/1158/1158 1176/1176/1176
f 1544/1544/1544 1176/1176/1176 1545/1545/1545
f 1544/1544/1544 1531/1531/1531 1176/1176/1176
f 1145/1145/1145 1187/1187/1187 1137/1137/1137
f 1158/1158/1158 1164/1164/1164 1138/1138/1138
f 1138/1138/1138 1164/1164/1164 1146/1146/1146
f 1158/1158/1158 1138/1138/1138 1111/1111/1111
f 1145/1145/1145 1137/1137/1137 1120/1120/1120
f 1176/1176/1176 530/530/530 1545/1545/1545
f 1198/1198/1198 531/531/531 1187/1187/1187
f 1122/1122/1122 1158/1158/1158 1111/1111/1111
f 1138/1138/1138 1146/1146/1146 1124/1124/1124
f 1137/1137/1137 530/530/530 1176/1176/1176
f 1122/1122/1122 1176/1176/1176 1158/1158/1158
f 393/393/393 530/530/530 531/531/531
f 1531/1531/1531 1164/1164/1164 1158/1158/1158
f 1187/1187/1187 530/530/530 1137/1137/1137
f 1137/1137/1137 1176/1176/1176 1122/1122/1122
f 1187/1187/1187 531/531/531 530/530/530
f 1120/1120/1120 1122/1122/1122 1121/1121/1121
f 1120/1120/1120 1137/1137/1137 1122/1122/1122
f 1874/1874/1874 1103/1103/1103 478/478/478
f 1873/1873/1873 1874/1874/1874 478/478/478
f 617/617/617 616/616/616 311/311/311
f 28/28/28 616/616/616 617/617/617
f 311/311/311 343/343/343 1338/1338/1338
f 29/29/29 617/617/617 311/311/311
f 1103/1103/1103 1767/1767/1767 1104/1104/1104
f 1873/1873/1873 478/478/478 1880/1880/1880
f 616/616/616 28/28/28 478/478/478
f 616/616/616 343/343/343 311/311/311
f 343/343/343 616/616/616 1104/1104/1104
f 1103/1103/1103 616/616/616 478/478/478
f 1874/1874/1874 1767/1767/1767 1103/1103/1103
f 1104/1104/1104 344/344/344 343/343/343
f 1103/1103/1103 1104/1104/1104 616/616/616
f 1767/1767/1767 437/437/437 1258/1258/1258
f 343/343/343 345/345/345 657/657/657
f 344/344/344 1258/1258/1258 1284/1284/1284
f 1275/1275/1275 1501/1501/1501 663/663/663
f 1275/1275/1275 48/48/48 1501/1501/1501
f 1767/1767/1767 1258/1258/1258 344/344/344
f 1258/1258/1258 1848/1848/1848 231/231/231
f 657/657/657 345/345/345 663/663/663
f 344/344/344 1284/1284/1284 407/407/407
f 438/438/438 1867/1867/1867 436/436/436
f 436/436/436 437/437/437 438/438/438
f 1874/1874/1874 438/438/438 1767/1767/1767
f 345/345/345 1319/1319/1319 663/663/663
f 437/437/437 1767/1767/1767 438/438/438
f 1767/1767/1767 344/344/344 1104/1104/1104
f 231/231/231 233/233/233 1258/1258/1258
f 1284/1284/1284 233/233/233 407/407/407
f 344/344/344 407/407/407 345/345/345
f 1273/1273/1273 1319/1319/1319 233/233/233
f 1338/1338/1338 343/343/343 657/657/657
f 233/233/233 1319/1319/1319 407/407/407
f 343/343/343 344/344/344 345/345/345
f 438/438/438 1876/1876/1876 1867/1867/1867
f 1874/1874/1874 1873/1873/1873 438/438/438
f 1873/1873/1873 1876/1876/1876 438/438/438
f 233/233/233 1284/1284/1284 1258/1258/1258
f 407/407/407 1319/1319/1319 345/345/345
f 1319/1319/1319 1273/1273/1273 663/663/663
f 1848/1848/1848 1258/1258/1258 437/437/437
f 154/154/154 153/153/153 10/10/10
f 153/153/153 1609/1609/1609 1563/1563/1563
f 152/152/152 1869/1869/1869 1609/1609/1609
f 1870/1870/1870 1875/1875/1875 1869/1869/1869
f 153/153/153 1563/1563/1563 10/10/10
f 1609/1609/1609 153/153/153 152/152/152
f 154/154/154 12/12/12 830/830/830
f 1661/1661/1661 152/152/152 830/830/830
f 436/436/436 1662/1662/1662 1855/1855/1855
f 1662/1662/1662 1661/1661/1661 1615/1615/1615
f 154/154/154 10/10/10 12/12/12
f 1877/1877/1877 1610/1610/1610 1869/1869/1869
f 1875/1875/1875 1877/1877/1877 1869/1869/1869
f 1610/1610/1610 1609/1609/1609 1869/1869/1869
f 1867/1867/1867 1878/1878/1878 1870/1870/1870
f 1609/1609/1609 1610/1610/1610 1563/1563/1563
f 1870/1870/1870 1878/1878/1878 1875/1875/1875
f 1877/1877/1877 1685/1685/1685 1610/1610/1610
f 1869/1869/1869 1662/1662/1662 436/436/436
f 154/154/154 830/830/830 152/152/152
f 436/436/436 1867/1867/1867 1870/1870/1870
f 152/152/152 1662/1662/1662 1869/1869/1869
f 436/436/436 1870/1870/1870 1869/1869/1869
f 152/152/152 153/153/153 154/154/154
f 152/152/152 1661/1661/1661 1662/1662/1662
f 830/830/830 12/12/12 1560/1560/1560
f 1259/1259/1259 1848/1848/1848 1855/1855/1855
f 1615/1615/1615 1855/1855/1855 1662/1662/1662
f 1274/1274/1274 1260/1260/1260 1559/1559/1559
f 232/232/232 1274/1274/1274 1273/1273/1273
f 1259/1259/1259 1260/1260/1260 232/232/232
f 1260/1260/1260 1615/1615/1615 1559/1559/1559
f 1559/1559/1559 830/830/830 1560/1560/1560
f 1260/1260/1260 1259/1259/1259 1855/1855/1855
f 231/231/231 1848/1848/1848 1259/1259/1259
f 232/232/232 1260/1260/1260 1274/1274/1274
f 436/436/436 1855/1855/1855 437/437/437
f 232/232/232 231/231/231 1259/1259/1259
f 1855/1855/1855 1615/1615/1615 1260/1260/1260
f 1273/1273/1273 1275/1275/1275 663/663/663
f 12/12/12 1558/1558/1558 48/48/48
f 1273/1273/1273 233/233/233 232/232/232
f 830/830/830 1615/1615/1615 1661/1661/1661
f 437/437/437 1855/1855/1855 1848/1848/1848
f 48/48/48 1275/1275/1275 1274/1274/1274
f 231/231/231 232/232/232 233/233/233
f 1615/1615/1615 830/830/830 1559/1559/1559
f 1560/1560/1560 12/12/12 48/48/48
f 1559/1559/1559 1560/1560/1560 1274/1274/1274
f 1273/1273/1273 1274/1274/1274 1275/1275/1275
f 1560/1560/1560 48/48/48 1274/1274/1274
f 27/27/27 28/28/28 29/29/29
f 744/744/744 1880/1880/1880 477/477/477
f 28/28/28 617/617/617 29/29/29
f 1879/1879/1879 1880/1880/1880 744/744/744
f 1879/1879/1879 1873/1873/1873 1880/1880/1880
f 29/29/29 311/311/311 310/310/310
f 27/27/27 29/29/29 310/310/310
f 477/477/477 28/28/28 743/743/743
f 310/310/310 311/311/311 312/312/312
f 477/477/477 1880/1880/1880 478/478/478
f 477/477/477 478/478/478 28/28/28
f 775/775/775 310/310/310 776/776/776
f 1894/1894/1894 1929/1929/1929 1885/1885/1885
f 648/648/648 570/570/570 776/776/776
f 570/570/570 27/27/27 775/775/775
f 27/27/27 310/310/310 775/775/775
f 648/648/648 776/776/776 1341/1341/1341
f 446/446/446 1526/1526/1526 1893/1893/1893
f 570/570/570 775/775/775 776/776/776
f 1525/1525/1525 1526/1526/1526 445/445/445
f 743/743/743 744/744/744 477/477/477
f 743/743/743 27/27/27 1893/1893/1893
f 743/743/743 28/28/28 27/27/27
f 1342/1342/1342 1341/1341/1341 776/776/776
f 569/569/569 1893/1893/1893 27/27/27
f 1160/1160/1160 446/446/446 1893/1893/1893
f 1525/1525/1525 1879/1879/1879 744/744/744
f 444/444/444 445/445/445 446/446/446
f 310/310/310 1342/1342/1342 776/776/776
f 312/312/312 1342/1342/1342 310/310/310
f 743/743/743 1526/1526/1526 744/744/744
f 1341/1341/1341 1342/1342/1342 1343/1343/1343
f 446/446/446 445/445/445 1526/1526/1526
f 1893/1893/1893 1526/1526/1526 743/743/743
f 1894/1894/1894 1879/1879/1879 1525/1525/1525
f 27/27/27 570/570/570 569/569/569
f 1894/1894/1894 1885/1885/1885 1879/1879/1879
f 445/445/445 1894/1894/1894 1525/1525/1525
f 1885/1885/1885 1929/1929/1929 1887/1887/1887
f 1886/1886/1886 1910/1910/1910 1639/1639/1639
f 1918/1918/1918 1932/1932/1932 1910/1910/1910
f 1918/1918/1918 1886/1886/1886 1881/1881/1881
f 1887/1887/1887 1918/1918/1918 1881/1881/1881
f 1910/1910/1910 1263/1263/1263 1639/1639/1639
f 1886/1886/1886 1639/1639/1639 1884/1884/1884
f 1325/1325/1325 135/135/135 1263/1263/1263
f 1910/1910/1910 1932/1932/1932 1926/1926/1926
f 1929/1929/1929 1918/1918/1918 1887/1887/1887
f 1918/1918/1918 1910/1910/1910 1886/1886/1886
f 1886/1886/1886 1884/1884/1884 1883/1883/1883
f 1878/1878/1878 1886/1886/1886 1883/1883/1883
f 1881/1881/1881 1886/1886/1886 1878/1878/1878
f 1926/1926/1926 1326/1326/1326 1263/1263/1263
f 1910/1910/1910 1926/1926/1926 1263/1263/1263
f 1344/1344/1344 116/116/116 1345/1345/1345
f 1885/1885/1885 1887/1887/1887 1876/1876/1876
f 1876/1876/1876 1887/1887/1887 1881/1881/1881
f 312/312/312 1344/1344/1344 1342/1342/1342
f 1343/1343/1343 1344/1344/1344 1345/1345/1345
f 1343/1343/1343 1342/1342/1342 1344/1344/1344
f 657/657/657 663/663/663 1361/1361/1361
f 1879/1879/1879 1885/1885/1885 1876/1876/1876
f 116/116/116 1556/1556/1556 1345/1345/1345
f 116/116/116 56/56/56 1556/1556/1556
f 1361/1361/1361 50/50/50 116/116/116
f 116/116/116 50/50/50 56/56/56
f 1867/1867/1867 1881/1881/1881 1878/1878/1878
f 1876/1876/1876 1881/1881/1881 1867/1867/1867
f 1873/1873/1873 1879/1879/1879 1876/1876/1876
f 1361/1361/1361 116/116/116 1344/1344/1344
f 42/42/42 622/622/622 54/54/54
f 1338/1338/1338 657/657/657 312/312/312
f 1361/1361/1361 1344/1344/1344 312/312/312
f 1338/1338/1338 312/312/312 311/311/311
f 54/54/54 622/622/622 56/56/56
f 1501/1501/1501 50/50/50 1361/1361/1361
f 657/657/657 1361/1361/1361 312/312/312
f 663/663/663 1501/1501/1501 1361/1361/1361
f 1526/1526/1526 1525/1525/1525 744/744/744
f 1563/1563/1563 1461/1461/1461 1460/1460/1460
f 10/10/10 1563/1563/1563 107/107/107
f 1685/1685/1685 1461/1461/1461 1563/1563/1563
f 1563/1563/1563 1460/1460/1460 107/107/107
f 107/107/107 1460/1460/1460 1263/1263/1263
f 1461/1461/1461 1685/1685/1685 1884/1884/1884
f 1639/1639/1639 1263/1263/1263 1461/1461/1461
f 1263/1263/1263 1264/1264/1264 107/107/107
f 1563/1563/1563 1610/1610/1610 1685/1685/1685
f 1639/1639/1639 1461/1461/1461 1884/1884/1884
f 1460/1460/1460 1461/1461/1461 1263/1263/1263
f 43/43/43 1264/1264/1264 135/135/135
f 1875/1875/1875 1883/1883/1883 1877/1877/1877
f 1877/1877/1877 1883/1883/1883 1685/1685/1685
f 135/135/135 1264/1264/1264 1263/1263/1263
f 107/107/107 1264/1264/1264 43/43/43
f 1878/1878/1878 1883/1883/1883 1875/1875/1875
f 1883/1883/1883 1884/1884/1884 1685/1685/1685
f 55/55/55 43/43/43 42/42/42
f 49/49/49 57/57/57 56/56/56
f 10/10/10 107/107/107 11/11/11
f 56/56/56 57/57/57 54/54/54
f 1558/1558/1558 49/49/49 48/48/48
f 1558/1558/1558 57/57/57 49/49/49
f 54/54/54 55/55/55 42/42/42
f 48/48/48 49/49/49 50/50/50
f 11/11/11 1558/1558/1558 12/12/12
f 107/107/107 43/43/43 55/55/55
f 11/11/11 107/107/107 55/55/55
f 11/11/11 57/57/57 1558/1558/1558
f 50/50/50 49/49/49 56/56/56
f 57/57/57 11/11/11 55/55/55
f 1501/1501/1501 48/48/48 50/50/50
f 10/10/10 11/11/11 12/12/12
f 57/57/57 55/55/55 54/54/54
f 2018/2018/2018 2039/2039/2039 2009/2009/2009
f 1918/1918/1918 1945/1945/1945 1932/1932/1932
f 1932/1932/1932 1326/1326/1326 1926/1926/1926
f 1326/1326/1326 1619/1619/1619 1324/1324/1324
f 1720/1720/1720 1619/1619/1619 1719/1719/1719
f 2013/2013/2013 1720/1720/1720 1719/1719/1719
f 2016/2016/2016 2013/2013/2013 1996/1996/1996
f 2016/2016/2016 1951/1951/1951 2007/2007/2007
f 1619/1619/1619 1326/1326/1326 1719/1719/1719
f 1988/1988/1988 2016/2016/2016 1996/1996/1996
f 135/135/135 1325/1325/1325 1324/1324/1324
f 1951/1951/1951 2016/2016/2016 1988/1988/1988
f 1324/1324/1324 1325/1325/1325 1326/1326/1326
f 1945/1945/1945 1967/1967/1967 1932/1932/1932
f 1973/1973/1973 1719/1719/1719 1932/1932/1932
f 1967/1967/1967 1973/1973/1973 1932/1932/1932
f 1932/1932/1932 1719/1719/1719 1326/1326/1326
f 1960/1960/1960 1967/1967/1967 1945/1945/1945
f 1988/1988/1988 1959/1959/1959 1951/1951/1951
f 1988/1988/1988 1967/1967/1967 1960/1960/1960
f 1988/1988/1988 1996/1996/1996 1967/1967/1967
f 1996/1996/1996 2013/2013/2013 1719/1719/1719
f 1967/1967/1967 1996/1996/1996 1973/1973/1973
f 1977/1977/1977 2007/2007/2007 1951/1951/1951
f 1719/1719/1719 1973/1973/1973 1996/1996/1996
f 1263/1263/1263 1326/1326/1326 1325/1325/1325
f 2087/2087/2087 1739/1739/1739 2064/2064/2064
f 2016/2016/2016 2035/2035/2035 2013/2013/2013
f 2035/2035/2035 2016/2016/2016 2007/2007/2007
f 127/127/127 1720/1720/1720 1739/1739/1739
f 1311/1311/1311 87/87/87 128/128/128
f 1312/1312/1312 1311/1311/1311 2087/2087/2087
f 306/306/306 1312/1312/1312 905/905/905
f 905/905/905 1312/1312/1312 2087/2087/2087
f 128/128/128 1739/1739/1739 1311/1311/1311
f 1739/1739/1739 2035/2035/2035 2064/2064/2064
f 1310/1310/1310 1311/1311/1311 1312/1312/1312
f 2007/2007/2007 2064/2064/2064 2035/2035/2035
f 2050/2050/2050 2064/2064/2064 2007/2007/2007
f 1720/1720/1720 127/127/127 1619/1619/1619
f 2035/2035/2035 1739/1739/1739 1720/1720/1720
f 1311/1311/1311 1739/1739/1739 2087/2087/2087
f 2013/2013/2013 2035/2035/2035 1720/1720/1720
f 1588/1588/1588 852/852/852 690/690/690
f 96/96/96 97/97/97 98/98/98
f 850/850/850 851/851/851 852/852/852
f 689/689/689 690/690/690 691/691/691
f 852/852/852 1588/1588/1588 620/620/620
f 1812/1812/1812 96/96/96 1514/1514/1514
f 852/852/852 851/851/851 691/691/691
f 690/690/690 852/852/852 691/691/691
f 852/852/852 620/620/620 619/619/619
f 96/96/96 98/98/98 691/691/691
f 851/851/851 96/96/96 691/691/691
f 97/97/97 96/96/96 1812/1812/1812
f 620/620/620 1312/1312/1312 306/306/306
f 850/850/850 619/619/619 604/604/604
f 852/852/852 619/619/619 850/850/850
f 1310/1310/1310 620/620/620 1588/1588/1588
f 689/689/689 691/691/691 98/98/98
f 619/619/619 620/620/620 305/305/305
f 1514/1514/1514 96/96/96 851/851/851
f 1312/1312/1312 620/620/620 1310/1310/1310
f 690/690/690 689/689/689 102/102/102
f 110/110/110 98/98/98 97/97/97
f 573/573/573 110/110/110 156/156/156
f 97/97/97 155/155/155 156/156/156
f 109/109/109 110/110/110 573/573/573
f 88/88/88 1588/1588/1588 102/102/102
f 573/573/573 156/156/156 574/574/574
f 88/88/88 103/103/103 1568/1568/1568
f 103/103/103 109/109/109 573/573/573
f 110/110/110 97/97/97 156/156/156
f 103/103/103 102/102/102 109/109/109
f 1588/1588/1588 690/690/690 102/102/102
f 88/88/88 102/102/102 103/103/103
f 87/87/87 88/88/88 89/89/89
f 1588/1588/1588 88/88/88 87/87/87
f 109/109/109 98/98/98 110/110/110
f 1588/1588/1588 87/87/87 1311/1311/1311
f 574/574/574 155/155/155 219/219/219
f 103/103/103 573/573/573 1569/1569/1569
f 574/574/574 156/156/156 155/155/155
f 1310/1310/1310 1588/1588/1588 1311/1311/1311
f 102/102/102 689/689/689 109/109/109
f 689/689/689 98/98/98 109/109/109
f 565/565/565 564/564/564 1379/1379/1379
f 1961/1961/1961 1960/1960/1960 1894/1894/1894
f 789/789/789 648/648/648 1341/1341/1341
f 563/563/563 564/564/564 565/565/565
f 565/565/565 471/471/471 247/247/247
f 1961/1961/1961 1894/1894/1894 1959/1959/1959
f 1959/1959/1959 1894/1894/1894 445/445/445
f 1951/1951/1951 1959/1959/1959 445/445/445
f 247/247/247 563/563/563 565/565/565
f 47/47/47 192/192/192 1379/1379/1379
f 789/789/789 247/247/247 246/246/246
f 446/446/446 1958/1958/1958 1951/1951/1951
f 247/247/247 789/789/789 563/563/563
f 1958/1958/1958 1977/1977/1977 1951/1951/1951
f 789/789/789 246/246/246 648/648/648
f 1959/1959/1959 1988/1988/1988 1961/1961/1961
f 789/789/789 1343/1343/1343 563/563/563
f 565/565/565 1379/1379/1379 471/471/471
f 1961/1961/1961 1988/1988/1988 1960/1960/1960
f 1341/1341/1341 1343/1343/1343 789/789/789
f 444/444/444 1951/1951/1951 445/445/445
f 446/446/446 1951/1951/1951 444/444/444
f 1379/1379/1379 472/472/472 471/471/471
f 115/115/115 58/58/58 60/60/60
f 43/43/43 135/135/135 61/61/61
f 1929/1929/1929 1945/1945/1945 1918/1918/1918
f 622/622/622 44/44/44 1603/1603/1603
f 167/167/167 135/135/135 1324/1324/1324
f 167/167/167 1619/1619/1619 125/125/125
f 61/61/61 135/135/135 167/167/167
f 115/115/115 60/60/60 46/46/46
f 1619/1619/1619 167/167/167 1324/1324/1324
f 61/61/61 125/125/125 59/59/59
f 622/622/622 1603/1603/1603 56/56/56
f 1960/1960/1960 1945/1945/1945 1929/1929/1929
f 44/44/44 61/61/61 59/59/59
f 44/44/44 43/43/43 61/61/61
f 58/58/58 59/59/59 60/60/60
f 42/42/42 43/43/43 44/44/44
f 622/622/622 42/42/42 44/44/44
f 1603/1603/1603 44/44/44 115/115/115
f 44/44/44 58/58/58 115/115/115
f 125/125/125 61/61/61 167/167/167
f 1894/1894/1894 1960/1960/1960 1929/1929/1929
f 44/44/44 59/59/59 58/58/58
f 45/45/45 46/46/46 47/47/47
f 1556/1556/1556 45/45/45 1345/1345/1345
f 564/564/564 45/45/45 47/47/47
f 1556/1556/1556 56/56/56 45/45/45
f 564/564/564 47/47/47 1379/1379/1379
f 45/45/45 115/115/115 46/46/46
f 60/60/60 192/192/192 47/47/47
f 46/46/46 60/60/60 47/47/47
f 1345/1345/1345 564/564/564 563/563/563
f 1603/1603/1603 115/115/115 45/45/45
f 56/56/56 1603/1603/1603 45/45/45
f 1343/1343/1343 1345/1345/1345 563/563/563
f 1345/1345/1345 45/45/45 564/564/564
f 459/459/459 128/128/128 1595/1595/1595
f 2121/2121/2121 472/472/472 1561/1561/1561
f 2122/2122/2122 2121/2121/2121 1620/1620/1620
f 2121/2121/2121 1561/1561/1561 1620/1620/1620
f 1597/1597/1597 1620/1620/1620 1617/1617/1617
f 1620/1620/1620 1599/1599/1599 1624/1624/1624
f 124/124/124 59/59/59 125/125/125
f 125/125/125 127/127/127 128/128/128
f 192/192/192 60/60/60 1561/1561/1561
f 1620/1620/1620 1561/1561/1561 1617/1617/1617
f 128/128/128 87/87/87 1595/1595/1595
f 459/459/459 1597/1597/1597 1617/1617/1617
f 127/127/127 125/125/125 1619/1619/1619
f 1379/1379/1379 192/192/192 472/472/472
f 59/59/59 124/124/124 60/60/60
f 60/60/60 124/124/124 1561/1561/1561
f 127/127/127 1739/1739/1739 128/128/128
f 192/192/192 1561/1561/1561 472/472/472
f 1561/1561/1561 124/124/124 459/459/459
f 459/459/459 1595/1595/1595 1597/1597/1597
f 459/459/459 125/125/125 128/128/128
f 124/124/124 125/125/125 459/459/459
f 1561/1561/1561 459/459/459 1617/1617/1617
f 1624/1624/1624 1797/1797/1797 2122/2122/2122
f 2078/2078/2078 2126/2126/2126 1797/1797/1797
f 1797/1797/1797 2126/2126/2126 2122/2122/2122
f 801/801/801 2126/2126/2126 2078/2078/2078
f 2121/2121/2121 2125/2125/2125 472/472/472
f 1643/1643/1643 1614/1614/1614 178/178/178
f 2126/2126/2126 2125/2125/2125 2122/2122/2122
f 1643/1643/1643 1624/1624/1624 1614/1614/1614
f 1620/1620/1620 1624/1624/1624 2122/2122/2122
f 1624/1624/1624 1643/1643/1643 1797/1797/1797
f 1643/1643/1643 2090/2090/2090 1797/1797/1797
f 801/801/801 2125/2125/2125 2126/2126/2126
f 2122/2122/2122 2125/2125/2125 2121/2121/2121
f 1614/1614/1614 1599/1599/1599 179/179/179
f 1624/1624/1624 1599/1599/1599 1614/1614/1614
f 180/180/180 179/179/179 731/731/731
f 731/731/731 159/159/159 23/23/23
f 89/89/89 1568/1568/1568 1616/1616/1616
f 178/178/178 1614/1614/1614 179/179/179
f 179/179/179 159/159/159 731/731/731
f 1620/1620/1620 1597/1597/1597 1599/1599/1599
f 1597/1597/1597 1598/1598/1598 1599/1599/1599
f 1598/1598/1598 1616/1616/1616 1585/1585/1585
f 87/87/87 89/89/89 1595/1595/1595
f 89/89/89 88/88/88 1568/1568/1568
f 1598/1598/1598 89/89/89 1616/1616/1616
f 178/178/178 179/179/179 180/180/180
f 1599/1599/1599 1585/1585/1585 179/179/179
f 1585/1585/1585 1616/1616/1616 1589/1589/1589
f 89/89/89 1598/1598/1598 1595/1595/1595
f 159/159/159 1585/1585/1585 1589/1589/1589
f 1595/1595/1595 1598/1598/1598 1597/1597/1597
f 1599/1599/1599 1598/1598/1598 1585/1585/1585
f 1585/1585/1585 159/159/159 179/179/179
f 159/159/159 1589/1589/1589 165/165/165
f 21/21/21 165/165/165 22/22/22
f 165/165/165 1590/1590/1590 1571/1571/1571
f 23/23/23 159/159/159 21/21/21
f 159/159/159 165/165/165 21/21/21
f 1568/1568/1568 103/103/103 1569/1569/1569
f 21/21/21 22/22/22 23/23/23
f 1616/1616/1616 1568/1568/1568 1590/1590/1590
f 22/22/22 1146/1146/1146 1196/1196/1196
f 1589/1589/1589 1616/1616/1616 1590/1590/1590
f 1589/1589/1589 1590/1590/1590 165/165/165
f 1568/1568/1568 1569/1569/1569 1572/1572/1572
f 1569/1569/1569 573/573/573 574/574/574
f 22/22/22 165/165/165 166/166/166
f 1623/1623/1623 220/220/220 357/357/357
f 166/166/166 1113/1113/1113 22/22/22
f 1572/1572/1572 1569/1569/1569 1613/1613/1613
f 1248/1248/1248 1623/1623/1623 357/357/357
f 1146/1146/1146 22/22/22 1113/1113/1113
f 810/810/810 1113/1113/1113 357/357/357
f 357/357/357 1113/1113/1113 166/166/166
f 1569/1569/1569 574/574/574 1613/1613/1613
f 1613/1613/1613 574/574/574 1623/1623/1623
f 1571/1571/1571 1572/1572/1572 1248/1248/1248
f 1623/1623/1623 574/574/574 219/219/219
f 1572/1572/1572 1613/1613/1613 1248/1248/1248
f 1571/1571/1571 1248/1248/1248 166/166/166
f 1571/1571/1571 1590/1590/1590 1572/1572/1572
f 1113/1113/1113 1124/1124/1124 1146/1146/1146
f 166/166/166 1248/1248/1248 357/357/357
f 165/165/165 1571/1571/1571 166/166/166
f 1623/1623/1623 219/219/219 220/220/220
f 1613/1613/1613 1623/1623/1623 1248/1248/1248
f 802/802/802 324/324/324 323/323/323
f 1835/1835/1835 939/939/939 1717/1717/1717
f 607/607/607 158/158/158 157/157/157
f 178/178/178 939/939/939 1835/1835/1835
f 2090/2090/2090 2065/2065/2065 1797/1797/1797
f 801/801/801 2195/2195/2195 802/802/802
f 1797/1797/1797 2065/2065/2065 2078/2078/2078
f 2195/2195/2195 2216/2216/2216 802/802/802
f 142/142/142 157/157/157 158/158/158
f 2090/2090/2090 1717/1717/1717 2065/2065/2065
f 1643/1643/1643 1835/1835/1835 2090/2090/2090
f 2090/2090/2090 1835/1835/1835 1717/1717/1717
f 142/142/142 618/618/618 157/157/157
f 178/178/178 158/158/158 939/939/939
f 2065/2065/2065 1944/1944/1944 2078/2078/2078
f 178/178/178 1835/1835/1835 1643/1643/1643
f 2195/2195/2195 2078/2078/2078 1943/1943/1943
f 1944/1944/1944 1943/1943/1943 2078/2078/2078
f 2065/2065/2065 1717/1717/1717 1944/1944/1944
f 2078/2078/2078 2195/2195/2195 801/801/801
f 1272/1272/1272 987/987/987 321/321/321
f 1267/1267/1267 618/618/618 141/141/141
f 142/142/142 158/158/158 180/180/180
f 1132/1132/1132 143/143/143 730/730/730
f 1267/1267/1267 141/141/141 987/987/987
f 141/141/141 1132/1132/1132 987/987/987
f 180/180/180 143/143/143 142/142/142
f 158/158/158 178/178/178 180/180/180
f 141/141/141 142/142/142 143/143/143
f 141/141/141 618/618/618 142/142/142
f 143/143/143 1132/1132/1132 141/141/141
f 987/987/987 1132/1132/1132 642/642/642
f 180/180/180 730/730/730 143/143/143
f 180/180/180 731/731/731 730/730/730
f 801/801/801 802/802/802 323/323/323
f 730/730/730 731/731/731 23/23/23
f 1303/1303/1303 1132/1132/1132 1196/1196/1196
f 23/23/23 1132/1132/1132 730/730/730
f 23/23/23 22/22/22 1196/1196/1196
f 1196/1196/1196 1146/1146/1146 1164/1164/1164
f 1590/1590/1590 1568/1568/1568 1572/1572/1572
f 1196/1196/1196 1132/1132/1132 23/23/23
f 1474/1474/1474 1549/1549/1549 1542/1542/1542
f 1550/1550/1550 217/217/217 1557/1557/1557
f 1710/1710/1710 1916/1916/1916 1634/1634/1634
f 216/216/216 1710/1710/1710 1925/1925/1925
f 1917/1917/1917 1710/1710/1710 1634/1634/1634
f 1710/1710/1710 1917/1917/1917 1925/1925/1925
f 1542/1542/1542 1549/1549/1549 1550/1550/1550
f 1549/1549/1549 217/217/217 1550/1550/1550
f 1557/1557/1557 216/216/216 1925/1925/1925
f 2225/2225/2225 1296/1296/1296 1549/1549/1549
f 1549/1549/1549 1296/1296/1296 217/217/217
f 216/216/216 1557/1557/1557 217/217/217
f 1474/1474/1474 2225/2225/2225 1549/1549/1549
f 216/216/216 62/62/62 1710/1710/1710
f 63/63/63 1032/1032/1032 1280/1280/1280
f 1280/1280/1280 1032/1032/1032 1071/1071/1071
f 1032/1032/1032 1070/1070/1070 1071/1071/1071
f 1810/1810/1810 1032/1032/1032 1031/1031/1031
f 62/62/62 63/63/63 64/64/64
f 1031/1031/1031 1032/1032/1032 63/63/63
f 1032/1032/1032 1834/1834/1834 1678/1678/1678
f 1296/1296/1296 1298/1298/1298 1834/1834/1834
f 1296/1296/1296 1834/1834/1834 1810/1810/1810
f 1678/1678/1678 2232/2232/2232 2214/2214/2214
f 1810/1810/1810 1834/1834/1834 1032/1032/1032
f 1678/1678/1678 1070/1070/1070 1032/1032/1032
f 216/216/216 63/63/63 62/62/62
f 1834/1834/1834 2232/2232/2232 1678/1678/1678
f 64/64/64 1280/1280/1280 1976/1976/1976
f 1280/1280/1280 1071/1071/1071 1976/1976/1976
f 63/63/63 217/217/217 1031/1031/1031
f 1031/1031/1031 1296/1296/1296 1810/1810/1810
f 1678/1678/1678 1092/1092/1092 1070/1070/1070
f 1296/1296/1296 1031/1031/1031 217/217/217
f 1334/1334/1334 1296/1296/1296 2225/2225/2225
f 64/64/64 63/63/63 1280/1280/1280
f 216/216/216 217/217/217 63/63/63
f 1710/1710/1710 1450/1450/1450 1916/1916/1916
f 1500/1500/1500 1506/1506/1506 1449/1449/1449
f 205/205/205 204/204/204 1485/1485/1485
f 2244/2244/2244 1485/1485/1485 204/204/204
f 2340/2340/2340 2244/2244/2244 204/204/204
f 1916/1916/1916 1632/1632/1632 1634/1634/1634
f 1484/1484/1484 1486/1486/1486 1915/1915/1915
f 1993/1993/1993 1485/1485/1485 1484/1484/1484
f 1486/1486/1486 1485/1485/1485 2244/2244/2244
f 1449/1449/1449 1506/1506/1506 2001/2001/2001
f 1448/1448/1448 1449/1449/1449 1450/1450/1450
f 1484/1484/1484 1485/1485/1485 1486/1486/1486
f 1633/1633/1633 1632/1632/1632 1486/1486/1486
f 1915/1915/1915 2001/2001/2001 1484/1484/1484
f 1633/1633/1633 1486/1486/1486 2244/2244/2244
f 1632/1632/1632 1633/1633/1633 1634/1634/1634
f 2001/2001/2001 1993/1993/1993 1484/1484/1484
f 205/205/205 1485/1485/1485 1993/1993/1993
f 1915/1915/1915 1632/1632/1632 1916/1916/1916
f 1449/1449/1449 2001/2001/2001 1915/1915/1915
f 1450/1450/1450 1915/1915/1915 1916/1916/1916
f 1450/1450/1450 1449/1449/1449 1915/1915/1915
f 1486/1486/1486 1632/1632/1632 1915/1915/1915
f 1450/1450/1450 1710/1710/1710 62/62/62
f 206/206/206 2228/2228/2228 2298/2298/2298
f 2228/2228/2228 2281/2281/2281 2294/2294/2294
f 1537/1537/1537 205/205/205 1992/1992/1992
f 2101/2101/2101 2024/2024/2024 1864/1864/1864
f 2228/2228/2228 2147/2147/2147 2281/2281/2281
f 2094/2094/2094 2024/2024/2024 2023/2023/2023
f 2271/2271/2271 2147/2147/2147 2093/2093/2093
f 1864/1864/1864 2024/2024/2024 2093/2093/2093
f 2147/2147/2147 2271/2271/2271 2270/2270/2270
f 205/205/205 2034/2034/2034 206/206/206
f 1992/1992/1992 205/205/205 1993/1993/1993
f 2147/2147/2147 1536/1536/1536 1538/1538/1538
f 2094/2094/2094 2270/2270/2270 2271/2271/2271
f 1537/1537/1537 1536/1536/1536 2228/2228/2228
f 1536/1536/1536 1537/1537/1537 1538/1538/1538
f 1864/1864/1864 2093/2093/2093 1538/1538/1538
f 205/205/205 1537/1537/1537 2034/2034/2034
f 206/206/206 2034/2034/2034 2228/2228/2228
f 1538/1538/1538 2093/2093/2093 2147/2147/2147
f 2270/2270/2270 2094/2094/2094 2249/2249/2249
f 2024/2024/2024 2094/2094/2094 2093/2093/2093
f 2034/2034/2034 1537/1537/1537 2228/2228/2228
f 2094/2094/2094 2271/2271/2271 2093/2093/2093
f 2317/2317/2317 204/204/204 206/206/206
f 2249/2249/2249 2094/2094/2094 2023/2023/2023
f 204/204/204 205/205/205 206/206/206
f 2147/2147/2147 2228/2228/2228 1536/1536/1536
f 1508/1508/1508 1992/1992/1992 1993/1993/1993
f 1507/1507/1507 1387/1387/1387 1538/1538/1538
f 1387/1387/1387 1864/1864/1864 1538/1538/1538
f 2001/2001/2001 1508/1508/1508 1993/1993/1993
f 1387/1387/1387 1386/1386/1386 1864/1864/1864
f 123/123/123 2101/2101/2101 1864/1864/1864
f 1506/1506/1506 1507/1507/1507 1508/1508/1508
f 1507/1507/1507 1538/1538/1538 1508/1508/1508
f 1507/1507/1507 1385/1385/1385 1387/1387/1387
f 1537/1537/1537 1992/1992/1992 1538/1538/1538
f 1506/1506/1506 1508/1508/1508 2001/2001/2001
f 1508/1508/1508 1538/1538/1538 1992/1992/1992
f 1407/1407/1407 1507/1507/1507 1506/1506/1506
f 123/123/123 1864/1864/1864 1386/1386/1386
f 1769/1769/1769 1056/1056/1056 1770/1770/1770
f 1769/1769/1769 1770/1770/1770 64/64/64
f 1769/1769/1769 1976/1976/1976 1054/1054/1054
f 1407/1407/1407 1385/1385/1385 1507/1507/1507
f 1407/1407/1407 1406/1406/1406 1933/1933/1933
f 1054/1054/1054 1055/1055/1055 1056/1056/1056
f 1770/1770/1770 1448/1448/1448 64/64/64
f 1500/1500/1500 1407/1407/1407 1506/1506/1506
f 62/62/62 1448/1448/1448 1450/1450/1450
f 1407/1407/1407 1493/1493/1493 1408/1408/1408
f 1769/1769/1769 1054/1054/1054 1056/1056/1056
f 1905/1905/1905 1832/1832/1832 1408/1408/1408
f 1500/1500/1500 1770/1770/1770 1056/1056/1056
f 64/64/64 1976/1976/1976 1769/1769/1769
f 1406/1406/1406 1832/1832/1832 1823/1823/1823
f 1406/1406/1406 1408/1408/1408 1832/1832/1832
f 1500/1500/1500 1448/1448/1448 1770/1770/1770
f 1493/1493/1493 1500/1500/1500 1056/1056/1056
f 1493/1493/1493 1055/1055/1055 1905/1905/1905
f 1933/1933/1933 1406/1406/1406 1823/1823/1823
f 1493/1493/1493 1056/1056/1056 1055/1055/1055
f 1406/1406/1406 1407/1407/1407 1408/1408/1408
f 1407/1407/1407 1500/1500/1500 1493/1493/1493
f 1493/1493/1493 1905/1905/1905 1408/1408/1408
f 1385/1385/1385 1407/1407/1407 1933/1933/1933
f 1448/1448/1448 1500/1500/1500 1449/1449/1449
f 1823/1823/1823 1991/1991/1991 1933/1933/1933
f 1920/1920/1920 1922/1922/1922 1650/1650/1650
f 1386/1386/1386 121/121/121 123/123/123
f 1991/1991/1991 1922/1922/1922 1921/1921/1921
f 1649/1649/1649 122/122/122 121/121/121
f 1385/1385/1385 1921/1921/1921 1386/1386/1386
f 122/122/122 2101/2101/2101 123/123/123
f 1920/1920/1920 1649/1649/1649 121/121/121
f 1650/1650/1650 1649/1649/1649 1920/1920/1920
f 1920/1920/1920 121/121/121 1921/1921/1921
f 1920/1920/1920 1921/1921/1921 1922/1922/1922
f 1922/1922/1922 1991/1991/1991 2141/2141/2141
f 1922/1922/1922 2141/2141/2141 1650/1650/1650
f 1921/1921/1921 1385/1385/1385 1933/1933/1933
f 1933/1933/1933 1991/1991/1991 1921/1921/1921
f 1385/1385/1385 1386/1386/1386 1387/1387/1387
f 121/121/121 122/122/122 123/123/123
f 1921/1921/1921 121/121/121 1386/1386/1386
f 2281/2281/2281 2147/2147/2147 2270/2270/2270
f 1678/1678/1678 2214/2214/2214 1092/1092/1092
f 2171/2171/2171 2172/2172/2172 2160/2160/2160
f 2172/2172/2172 2136/2136/2136 2160/2160/2160
f 2172/2172/2172 1092/1092/1092 2136/2136/2136
f 1092/1092/1092 2214/2214/2214 2136/2136/2136
f 2012/2012/2012 2037/2037/2037 1071/1071/1071
f 1896/1896/1896 2172/2172/2172 2171/2171/2171
f 1895/1895/1895 1896/1896/1896 1897/1897/1897
f 2172/2172/2172 1896/1896/1896 1092/1092/1092
f 2160/2160/2160 2135/2135/2135 2154/2154/2154
f 2160/2160/2160 2136/2136/2136 2135/2135/2135
f 1092/1092/1092 1584/1584/1584 1071/1071/1071
f 2012/2012/2012 1071/1071/1071 1584/1584/1584
f 1584/1584/1584 1092/1092/1092 1896/1896/1896
f 2012/2012/2012 1896/1896/1896 1895/1895/1895
f 1976/1976/1976 1071/1071/1071 2037/2037/2037
f 1071/1071/1071 1070/1070/1070 1092/1092/1092
f 2042/2042/2042 2012/2012/2012 1895/1895/1895
f 2012/2012/2012 1584/1584/1584 1896/1896/1896
f 1905/1905/1905 1055/1055/1055 2049/2049/2049
f 2036/2036/2036 1054/1054/1054 2037/2037/2037
f 2049/2049/2049 1055/1055/1055 2036/2036/2036
f 1853/1853/1853 2017/2017/2017 2049/2049/2049
f 2017/2017/2017 1905/1905/1905 2049/2049/2049
f 2042/2042/2042 2036/2036/2036 2012/2012/2012
f 1054/1054/1054 1976/1976/1976 2037/2037/2037
f 1853/1853/1853 2049/2049/2049 2041/2041/2041
f 1054/1054/1054 2036/2036/2036 1055/1055/1055
f 2041/2041/2041 2049/2049/2049 2036/2036/2036
f 2012/2012/2012 2036/2036/2036 2037/2037/2037
f 2041/2041/2041 2036/2036/2036 2042/2042/2042
f 1852/1852/1852 2017/2017/2017 1853/1853/1853
f 1857/1857/1857 1823/1823/1823 1832/1832/1832
f 1856/1856/1856 1857/1857/1857 1858/1858/1858
f 1854/1854/1854 2116/2116/2116 1852/1852/1852
f 1825/1825/1825 2116/2116/2116 2163/2163/2163
f 1825/1825/1825 2170/2170/2170 1991/1991/1991
f 2163/2163/2163 2170/2170/2170 1825/1825/1825
f 1852/1852/1852 1856/1856/1856 1858/1858/1858
f 2163/2163/2163 2044/2044/2044 2170/2170/2170
f 1844/1844/1844 2116/2116/2116 786/786/786
f 1824/1824/1824 2116/2116/2116 1825/1825/1825
f 1890/1890/1890 1851/1851/1851 2044/2044/2044
f 1919/1919/1919 1890/1890/1890 2044/2044/2044
f 1852/1852/1852 1858/1858/1858 2017/2017/2017
f 1823/1823/1823 1824/1824/1824 1825/1825/1825
f 1852/1852/1852 2116/2116/2116 1856/1856/1856
f 1857/1857/1857 2017/2017/2017 1858/1858/1858
f 1824/1824/1824 1857/1857/1857 1856/1856/1856
f 1844/1844/1844 2163/2163/2163 2116/2116/2116
f 1991/1991/1991 2170/2170/2170 2141/2141/2141
f 1857/1857/1857 1824/1824/1824 1823/1823/1823
f 1832/1832/1832 1905/1905/1905 1857/1857/1857
f 1905/1905/1905 2017/2017/2017 1857/1857/1857
f 1844/1844/1844 2044/2044/2044 2163/2163/2163
f 2108/2108/2108 2141/2141/2141 2170/2170/2170
f 2044/2044/2044 1844/1844/1844 1919/1919/1919
f 2044/2044/2044 1851/1851/1851 2170/2170/2170
f 2116/2116/2116 1824/1824/1824 1856/1856/1856
f 1823/1823/1823 1825/1825/1825 1991/1991/1991
f 62/62/62 64/64/64 1448/1448/1448
f 1649/1649/1649 1651/1651/1651 1777/1777/1777
f 2030/2030/2030 2025/2025/2025 122/122/122
f 1779/1779/1779 2031/2031/2031 2030/2030/2030
f 2023/2023/2023 2024/2024/2024 2025/2025/2025
f 2025/2025/2025 2031/2031/2031 2023/2023/2023
f 2085/2085/2085 2092/2092/2092 2031/2031/2031
f 1777/1777/1777 2030/2030/2030 122/122/122
f 2030/2030/2030 2031/2031/2031 2025/2025/2025
f 2025/2025/2025 2024/2024/2024 2101/2101/2101
f 122/122/122 2025/2025/2025 2101/2101/2101
f 1777/1777/1777 1779/1779/1779 2030/2030/2030
f 122/122/122 1649/1649/1649 1777/1777/1777
f 1779/1779/1779 2085/2085/2085 2031/2031/2031
f 1649/1649/1649 1650/1650/1650 1651/1651/1651
f 2092/2092/2092 2085/2085/2085 1371/1371/1371
f 1912/1912/1912 2086/2086/2086 1779/1779/1779
f 1371/1371/1371 2086/2086/2086 1912/1912/1912
f 1651/1651/1651 1778/1778/1778 1777/1777/1777
f 1778/1778/1778 1912/1912/1912 1779/1779/1779
f 2085/2085/2085 2086/2086/2086 1371/1371/1371
f 2109/2109/2109 1865/1865/1865 2110/2110/2110
f 1866/1866/1866 1912/1912/1912 1778/1778/1778
f 1865/1865/1865 2109/2109/2109 2108/2108/2108
f 2109/2109/2109 2110/2110/2110 1650/1650/1650
f 2109/2109/2109 2141/2141/2141 2108/2108/2108
f 2141/2141/2141 2109/2109/2109 1650/1650/1650
f 1865/1865/1865 1866/1866/1866 1778/1778/1778
f 2086/2086/2086 2085/2085/2085 1779/1779/1779
f 1865/1865/1865 1651/1651/1651 2110/2110/2110
f 1651/1651/1651 1650/1650/1650 2110/2110/2110
f 1777/1777/1777 1778/1778/1778 1779/1779/1779
f 1851/1851/1851 2108/2108/2108 2170/2170/2170
f 1849/1849/1849 1850/1850/1850 1851/1851/1851
f 2095/2095/2095 2089/2089/2089 1994/1994/1994
f 1890/1890/1890 1849/1849/1849 1851/1851/1851
f 1994/1994/1994 1974/1974/1974 1865/1865/1865
f 2089/2089/2089 1488/1488/1488 1994/1994/1994
f 1981/1981/1981 1995/1995/1995 1850/1850/1850
f 1865/1865/1865 1974/1974/1974 1866/1866/1866
f 1995/1995/1995 1865/1865/1865 1850/1850/1850
f 1982/1982/1982 1981/1981/1981 1850/1850/1850
f 1994/1994/1994 1488/1488/1488 1974/1974/1974
f 1995/1995/1995 1994/1994/1994 1865/1865/1865
f 1851/1851/1851 1850/1850/1850 2108/2108/2108
f 1980/1980/1980 1981/1981/1981 1982/1982/1982
f 1974/1974/1974 1975/1975/1975 1866/1866/1866
f 1981/1981/1981 2095/2095/2095 1994/1994/1994
f 1982/1982/1982 1850/1850/1850 1849/1849/1849
f 1981/1981/1981 1994/1994/1994 1995/1995/1995
f 1865/1865/1865 2108/2108/2108 1850/1850/1850
f 1440/1440/1440 1405/1405/1405 1911/1911/1911
f 1488/1488/1488 1414/1414/1414 1975/1975/1975
f 1911/1911/1911 1405/1405/1405 1372/1372/1372
f 1405/1405/1405 1440/1440/1440 184/184/184
f 1866/1866/1866 1440/1440/1440 1912/1912/1912
f 1414/1414/1414 1440/1440/1440 1866/1866/1866
f 1974/1974/1974 1488/1488/1488 1975/1975/1975
f 1975/1975/1975 1414/1414/1414 1866/1866/1866
f 1372/1372/1372 1389/1389/1389 1390/1390/1390
f 1415/1415/1415 1414/1414/1414 1488/1488/1488
f 1413/1413/1413 1440/1440/1440 1414/1414/1414
f 1372/1372/1372 1405/1405/1405 1389/1389/1389
f 1313/1313/1313 1389/1389/1389 1404/1404/1404
f 1389/1389/1389 1405/1405/1405 1404/1404/1404
f 1911/1911/1911 1372/1372/1372 1912/1912/1912
f 2089/2089/2089 1487/1487/1487 1488/1488/1488
f 1487/1487/1487 1415/1415/1415 1488/1488/1488
f 625/625/625 1371/1371/1371 1372/1372/1372
f 1372/1372/1372 1371/1371/1371 1912/1912/1912
f 1440/1440/1440 1911/1911/1911 1912/1912/1912
f 1865/1865/1865 1778/1778/1778 1651/1651/1651
f 1487/1487/1487 994/994/994 1415/1415/1415
f 2095/2095/2095 992/992/992 2089/2089/2089
f 549/549/549 1640/1640/1640 1638/1638/1638
f 1635/1635/1635 1640/1640/1640 549/549/549
f 1644/1644/1644 1515/1515/1515 770/770/770
f 1658/1658/1658 2095/2095/2095 1980/1980/1980
f 1515/1515/1515 1655/1655/1655 1635/1635/1635
f 1413/1413/1413 1414/1414/1414 1415/1415/1415
f 1515/1515/1515 1658/1658/1658 1655/1655/1655
f 1644/1644/1644 1658/1658/1658 1515/1515/1515
f 770/770/770 992/992/992 1644/1644/1644
f 770/770/770 993/993/993 992/992/992
f 1644/1644/1644 992/992/992 1658/1658/1658
f 549/549/549 1638/1638/1638 408/408/408
f 2095/2095/2095 1981/1981/1981 1980/1980/1980
f 548/548/548 549/549/549 408/408/408
f 992/992/992 1487/1487/1487 2089/2089/2089
f 992/992/992 993/993/993 994/994/994
f 410/410/410 548/548/548 408/408/408
f 994/994/994 1487/1487/1487 992/992/992
f 992/992/992 2095/2095/2095 1658/1658/1658
f 238/238/238 769/769/769 239/239/239
f 961/961/961 184/184/184 183/183/183
f 994/994/994 993/993/993 769/769/769
f 1404/1404/1404 1405/1405/1405 184/184/184
f 274/274/274 961/961/961 925/925/925
f 961/961/961 1404/1404/1404 184/184/184
f 1415/1415/1415 994/994/994 185/185/185
f 1313/1313/1313 961/961/961 358/358/358
f 358/358/358 274/274/274 359/359/359
f 239/239/239 769/769/769 770/770/770
f 185/185/185 184/184/184 1413/1413/1413
f 925/925/925 183/183/183 238/238/238
f 993/993/993 770/770/770 769/769/769
f 1413/1413/1413 1415/1415/1415 185/185/185
f 183/183/183 184/184/184 185/185/185
f 1313/1313/1313 1404/1404/1404 961/961/961
f 1440/1440/1440 1413/1413/1413 184/184/184
f 185/185/185 769/769/769 238/238/238
f 238/238/238 183/183/183 185/185/185
f 961/961/961 274/274/274 358/358/358
f 185/185/185 994/994/994 769/769/769
f 961/961/961 183/183/183 925/925/925
f 711/711/711 710/710/710 1529/1529/1529
f 1515/1515/1515 252/252/252 239/239/239
f 1180/1180/1180 1635/1635/1635 549/549/549
f 240/240/240 252/252/252 253/253/253
f 238/238/238 239/239/239 240/240/240
f 710/710/710 548/548/548 1529/1529/1529
f 710/710/710 1180/1180/1180 548/548/548
f 1515/1515/1515 1635/1635/1635 252/252/252
f 253/253/253 1180/1180/1180 710/710/710
f 240/240/240 239/239/239 252/252/252
f 239/239/239 770/770/770 1515/1515/1515
f 253/253/253 252/252/252 1180/1180/1180
f 1180/1180/1180 549/549/549 548/548/548
f 253/253/253 710/710/710 711/711/711
f 548/548/548 410/410/410 1529/1529/1529
f 252/252/252 1635/1635/1635 1180/1180/1180
f 774/774/774 1540/1540/1540 1289/1289/1289
f 328/328/328 756/756/756 301/301/301
f 925/925/925 240/240/240 327/327/327
f 756/756/756 757/757/757 774/774/774
f 326/326/326 327/327/327 253/253/253
f 327/327/327 240/240/240 253/253/253
f 757/757/757 1540/1540/1540 774/774/774
f 756/756/756 326/326/326 757/757/757
f 1540/1540/1540 1490/1490/1490 1159/1159/1159
f 756/756/756 328/328/328 326/326/326
f 1540/1540/1540 1529/1529/1529 1490/1490/1490
f 274/274/274 925/925/925 327/327/327
f 253/253/253 711/711/711 326/326/326
f 1540/1540/1540 1159/1159/1159 1289/1289/1289
f 326/326/326 711/711/711 757/757/757
f 925/925/925 238/238/238 240/240/240
f 711/711/711 1529/1529/1529 1540/1540/1540
f 327/327/327 326/326/326 328/328/328
f 757/757/757 711/711/711 1540/1540/1540
f 328/328/328 274/274/274 327/327/327
f 797/797/797 741/741/741 754/754/754
f 726/726/726 736/736/736 706/706/706
f 609/609/609 654/654/654 602/602/602
f 725/725/725 726/726/726 705/705/705
f 724/724/724 725/725/725 704/704/704
f 654/654/654 609/609/609 600/600/600
f 654/654/654 600/600/600 599/599/599
f 736/736/736 741/741/741 706/706/706
f 706/706/706 683/683/683 673/673/673
f 654/654/654 655/655/655 601/601/601
f 705/705/705 706/706/706 673/673/673
f 736/736/736 754/754/754 741/741/741
f 763/763/763 1700/1700/1700 753/753/753
f 754/754/754 753/753/753 1700/1700/1700
f 602/602/602 654/654/654 601/601/601
f 704/704/704 705/705/705 673/673/673
f 672/672/672 673/673/673 654/654/654
f 672/672/672 704/704/704 673/673/673
f 673/673/673 655/655/655 654/654/654
f 726/726/726 754/754/754 736/736/736
f 609/609/609 602/602/602 559/559/559
f 601/601/601 559/559/559 602/602/602
f 557/557/557 609/609/609 559/559/559
f 705/705/705 726/726/726 706/706/706
f 753/753/753 754/754/754 726/726/726
f 600/600/600 609/609/609 557/557/557
f 704/704/704 725/725/725 705/705/705
f 725/725/725 753/753/753 726/726/726
f 674/674/674 684/684/684 647/647/647
f 629/629/629 655/655/655 647/647/647
f 727/727/727 719/719/719 708/708/708
f 683/683/683 674/674/674 655/655/655
f 601/601/601 580/580/580 559/559/559
f 727/727/727 708/708/708 707/707/707
f 683/683/683 655/655/655 673/673/673
f 708/708/708 684/684/684 674/674/674
f 707/707/707 708/708/708 674/674/674
f 655/655/655 674/674/674 647/647/647
f 580/580/580 601/601/601 581/581/581
f 747/747/747 727/727/727 707/707/707
f 742/742/742 755/755/755 747/747/747
f 747/747/747 719/719/719 727/727/727
f 742/742/742 747/747/747 707/707/707
f 741/741/741 742/742/742 683/683/683
f 601/601/601 628/628/628 581/581/581
f 629/629/629 594/594/594 581/581/581
f 629/629/629 595/595/595 594/594/594
f 601/601/601 655/655/655 628/628/628
f 629/629/629 647/647/647 595/595/595
f 742/742/742 707/707/707 683/683/683
f 741/741/741 755/755/755 742/742/742
f 628/628/628 629/629/629 581/581/581
f 706/706/706 741/741/741 683/683/683
f 707/707/707 674/674/674 683/683/683
f 595/595/595 639/639/639 541/541/541
f 639/639/639 640/640/640 541/541/541
f 492/492/492 685/685/685 719/719/719
f 595/595/595 647/647/647 639/639/639
f 719/719/719 685/685/685 708/708/708
f 639/639/639 686/686/686 640/640/640
f 782/782/782 719/719/719 747/747/747
f 708/708/708 685/685/685 684/684/684
f 685/685/685 686/686/686 639/639/639
f 647/647/647 685/685/685 639/639/639
f 684/684/684 685/685/685 647/647/647
f 782/782/782 492/492/492 719/719/719
f 628/628/628 655/655/655 629/629/629
f 1683/1683/1683 797/797/797 1705/1705/1705
f 755/755/755 806/806/806 781/781/781
f 806/806/806 755/755/755 797/797/797
f 781/781/781 747/747/747 755/755/755
f 783/783/783 782/782/782 747/747/747
f 1700/1700/1700 797/797/797 754/754/754
f 741/741/741 797/797/797 755/755/755
f 811/811/811 783/783/783 781/781/781
f 797/797/797 1683/1683/1683 806/806/806
f 799/799/799 492/492/492 782/782/782
f 783/783/783 747/747/747 781/781/781
f 917/917/917 820/820/820 822/822/822
f 876/876/876 857/857/857 846/846/846
f 781/781/781 828/828/828 811/811/811
f 917/917/917 918/918/918 895/895/895
f 1688/1688/1688 932/932/932 821/821/821
f 811/811/811 798/798/798 783/783/783
f 857/857/857 876/876/876 821/821/821
f 821/821/821 820/820/820 857/857/857
f 834/834/834 782/782/782 798/798/798
f 846/846/846 811/811/811 828/828/828
f 876/876/876 846/846/846 828/828/828
f 806/806/806 1683/1683/1683 828/828/828
f 806/806/806 828/828/828 781/781/781
f 932/932/932 822/822/822 821/821/821
f 1688/1688/1688 876/876/876 1683/1683/1683
f 877/877/877 834/834/834 798/798/798
f 908/908/908 798/798/798 895/895/895
f 918/918/918 908/908/908 895/895/895
f 1688/1688/1688 821/821/821 876/876/876
f 895/895/895 857/857/857 820/820/820
f 895/895/895 798/798/798 857/857/857
f 1697/1697/1697 1688/1688/1688 1683/1683/1683
f 908/908/908 877/877/877 798/798/798
f 857/857/857 798/798/798 811/811/811
f 820/820/820 821/821/821 822/822/822
f 846/846/846 857/857/857 811/811/811
f 1683/1683/1683 876/876/876 828/828/828
f 917/917/917 895/895/895 820/820/820
f 798/798/798 782/782/782 783/783/783
f 615/615/615 926/926/926 658/658/658
f 101/101/101 377/377/377 376/376/376
f 375/375/375 515/515/515 474/474/474
f 476/476/476 1618/1618/1618 1668/1668/1668
f 376/376/376 450/450/450 658/658/658
f 933/933/933 822/822/822 931/931/931
f 433/433/433 376/376/376 375/375/375
f 514/514/514 515/515/515 375/375/375
f 931/931/931 1618/1618/1618 933/933/933
f 377/377/377 514/514/514 375/375/375
f 931/931/931 822/822/822 932/932/932
f 376/376/376 658/658/658 476/476/476
f 933/933/933 1618/1618/1618 658/658/658
f 1618/1618/1618 931/931/931 1668/1668/1668
f 658/658/658 926/926/926 933/933/933
f 1618/1618/1618 476/476/476 658/658/658
f 933/933/933 926/926/926 822/822/822
f 476/476/476 1668/1668/1668 101/101/101
f 474/474/474 433/433/433 375/375/375
f 101/101/101 376/376/376 476/476/476
f 375/375/375 376/376/376 377/377/377
f 658/658/658 450/450/450 615/615/615
f 615/615/615 470/470/470 562/562/562
f 450/450/450 469/469/469 470/470/470
f 249/249/249 721/721/721 560/560/560
f 666/666/666 667/667/667 668/668/668
f 667/667/667 666/666/666 738/738/738
f 562/562/562 248/248/248 250/250/250
f 720/720/720 560/560/560 721/721/721
f 926/926/926 666/666/666 668/668/668
f 351/351/351 560/560/560 553/553/553
f 926/926/926 615/615/615 666/666/666
f 433/433/433 450/450/450 376/376/376
f 470/470/470 248/248/248 562/562/562
f 470/470/470 469/469/469 248/248/248
f 474/474/474 351/351/351 433/433/433
f 553/553/553 469/469/469 450/450/450
f 668/668/668 667/667/667 926/926/926
f 433/433/433 553/553/553 450/450/450
f 560/560/560 720/720/720 553/553/553
f 469/469/469 720/720/720 721/721/721
f 720/720/720 469/469/469 553/553/553
f 666/666/666 562/562/562 738/738/738
f 738/738/738 908/908/908 918/918/918
f 351/351/351 553/553/553 433/433/433
f 248/248/248 469/469/469 721/721/721
f 562/562/562 737/737/737 738/738/738
f 615/615/615 450/450/450 470/470/470
f 721/721/721 249/249/249 248/248/248
f 738/738/738 918/918/918 667/667/667
f 615/615/615 562/562/562 666/666/666
f 667/667/667 918/918/918 917/917/917
f 926/926/926 667/667/667 917/917/917
f 926/926/926 917/917/917 822/822/822
f 931/931/931 1435/1435/1435 735/735/735
f 1668/1668/1668 931/931/931 735/735/735
f 1697/1697/1697 932/932/932 1688/1688/1688
f 353/353/353 294/294/294 100/100/100
f 294/294/294 514/514/514 377/377/377
f 735/735/735 99/99/99 1668/1668/1668
f 1711/1711/1711 890/890/890 1697/1697/1697
f 1697/1697/1697 904/904/904 932/932/932
f 1716/1716/1716 1705/1705/1705 1700/1700/1700
f 1697/1697/1697 1683/1683/1683 1711/1711/1711
f 1716/1716/1716 1711/1711/1711 1705/1705/1705
f 100/100/100 294/294/294 101/101/101
f 904/904/904 1435/1435/1435 932/932/932
f 99/99/99 100/100/100 101/101/101
f 99/99/99 101/101/101 1668/1668/1668
f 294/294/294 377/377/377 101/101/101
f 1711/1711/1711 1683/1683/1683 1705/1705/1705
f 293/293/293 514/514/514 294/294/294
f 1716/1716/1716 1700/1700/1700 763/763/763
f 292/292/292 293/293/293 294/294/294
f 931/931/931 932/932/932 1435/1435/1435
f 903/903/903 874/874/874 913/913/913
f 904/904/904 734/734/734 1435/1435/1435
f 890/890/890 904/904/904 1697/1697/1697
f 924/924/924 923/923/923 903/903/903
f 913/913/913 924/924/924 903/903/903
f 889/889/889 875/875/875 874/874/874
f 1716/1716/1716 875/875/875 1711/1711/1711
f 889/889/889 890/890/890 875/875/875
f 902/902/902 913/913/913 874/874/874
f 903/903/903 889/889/889 874/874/874
f 923/923/923 889/889/889 903/903/903
f 889/889/889 904/904/904 890/890/890
f 923/923/923 904/904/904 889/889/889
f 1711/1711/1711 875/875/875 890/890/890
f 869/869/869 871/871/871 875/875/875
f 869/869/869 875/875/875 1716/1716/1716
f 871/871/871 874/874/874 875/875/875
f 1188/1188/1188 1061/1061/1061 937/937/937
f 561/561/561 353/353/353 100/100/100
f 435/435/435 352/352/352 881/881/881
f 561/561/561 100/100/100 99/99/99
f 352/352/352 435/435/435 292/292/292
f 290/290/290 353/353/353 561/561/561
f 352/352/352 292/292/292 353/353/353
f 289/289/289 290/290/290 291/291/291
f 293/293/293 292/292/292 1061/1061/1061
f 291/291/291 99/99/99 734/734/734
f 881/881/881 937/937/937 435/435/435
f 930/930/930 924/924/924 913/913/913
f 290/290/290 561/561/561 291/291/291
f 352/352/352 353/353/353 290/290/290
f 352/352/352 290/290/290 443/443/443
f 734/734/734 904/904/904 923/923/923
f 289/289/289 924/924/924 930/930/930
f 289/289/289 923/923/923 924/924/924
f 291/291/291 734/734/734 923/923/923
f 443/443/443 290/290/290 289/289/289
f 292/292/292 294/294/294 353/353/353
f 937/937/937 1061/1061/1061 435/435/435
f 443/443/443 289/289/289 759/759/759
f 787/787/787 352/352/352 443/443/443
f 923/923/923 289/289/289 291/291/291
f 759/759/759 289/289/289 930/930/930
f 1435/1435/1435 734/734/734 735/735/735
f 1061/1061/1061 292/292/292 435/435/435
f 734/734/734 99/99/99 735/735/735
f 291/291/291 561/561/561 99/99/99
f 1179/1179/1179 1000/1000/1000 940/940/940
f 1195/1195/1195 1223/1223/1223 1190/1190/1190
f 941/941/941 1199/1199/1199 545/545/545
f 1002/1002/1002 1199/1199/1199 941/941/941
f 1000/1000/1000 1002/1002/1002 940/940/940
f 349/349/349 350/350/350 351/351/351
f 1001/1001/1001 1199/1199/1199 1002/1002/1002
f 1000/1000/1000 1150/1150/1150 1001/1001/1001
f 1194/1194/1194 1179/1179/1179 1190/1190/1190
f 940/940/940 1002/1002/1002 941/941/941
f 940/940/940 941/941/941 942/942/942
f 1179/1179/1179 942/942/942 1190/1190/1190
f 1223/1223/1223 1194/1194/1194 1190/1190/1190
f 951/951/951 941/941/941 350/350/350
f 942/942/942 941/941/941 1190/1190/1190
f 942/942/942 1179/1179/1179 940/940/940
f 1190/1190/1190 941/941/941 951/951/951
f 1000/1000/1000 1001/1001/1001 1002/1002/1002
f 350/350/350 941/941/941 545/545/545
f 545/545/545 919/919/919 546/546/546
f 351/351/351 545/545/545 547/547/547
f 1645/1645/1645 1151/1151/1151 1631/1631/1631
f 1631/1631/1631 409/409/409 408/408/408
f 545/545/545 1199/1199/1199 919/919/919
f 1151/1151/1151 919/919/919 1001/1001/1001
f 1151/1151/1151 1109/1109/1109 919/919/919
f 1001/1001/1001 919/919/919 1199/1199/1199
f 351/351/351 350/350/350 545/545/545
f 351/351/351 547/547/547 560/560/560
f 409/409/409 1631/1631/1631 1151/1151/1151
f 919/919/919 1109/1109/1109 546/546/546
f 1150/1150/1150 409/409/409 1151/1151/1151
f 545/545/545 546/546/546 547/547/547
f 1050/1050/1050 1052/1052/1052 1223/1223/1223
f 1529/1529/1529 410/410/410 1029/1029/1029
f 1028/1028/1028 1029/1029/1029 1030/1030/1030
f 1220/1220/1220 1028/1028/1028 1030/1030/1030
f 1051/1051/1051 1214/1214/1214 1028/1028/1028
f 1051/1051/1051 1159/1159/1159 1214/1214/1214
f 1150/1150/1150 410/410/410 409/409/409
f 1050/1050/1050 1051/1051/1051 1052/1052/1052
f 1000/1000/1000 1030/1030/1030 1150/1150/1150
f 1490/1490/1490 1529/1529/1529 1290/1290/1290
f 1194/1194/1194 1220/1220/1220 1179/1179/1179
f 1051/1051/1051 1220/1220/1220 1052/1052/1052
f 1028/1028/1028 1290/1290/1290 1029/1029/1029
f 1220/1220/1220 1194/1194/1194 1052/1052/1052
f 1490/1490/1490 1290/1290/1290 1214/1214/1214
f 1051/1051/1051 1028/1028/1028 1220/1220/1220
f 1052/1052/1052 1194/1194/1194 1223/1223/1223
f 1220/1220/1220 1030/1030/1030 1000/1000/1000
f 1214/1214/1214 1290/1290/1290 1028/1028/1028
f 1529/1529/1529 1029/1029/1029 1290/1290/1290
f 1029/1029/1029 410/410/410 1030/1030/1030
f 1159/1159/1159 1490/1490/1490 1214/1214/1214
f 1220/1220/1220 1000/1000/1000 1179/1179/1179
f 1030/1030/1030 410/410/410 1150/1150/1150
f 408/408/408 409/409/409 410/410/410
f 1700/1700/1700 1705/1705/1705 797/797/797
f 836/836/836 873/873/873 1061/1061/1061
f 836/836/836 519/519/519 873/873/873
f 519/519/519 836/836/836 837/837/837
f 1044/1044/1044 1043/1043/1043 1190/1190/1190
f 1042/1042/1042 1043/1043/1043 1044/1044/1044
f 1042/1042/1042 1044/1044/1044 1134/1134/1134
f 1061/1061/1061 873/873/873 293/293/293
f 1195/1195/1195 1190/1190/1190 1043/1043/1043
f 836/836/836 1061/1061/1061 1188/1188/1188
f 836/836/836 1188/1188/1188 837/837/837
f 1190/1190/1190 952/952/952 1044/1044/1044
f 518/518/518 503/503/503 519/519/519
f 518/518/518 1134/1134/1134 503/503/503
f 518/518/518 519/519/519 837/837/837
f 1042/1042/1042 1195/1195/1195 1043/1043/1043
f 1044/1044/1044 952/952/952 503/503/503
f 1044/1044/1044 503/503/503 1134/1134/1134
f 503/503/503 504/504/504 505/505/505
f 474/474/474 349/349/349 351/351/351
f 952/952/952 526/526/526 504/504/504
f 514/514/514 505/505/505 515/515/515
f 519/519/519 505/505/505 873/873/873
f 951/951/951 350/350/350 526/526/526
f 951/951/951 526/526/526 952/952/952
f 515/515/515 349/349/349 474/474/474
f 349/349/349 515/515/515 526/526/526
f 873/873/873 514/514/514 293/293/293
f 515/515/515 504/504/504 526/526/526
f 505/505/505 504/504/504 515/515/515
f 1190/1190/1190 951/951/951 952/952/952
f 505/505/505 514/514/514 873/873/873
f 526/526/526 350/350/350 349/349/349
f 519/519/519 503/503/503 505/505/505
f 504/504/504 503/503/503 952/952/952
f 1001/1001/1001 1150/1150/1150 1151/1151/1151
f 1564/1564/1564 1428/1428/1428 1427/1427/1427
f 2112/2112/2112 2164/2164/2164 2166/2166/2166
f 2164/2164/2164 2158/2158/2158 2156/2156/2156
f 1427/1427/1427 1428/1428/1428 1429/1429/1429
f 2157/2157/2157 2161/2161/2161 2159/2159/2159
f 2158/2158/2158 2152/2152/2152 2155/2155/2155
f 1427/1427/1427 2161/2161/2161 2157/2157/2157
f 1564/1564/1564 1427/1427/1427 2157/2157/2157
f 2159/2159/2159 2166/2166/2166 2156/2156/2156
f 1427/1427/1427 1592/1592/1592 2167/2167/2167
f 2171/2171/2171 2160/2160/2160 2164/2164/2164
f 2166/2166/2166 2164/2164/2164 2156/2156/2156
f 1427/1427/1427 2167/2167/2167 2161/2161/2161
f 1427/1427/1427 1429/1429/1429 1592/1592/1592
f 2160/2160/2160 2154/2154/2154 2158/2158/2158
f 2159/2159/2159 2167/2167/2167 2166/2166/2166
f 2164/2164/2164 2160/2160/2160 2158/2158/2158
f 2156/2156/2156 2158/2158/2158 2155/2155/2155
f 2161/2161/2161 2167/2167/2167 2159/2159/2159
f 2153/2153/2153 2159/2159/2159 2156/2156/2156
f 2157/2157/2157 2159/2159/2159 2153/2153/2153
f 1564/1564/1564 2151/2151/2151 1665/1665/1665
f 1564/1564/1564 2157/2157/2157 2151/2151/2151
f 1565/1565/1565 392/392/392 1611/1611/1611
f 391/391/391 393/393/393 531/531/531
f 1612/1612/1612 391/391/391 1198/1198/1198
f 1602/1602/1602 1611/1611/1611 1591/1591/1591
f 1601/1601/1601 1565/1565/1565 1611/1611/1611
f 1565/1565/1565 1331/1331/1331 392/392/392
f 1331/1331/1331 676/676/676 392/392/392
f 1612/1612/1612 1198/1198/1198 1323/1323/1323
f 1629/1629/1629 1601/1601/1601 1600/1600/1600
f 391/391/391 1612/1612/1612 1611/1611/1611
f 1611/1611/1611 392/392/392 391/391/391
f 1600/1600/1600 1601/1601/1601 1602/1602/1602
f 1428/1428/1428 1629/1629/1629 1429/1429/1429
f 1601/1601/1601 1611/1611/1611 1602/1602/1602
f 391/391/391 392/392/392 393/393/393
f 1611/1611/1611 1612/1612/1612 1323/1323/1323
f 1564/1564/1564 1601/1601/1601 1428/1428/1428
f 1591/1591/1591 1611/1611/1611 1323/1323/1323
f 1601/1601/1601 1564/1564/1564 1565/1565/1565
f 1428/1428/1428 1601/1601/1601 1629/1629/1629
f 1591/1591/1591 688/688/688 1604/1604/1604
f 1564/1564/1564 1331/1331/1331 1565/1565/1565
f 1591/1591/1591 1323/1323/1323 688/688/688
f 1564/1564/1564 1665/1665/1665 1331/1331/1331
f 630/630/630 610/610/610 541/541/541
f 687/687/687 630/630/630 640/640/640
f 1323/1323/1323 610/610/610 688/688/688
f 687/687/687 640/640/640 686/686/686
f 1198/1198/1198 610/610/610 1323/1323/1323
f 688/688/688 610/610/610 630/630/630
f 491/491/491 1604/1604/1604 688/688/688
f 531/531/531 1198/1198/1198 391/391/391
f 687/687/687 688/688/688 630/630/630
f 610/610/610 1198/1198/1198 1205/1205/1205
f 2113/2113/2113 2112/2112/2112 2167/2167/2167
f 2020/2020/2020 2140/2140/2140 2112/2112/2112
f 2020/2020/2020 2112/2112/2112 2113/2113/2113
f 2042/2042/2042 1895/1895/1895 1897/1897/1897
f 2020/2020/2020 2167/2167/2167 1592/1592/1592
f 2112/2112/2112 2166/2166/2166 2167/2167/2167
f 2020/2020/2020 2113/2113/2113 2167/2167/2167
f 2140/2140/2140 1896/1896/1896 2171/2171/2171
f 2112/2112/2112 2140/2140/2140 2164/2164/2164
f 2111/2111/2111 2097/2097/2097 1897/1897/1897
f 2019/2019/2019 2128/2128/2128 2020/2020/2020
f 2019/2019/2019 2111/2111/2111 2128/2128/2128
f 1897/1897/1897 1896/1896/1896 2140/2140/2140
f 2097/2097/2097 2043/2043/2043 1897/1897/1897
f 2020/2020/2020 2128/2128/2128 2140/2140/2140
f 2128/2128/2128 2111/2111/2111 1897/1897/1897
f 2140/2140/2140 2128/2128/2128 1897/1897/1897
f 2140/2140/2140 2171/2171/2171 2164/2164/2164
f 1897/1897/1897 2043/2043/2043 2042/2042/2042
f 1600/1600/1600 361/361/361 1586/1586/1586
f 1600/1600/1600 1602/1602/1602 361/361/361
f 7/7/7 1586/1586/1586 361/361/361
f 1594/1594/1594 866/866/866 1628/1628/1628
f 1592/1592/1592 1593/1593/1593 1594/1594/1594
f 361/361/361 1602/1602/1602 460/460/460
f 1593/1593/1593 1592/1592/1592 1429/1429/1429
f 7/7/7 361/361/361 8/8/8
f 108/108/108 866/866/866 7/7/7
f 866/866/866 1586/1586/1586 7/7/7
f 108/108/108 7/7/7 66/66/66
f 1628/1628/1628 2111/2111/2111 2019/2019/2019
f 1629/1629/1629 1600/1600/1600 1593/1593/1593
f 866/866/866 188/188/188 1628/1628/1628
f 1594/1594/1594 1586/1586/1586 866/866/866
f 866/866/866 189/189/189 188/188/188
f 1593/1593/1593 1586/1586/1586 1594/1594/1594
f 1602/1602/1602 1591/1591/1591 824/824/824
f 1594/1594/1594 2019/2019/2019 2020/2020/2020
f 1600/1600/1600 1586/1586/1586 1593/1593/1593
f 460/460/460 1602/1602/1602 824/824/824
f 1594/1594/1594 2020/2020/2020 1592/1592/1592
f 189/189/189 866/866/866 108/108/108
f 188/188/188 329/329/329 1628/1628/1628
f 1429/1429/1429 1629/1629/1629 1593/1593/1593
f 1594/1594/1594 1628/1628/1628 2019/2019/2019
f 799/799/799 14/14/14 492/492/492
f 686/686/686 685/685/685 687/687/687
f 492/492/492 491/491/491 687/687/687
f 460/460/460 824/824/824 13/13/13
f 834/834/834 422/422/422 782/782/782
f 422/422/422 799/799/799 782/782/782
f 14/14/14 13/13/13 492/492/492
f 492/492/492 687/687/687 685/685/685
f 66/66/66 7/7/7 9/9/9
f 824/824/824 1591/1591/1591 1604/1604/1604
f 799/799/799 422/422/422 14/14/14
f 824/824/824 1604/1604/1604 491/491/491
f 361/361/361 13/13/13 8/8/8
f 491/491/491 492/492/492 13/13/13
f 9/9/9 13/13/13 14/14/14
f 8/8/8 13/13/13 9/9/9
f 13/13/13 824/824/824 491/491/491
f 9/9/9 14/14/14 422/422/422
f 7/7/7 8/8/8 9/9/9
f 361/361/361 460/460/460 13/13/13
f 491/491/491 688/688/688 687/687/687
f 640/640/640 630/630/630 541/541/541
f 786/786/786 2116/2116/2116 1854/1854/1854
f 2043/2043/2043 2076/2076/2076 1904/1904/1904
f 1854/1854/1854 1853/1853/1853 1904/1904/1904
f 1432/1432/1432 1854/1854/1854 2059/2059/2059
f 71/71/71 1430/1430/1430 2096/2096/2096
f 2129/2129/2129 2076/2076/2076 2043/2043/2043
f 2111/2111/2111 2120/2120/2120 2097/2097/2097
f 2043/2043/2043 1904/1904/1904 2042/2042/2042
f 1852/1852/1852 1853/1853/1853 1854/1854/1854
f 1430/1430/1430 1432/1432/1432 2059/2059/2059
f 1904/1904/1904 2041/2041/2041 2042/2042/2042
f 1888/1888/1888 784/784/784 1432/1432/1432
f 1430/1430/1430 1431/1431/1431 1432/1432/1432
f 1853/1853/1853 2041/2041/2041 1904/1904/1904
f 1888/1888/1888 1862/1862/1862 784/784/784
f 1431/1431/1431 1888/1888/1888 1432/1432/1432
f 2076/2076/2076 2059/2059/2059 1904/1904/1904
f 1432/1432/1432 784/784/784 786/786/786
f 1432/1432/1432 786/786/786 1854/1854/1854
f 2129/2129/2129 2096/2096/2096 2076/2076/2076
f 2096/2096/2096 1430/1430/1430 2059/2059/2059
f 2120/2120/2120 2043/2043/2043 2097/2097/2097
f 784/784/784 1862/1862/1862 785/785/785
f 2059/2059/2059 1854/1854/1854 1904/1904/1904
f 1844/1844/1844 786/786/786 785/785/785
f 2096/2096/2096 2059/2059/2059 2076/2076/2076
f 784/784/784 785/785/785 786/786/786
f 2120/2120/2120 2129/2129/2129 2043/2043/2043
f 1859/1859/1859 1952/1952/1952 1953/1953/1953
f 1860/1860/1860 1861/1861/1861 1862/1862/1862
f 1859/1859/1859 1953/1953/1953 1888/1888/1888
f 1849/1849/1849 1890/1890/1890 1889/1889/1889
f 2028/2028/2028 1849/1849/1849 1889/1889/1889
f 1890/1890/1890 1919/1919/1919 1861/1861/1861
f 1862/1862/1862 1861/1861/1861 785/785/785
f 1919/1919/1919 1844/1844/1844 785/785/785
f 1888/1888/1888 1860/1860/1860 1862/1862/1862
f 1431/1431/1431 1859/1859/1859 1888/1888/1888
f 1889/1889/1889 1890/1890/1890 1860/1860/1860
f 1861/1861/1861 1919/1919/1919 785/785/785
f 2028/2028/2028 1860/1860/1860 1952/1952/1952
f 2028/2028/2028 1889/1889/1889 1860/1860/1860
f 1953/1953/1953 1952/1952/1952 1860/1860/1860
f 1953/1953/1953 1860/1860/1860 1888/1888/1888
f 1860/1860/1860 1890/1890/1890 1861/1861/1861
f 1628/1628/1628 2120/2120/2120 2111/2111/2111
f 188/188/188 72/72/72 329/329/329
f 65/65/65 108/108/108 66/66/66
f 188/188/188 189/189/189 72/72/72
f 329/329/329 2120/2120/2120 1628/1628/1628
f 258/258/258 108/108/108 65/65/65
f 189/189/189 108/108/108 258/258/258
f 82/82/82 189/189/189 258/258/258
f 82/82/82 72/72/72 189/189/189
f 39/39/39 258/258/258 65/65/65
f 307/307/307 95/95/95 111/111/111
f 18/18/18 19/19/19 20/20/20
f 329/329/329 71/71/71 2129/2129/2129
f 307/307/307 120/120/120 1431/1431/1431
f 73/73/73 111/111/111 95/95/95
f 95/95/95 1430/1430/1430 71/71/71
f 194/194/194 18/18/18 259/259/259
f 83/83/83 106/106/106 73/73/73
f 83/83/83 82/82/82 19/19/19
f 19/19/19 258/258/258 39/39/39
f 2129/2129/2129 71/71/71 2096/2096/2096
f 73/73/73 106/106/106 112/112/112
f 71/71/71 73/73/73 95/95/95
f 19/19/19 39/39/39 20/20/20
f 106/106/106 18/18/18 194/194/194
f 329/329/329 2129/2129/2129 2120/2120/2120
f 95/95/95 307/307/307 1430/1430/1430
f 83/83/83 19/19/19 18/18/18
f 307/307/307 1431/1431/1431 1430/1430/1430
f 111/111/111 73/73/73 112/112/112
f 329/329/329 72/72/72 71/71/71
f 71/71/71 72/72/72 73/73/73
f 82/82/82 83/83/83 73/73/73
f 106/106/106 83/83/83 18/18/18
f 111/111/111 112/112/112 120/120/120
f 72/72/72 82/82/82 73/73/73
f 82/82/82 258/258/258 19/19/19
f 111/111/111 120/120/120 307/307/307
f 18/18/18 20/20/20 259/259/259
f 193/193/193 106/106/106 194/194/194
f 120/120/120 199/199/199 331/331/331
f 199/199/199 362/362/362 331/331/331
f 120/120/120 331/331/331 1859/1859/1859
f 766/766/766 194/194/194 867/867/867
f 853/853/853 2003/2003/2003 331/331/331
f 193/193/193 766/766/766 362/362/362
f 766/766/766 193/193/193 194/194/194
f 331/331/331 362/362/362 364/364/364
f 362/362/362 766/766/766 805/805/805
f 331/331/331 2003/2003/2003 1859/1859/1859
f 2003/2003/2003 1952/1952/1952 1859/1859/1859
f 193/193/193 112/112/112 106/106/106
f 199/199/199 193/193/193 362/362/362
f 199/199/199 112/112/112 193/193/193
f 194/194/194 259/259/259 867/867/867
f 120/120/120 112/112/112 199/199/199
f 120/120/120 1859/1859/1859 1431/1431/1431
f 853/853/853 1952/1952/1952 2003/2003/2003
f 766/766/766 907/907/907 805/805/805
f 867/867/867 907/907/907 766/766/766
f 1655/1655/1655 1656/1656/1656 1652/1652/1652
f 1811/1811/1811 1742/1742/1742 2100/2100/2100
f 1640/1640/1640 1653/1653/1653 1638/1638/1638
f 1656/1656/1656 1670/1670/1670 1657/1657/1657
f 1635/1635/1635 1652/1652/1652 1640/1640/1640
f 1673/1673/1673 1742/1742/1742 1811/1811/1811
f 1663/1663/1663 1669/1669/1669 1656/1656/1656
f 1658/1658/1658 1673/1673/1673 1659/1659/1659
f 1659/1659/1659 1673/1673/1673 1663/1663/1663
f 1655/1655/1655 1652/1652/1652 1635/1635/1635
f 1656/1656/1656 1657/1657/1657 1653/1653/1653
f 1673/1673/1673 1674/1674/1674 1663/1663/1663
f 1982/1982/1982 1849/1849/1849 2028/2028/2028
f 1652/1652/1652 1656/1656/1656 1640/1640/1640
f 1656/1656/1656 1669/1669/1669 1670/1670/1670
f 1673/1673/1673 1677/1677/1677 1674/1674/1674
f 2098/2098/2098 1980/1980/1980 1982/1982/1982
f 1640/1640/1640 1656/1656/1656 1653/1653/1653
f 1663/1663/1663 1674/1674/1674 1669/1669/1669
f 1658/1658/1658 1659/1659/1659 1655/1655/1655
f 2028/2028/2028 2098/2098/2098 1982/1982/1982
f 2098/2098/2098 2028/2028/2028 2100/2100/2100
f 2100/2100/2100 2028/2028/2028 1952/1952/1952
f 1658/1658/1658 1980/1980/1980 1742/1742/1742
f 1659/1659/1659 1663/1663/1663 1655/1655/1655
f 1980/1980/1980 2098/2098/2098 1742/1742/1742
f 1655/1655/1655 1663/1663/1663 1656/1656/1656
f 1658/1658/1658 1742/1742/1742 1673/1673/1673
f 1811/1811/1811 2100/2100/2100 1952/1952/1952
f 1742/1742/1742 2098/2098/2098 2100/2100/2100
f 1677/1677/1677 1673/1673/1673 1811/1811/1811
f 1674/1674/1674 364/364/364 1669/1669/1669
f 331/331/331 364/364/364 853/853/853
f 1670/1670/1670 1675/1675/1675 1671/1671/1671
f 362/362/362 363/363/363 364/364/364
f 364/364/364 363/363/363 1669/1669/1669
f 1669/1669/1669 363/363/363 1670/1670/1670
f 362/362/362 805/805/805 363/363/363
f 1670/1670/1670 363/363/363 1675/1675/1675
f 1670/1670/1670 1671/1671/1671 1657/1657/1657
f 1675/1675/1675 1676/1676/1676 1671/1671/1671
f 1677/1677/1677 1811/1811/1811 853/853/853
f 853/853/853 364/364/364 1677/1677/1677
f 1811/1811/1811 1952/1952/1952 853/853/853
f 363/363/363 805/805/805 1675/1675/1675
f 1677/1677/1677 364/364/364 1674/1674/1674
f 1675/1675/1675 907/907/907 1676/1676/1676
f 805/805/805 907/907/907 1675/1675/1675
f 771/771/771 317/317/317 772/772/772
f 126/126/126 67/67/67 909/909/909
f 316/316/316 772/772/772 317/317/317
f 131/131/131 140/140/140 696/696/696
f 422/422/422 67/67/67 9/9/9
f 771/771/771 308/308/308 317/317/317
f 909/909/909 67/67/67 896/896/896
f 317/317/317 696/696/696 318/318/318
f 131/131/131 139/139/139 140/140/140
f 66/66/66 9/9/9 67/67/67
f 126/126/126 909/909/909 139/139/139
f 1672/1672/1672 771/771/771 844/844/844
f 844/844/844 771/771/771 772/772/772
f 1672/1672/1672 891/891/891 771/771/771
f 317/317/317 308/308/308 131/131/131
f 896/896/896 67/67/67 422/422/422
f 697/697/697 696/696/696 140/140/140
f 140/140/140 909/909/909 697/697/697
f 140/140/140 139/139/139 909/909/909
f 126/126/126 65/65/65 67/67/67
f 65/65/65 66/66/66 67/67/67
f 317/317/317 131/131/131 696/696/696
f 867/867/867 259/259/259 804/804/804
f 20/20/20 130/130/130 129/129/129
f 891/891/891 804/804/804 771/771/771
f 129/129/129 131/131/131 308/308/308
f 804/804/804 129/129/129 308/308/308
f 129/129/129 130/130/130 131/131/131
f 131/131/131 130/130/130 139/139/139
f 20/20/20 39/39/39 130/130/130
f 907/907/907 867/867/867 891/891/891
f 891/891/891 867/867/867 804/804/804
f 39/39/39 126/126/126 130/130/130
f 259/259/259 20/20/20 129/129/129
f 259/259/259 129/129/129 804/804/804
f 39/39/39 65/65/65 126/126/126
f 804/804/804 308/308/308 771/771/771
f 130/130/130 126/126/126 139/139/139
f 547/547/547 772/772/772 249/249/249
f 248/248/248 249/249/249 250/250/250
f 695/695/695 318/318/318 696/696/696
f 562/562/562 250/250/250 695/695/695
f 249/249/249 316/316/316 318/318/318
f 737/737/737 695/695/695 697/697/697
f 316/316/316 317/317/317 318/318/318
f 896/896/896 422/422/422 877/877/877
f 562/562/562 695/695/695 737/737/737
f 695/695/695 696/696/696 697/697/697
f 250/250/250 318/318/318 695/695/695
f 738/738/738 737/737/737 908/908/908
f 697/697/697 909/909/909 896/896/896
f 877/877/877 422/422/422 834/834/834
f 250/250/250 249/249/249 318/318/318
f 249/249/249 560/560/560 547/547/547
f 908/908/908 896/896/896 877/877/877
f 737/737/737 896/896/896 908/908/908
f 737/737/737 697/697/697 896/896/896
f 845/845/845 772/772/772 547/547/547
f 772/772/772 316/316/316 249/249/249
f 844/844/844 772/772/772 845/845/845
f 1676/1676/1676 1672/1672/1672 1667/1667/1667
f 1109/1109/1109 999/999/999 546/546/546
f 1664/1664/1664 1646/1646/1646 1657/1657/1657
f 1672/1672/1672 844/844/844 843/843/843
f 845/845/845 999/999/999 1282/1282/1282
f 1646/1646/1646 1645/1645/1645 1631/1631/1631
f 1281/1281/1281 999/999/999 1109/1109/1109
f 1281/1281/1281 1645/1645/1645 1646/1646/1646
f 1671/1671/1671 1676/1676/1676 1667/1667/1667
f 843/843/843 844/844/844 845/845/845
f 1657/1657/1657 1646/1646/1646 1654/1654/1654
f 891/891/891 1672/1672/1672 1676/1676/1676
f 999/999/999 845/845/845 546/546/546
f 1672/1672/1672 843/843/843 1282/1282/1282
f 1671/1671/1671 1667/1667/1667 1664/1664/1664
f 907/907/907 891/891/891 1676/1676/1676
f 1664/1664/1664 1281/1281/1281 1646/1646/1646
f 1638/1638/1638 1653/1653/1653 408/408/408
f 1653/1653/1653 1654/1654/1654 408/408/408
f 1667/1667/1667 1281/1281/1281 1664/1664/1664
f 1654/1654/1654 1631/1631/1631 408/408/408
f 999/999/999 1281/1281/1281 1282/1282/1282
f 1109/1109/1109 1151/1151/1151 1645/1645/1645
f 546/546/546 845/845/845 547/547/547
f 1282/1282/1282 843/843/843 845/845/845
f 1654/1654/1654 1646/1646/1646 1631/1631/1631
f 1281/1281/1281 1672/1672/1672 1282/1282/1282
f 1667/1667/1667 1672/1672/1672 1281/1281/1281
f 1657/1657/1657 1654/1654/1654 1653/1653/1653
f 1671/1671/1671 1664/1664/1664 1657/1657/1657
f 1109/1109/1109 1645/1645/1645 1281/1281/1281
f 321/321/321 320/320/320 1293/1293/1293
f 1272/1272/1272 1267/1267/1267 987/987/987
f 1267/1267/1267 636/636/636 618/618/618
f 576/576/576 325/325/325 856/856/856
f 856/856/856 207/207/207 1114/1114/1114
f 324/324/324 802/802/802 2216/2216/2216
f 1293/1293/1293 1272/1272/1272 321/321/321
f 1293/1293/1293 1114/1114/1114 1272/1272/1272
f 1294/1294/1294 636/636/636 1267/1267/1267
f 1294/1294/1294 1295/1295/1295 636/636/636
f 1293/1293/1293 320/320/320 856/856/856
f 1267/1267/1267 1272/1272/1272 1294/1294/1294
f 2216/2216/2216 2190/2190/2190 966/966/966
f 856/856/856 325/325/325 208/208/208
f 324/324/324 1126/1126/1126 325/325/325
f 2216/2216/2216 966/966/966 324/324/324
f 2195/2195/2195 2190/2190/2190 2216/2216/2216
f 1309/1309/1309 1294/1294/1294 1272/1272/1272
f 856/856/856 1114/1114/1114 1293/1293/1293
f 1309/1309/1309 1272/1272/1272 1114/1114/1114
f 1126/1126/1126 324/324/324 966/966/966
f 323/323/323 324/324/324 325/325/325
f 1309/1309/1309 1165/1165/1165 1315/1315/1315
f 680/680/680 325/325/325 633/633/633
f 1165/1165/1165 943/943/943 1315/1315/1315
f 1315/1315/1315 1295/1295/1295 1294/1294/1294
f 1130/1130/1130 680/680/680 635/635/635
f 681/681/681 1165/1165/1165 209/209/209
f 325/325/325 1126/1126/1126 633/633/633
f 208/208/208 680/680/680 681/681/681
f 1165/1165/1165 681/681/681 943/943/943
f 208/208/208 681/681/681 209/209/209
f 680/680/680 633/633/633 635/635/635
f 1114/1114/1114 1165/1165/1165 1309/1309/1309
f 209/209/209 1165/1165/1165 1114/1114/1114
f 1100/1100/1100 1099/1099/1099 1130/1130/1130
f 1309/1309/1309 1315/1315/1315 1294/1294/1294
f 208/208/208 207/207/207 856/856/856
f 208/208/208 325/325/325 680/680/680
f 681/681/681 680/680/680 1130/1130/1130
f 1130/1130/1130 635/635/635 1100/1100/1100
f 1126/1126/1126 967/967/967 634/634/634
f 1126/1126/1126 966/966/966 967/967/967
f 1130/1130/1130 944/944/944 681/681/681
f 207/207/207 208/208/208 209/209/209
f 681/681/681 944/944/944 943/943/943
f 1126/1126/1126 634/634/634 633/633/633
f 633/633/633 634/634/634 635/635/635
f 209/209/209 1114/1114/1114 207/207/207
f 634/634/634 1006/1006/1006 812/812/812
f 1224/1224/1224 1805/1805/1805 1696/1696/1696
f 1099/1099/1099 977/977/977 945/945/945
f 237/237/237 236/236/236 631/631/631
f 383/383/383 1012/1012/1012 1318/1318/1318
f 383/383/383 382/382/382 1012/1012/1012
f 967/967/967 237/237/237 634/634/634
f 1805/1805/1805 1213/1213/1213 2190/2190/2190
f 1805/1805/1805 1224/1224/1224 1213/1213/1213
f 1131/1131/1131 383/383/383 978/978/978
f 1116/1116/1116 978/978/978 977/977/977
f 1224/1224/1224 235/235/235 244/244/244
f 966/966/966 244/244/244 967/967/967
f 2195/2195/2195 1805/1805/1805 2190/2190/2190
f 1116/1116/1116 1131/1131/1131 978/978/978
f 944/944/944 1130/1130/1130 1099/1099/1099
f 1805/1805/1805 1943/1943/1943 1696/1696/1696
f 1213/1213/1213 1224/1224/1224 244/244/244
f 244/244/244 235/235/235 237/237/237
f 2190/2190/2190 1213/1213/1213 966/966/966
f 237/237/237 967/967/967 244/244/244
f 235/235/235 236/236/236 237/237/237
f 634/634/634 812/812/812 635/635/635
f 1099/1099/1099 945/945/945 944/944/944
f 966/966/966 1213/1213/1213 244/244/244
f 237/237/237 631/631/631 1006/1006/1006
f 237/237/237 1006/1006/1006 634/634/634
f 2195/2195/2195 1943/1943/1943 1805/1805/1805
f 36/36/36 37/37/37 38/38/38
f 1717/1717/1717 882/882/882 1596/1596/1596
f 1268/1268/1268 1696/1696/1696 1582/1582/1582
f 387/387/387 728/728/728 723/723/723
f 38/38/38 1577/1577/1577 761/761/761
f 1596/1596/1596 1582/1582/1582 1696/1696/1696
f 37/37/37 882/882/882 38/38/38
f 760/760/760 1577/1577/1577 694/694/694
f 1577/1577/1577 38/38/38 694/694/694
f 1577/1577/1577 760/760/760 761/761/761
f 37/37/37 1582/1582/1582 1596/1596/1596
f 882/882/882 37/37/37 1596/1596/1596
f 1943/1943/1943 1944/1944/1944 1596/1596/1596
f 1224/1224/1224 1696/1696/1696 1268/1268/1268
f 38/38/38 882/882/882 939/939/939
f 388/388/388 387/387/387 723/723/723
f 37/37/37 2002/2002/2002 1582/1582/1582
f 388/388/388 723/723/723 1012/1012/1012
f 729/729/729 760/760/760 728/728/728
f 1943/1943/1943 1596/1596/1596 1696/1696/1696
f 1717/1717/1717 1596/1596/1596 1944/1944/1944
f 37/37/37 36/36/36 2002/2002/2002
f 235/235/235 1224/1224/1224 1268/1268/1268
f 2002/2002/2002 1968/1968/1968 1582/1582/1582
f 1570/1570/1570 38/38/38 1320/1320/1320
f 38/38/38 761/761/761 1320/1320/1320
f 1621/1621/1621 1268/1268/1268 1270/1270/1270
f 1268/1268/1268 1582/1582/1582 1269/1269/1269
f 760/760/760 729/729/729 761/761/761
f 1570/1570/1570 36/36/36 38/38/38
f 2002/2002/2002 36/36/36 1570/1570/1570
f 729/729/729 1320/1320/1320 761/761/761
f 728/728/728 387/387/387 729/729/729
f 1268/1268/1268 1621/1621/1621 235/235/235
f 1064/1064/1064 383/383/383 1131/1131/1131
f 816/816/816 1320/1320/1320 815/815/815
f 1621/1621/1621 403/403/403 236/236/236
f 938/938/938 814/814/814 386/386/386
f 1106/1106/1106 386/386/386 388/388/388
f 816/816/816 1570/1570/1570 1320/1320/1320
f 814/814/814 1168/1168/1168 816/816/816
f 2341/2341/2341 1270/1270/1270 1964/1964/1964
f 381/381/381 382/382/382 383/383/383
f 386/386/386 387/387/387 388/388/388
f 815/815/815 814/814/814 816/816/816
f 1269/1269/1269 1968/1968/1968 1964/1964/1964
f 729/729/729 386/386/386 814/814/814
f 1570/1570/1570 816/816/816 1265/1265/1265
f 1270/1270/1270 1269/1269/1269 1964/1964/1964
f 815/815/815 1320/1320/1320 729/729/729
f 815/815/815 729/729/729 814/814/814
f 1270/1270/1270 2341/2341/2341 1621/1621/1621
f 381/381/381 388/388/388 382/382/382
f 1968/1968/1968 1570/1570/1570 1265/1265/1265
f 2002/2002/2002 1570/1570/1570 1968/1968/1968
f 235/235/235 1621/1621/1621 236/236/236
f 381/381/381 1106/1106/1106 388/388/388
f 1269/1269/1269 1582/1582/1582 1968/1968/1968
f 386/386/386 729/729/729 387/387/387
f 1064/1064/1064 381/381/381 383/383/383
f 1268/1268/1268 1269/1269/1269 1270/1270/1270
f 636/636/636 637/637/637 618/618/618
f 945/945/945 978/978/978 1016/1016/1016
f 1004/1004/1004 1307/1307/1307 1295/1295/1295
f 1318/1318/1318 1307/1307/1307 1004/1004/1004
f 618/618/618 637/637/637 157/157/157
f 1016/1016/1016 1004/1004/1004 1315/1315/1315
f 978/978/978 1004/1004/1004 1016/1016/1016
f 1315/1315/1315 1004/1004/1004 1295/1295/1295
f 943/943/943 945/945/945 1016/1016/1016
f 383/383/383 1318/1318/1318 1004/1004/1004
f 1307/1307/1307 692/692/692 636/636/636
f 1295/1295/1295 1307/1307/1307 636/636/636
f 943/943/943 1016/1016/1016 1315/1315/1315
f 978/978/978 383/383/383 1004/1004/1004
f 977/977/977 978/978/978 945/945/945
f 692/692/692 637/637/637 636/636/636
f 943/943/943 944/944/944 945/945/945
f 1318/1318/1318 692/692/692 1307/1307/1307
f 723/723/723 701/701/701 692/692/692
f 607/607/607 694/694/694 939/939/939
f 692/692/692 651/651/651 637/637/637
f 692/692/692 693/693/693 651/651/651
f 607/607/607 651/651/651 693/693/693
f 701/701/701 728/728/728 694/694/694
f 1318/1318/1318 1012/1012/1012 723/723/723
f 607/607/607 939/939/939 158/158/158
f 694/694/694 607/607/607 693/693/693
f 728/728/728 760/760/760 694/694/694
f 693/693/693 701/701/701 694/694/694
f 1717/1717/1717 939/939/939 882/882/882
f 651/651/651 607/607/607 157/157/157
f 692/692/692 701/701/701 693/693/693
f 637/637/637 651/651/651 157/157/157
f 701/701/701 723/723/723 728/728/728
f 1318/1318/1318 723/723/723 692/692/692
f 38/38/38 939/939/939 694/694/694
f 382/382/382 388/388/388 1012/1012/1012
f 1177/1177/1177 1178/1178/1178 1459/1459/1459
f 813/813/813 1178/1178/1178 1327/1327/1327
f 1327/1327/1327 1115/1115/1115 1098/1098/1098
f 1117/1117/1117 1116/1116/1116 977/977/977
f 1098/1098/1098 1099/1099/1099 1100/1100/1100
f 1115/1115/1115 1116/1116/1116 1117/1117/1117
f 1098/1098/1098 1100/1100/1100 812/812/812
f 1006/1006/1006 632/632/632 812/812/812
f 1178/1178/1178 1102/1102/1102 1101/1101/1101
f 631/631/631 405/405/405 632/632/632
f 1101/1101/1101 1131/1131/1131 1115/1115/1115
f 1100/1100/1100 635/635/635 812/812/812
f 1115/1115/1115 1327/1327/1327 1101/1101/1101
f 405/405/405 678/678/678 632/632/632
f 812/812/812 632/632/632 813/813/813
f 1115/1115/1115 1131/1131/1131 1116/1116/1116
f 813/813/813 1327/1327/1327 1098/1098/1098
f 678/678/678 1459/1459/1459 632/632/632
f 1459/1459/1459 1178/1178/1178 813/813/813
f 1117/1117/1117 977/977/977 1099/1099/1099
f 1115/1115/1115 1117/1117/1117 1098/1098/1098
f 1177/1177/1177 1102/1102/1102 1178/1178/1178
f 1459/1459/1459 813/813/813 632/632/632
f 1177/1177/1177 1459/1459/1459 678/678/678
f 1006/1006/1006 631/631/631 632/632/632
f 1098/1098/1098 1117/1117/1117 1099/1099/1099
f 1101/1101/1101 1064/1064/1064 1131/1131/1131
f 812/812/812 813/813/813 1098/1098/1098
f 1178/1178/1178 1101/1101/1101 1327/1327/1327
f 1374/1374/1374 677/677/677 679/679/679
f 1434/1434/1434 2323/2323/2323 614/614/614
f 1433/1433/1433 405/405/405 404/404/404
f 1434/1434/1434 613/613/613 1317/1317/1317
f 1963/1963/1963 2323/2323/2323 404/404/404
f 1433/1433/1433 1434/1434/1434 1317/1317/1317
f 1316/1316/1316 1317/1317/1317 613/613/613
f 1433/1433/1433 1317/1317/1317 679/679/679
f 1316/1316/1316 1059/1059/1059 1373/1373/1373
f 2341/2341/2341 1963/1963/1963 404/404/404
f 1374/1374/1374 1373/1373/1373 677/677/677
f 1316/1316/1316 1373/1373/1373 1374/1374/1374
f 613/613/613 1434/1434/1434 614/614/614
f 404/404/404 2323/2323/2323 1434/1434/1434
f 1317/1317/1317 1374/1374/1374 679/679/679
f 1316/1316/1316 613/613/613 1059/1059/1059
f 1374/1374/1374 1317/1317/1317 1316/1316/1316
f 1434/1434/1434 1433/1433/1433 404/404/404
f 1182/1182/1182 1066/1066/1066 1107/1107/1107
f 677/677/677 678/678/678 679/679/679
f 1182/1182/1182 1107/1107/1107 1106/1106/1106
f 1101/1101/1101 1102/1102/1102 1065/1065/1065
f 1373/1373/1373 1065/1065/1065 1177/1177/1177
f 1065/1065/1065 1064/1064/1064 1101/1101/1101
f 1064/1064/1064 1065/1065/1065 1066/1066/1066
f 236/236/236 403/403/403 631/631/631
f 1621/1621/1621 2341/2341/2341 403/403/403
f 1059/1059/1059 1058/1058/1058 1065/1065/1065
f 2341/2341/2341 404/404/404 403/403/403
f 403/403/403 404/404/404 405/405/405
f 1177/1177/1177 678/678/678 677/677/677
f 1065/1065/1065 1102/1102/1102 1177/1177/1177
f 1066/1066/1066 1106/1106/1106 381/381/381
f 631/631/631 403/403/403 405/405/405
f 1065/1065/1065 1058/1058/1058 1066/1066/1066
f 677/677/677 1373/1373/1373 1177/1177/1177
f 405/405/405 679/679/679 678/678/678
f 1964/1964/1964 1963/1963/1963 2341/2341/2341
f 1066/1066/1066 1058/1058/1058 1107/1107/1107
f 1064/1064/1064 1066/1066/1066 381/381/381
f 1106/1106/1106 1107/1107/1107 386/386/386
f 1065/1065/1065 1373/1373/1373 1059/1059/1059
f 1066/1066/1066 1182/1182/1182 1106/1106/1106
f 405/405/405 1433/1433/1433 679/679/679
f 614/614/614 2323/2323/2323 1962/1962/1962
f 1245/1245/1245 1246/1246/1246 612/612/612
f 614/614/614 1245/1245/1245 612/612/612
f 1447/1447/1447 1329/1329/1329 1962/1962/1962
f 826/826/826 1058/1058/1058 1059/1059/1059
f 1246/1246/1246 826/826/826 1059/1059/1059
f 1962/1962/1962 1964/1964/1964 1447/1447/1447
f 1245/1245/1245 614/614/614 1962/1962/1962
f 1245/1245/1245 1329/1329/1329 1246/1246/1246
f 612/612/612 613/613/613 614/614/614
f 1246/1246/1246 1329/1329/1329 826/826/826
f 1059/1059/1059 612/612/612 1246/1246/1246
f 613/613/613 612/612/612 1059/1059/1059
f 1329/1329/1329 1245/1245/1245 1962/1962/1962
f 1962/1962/1962 1963/1963/1963 1964/1964/1964
f 1963/1963/1963 1962/1962/1962 2323/2323/2323
f 1968/1968/1968 1447/1447/1447 1964/1964/1964
f 1107/1107/1107 938/938/938 386/386/386
f 826/826/826 825/825/825 1107/1107/1107
f 1107/1107/1107 1058/1058/1058 826/826/826
f 825/825/825 1265/1265/1265 1168/1168/1168
f 1816/1816/1816 1447/1447/1447 1968/1968/1968
f 816/816/816 1168/1168/1168 1265/1265/1265
f 938/938/938 1168/1168/1168 814/814/814
f 1816/1816/1816 1265/1265/1265 827/827/827
f 827/827/827 826/826/826 1329/1329/1329
f 1816/1816/1816 827/827/827 1447/1447/1447
f 825/825/825 826/826/826 827/827/827
f 825/825/825 827/827/827 1265/1265/1265
f 1447/1447/1447 827/827/827 1329/1329/1329
f 1107/1107/1107 825/825/825 938/938/938
f 938/938/938 825/825/825 1168/1168/1168
f 1968/1968/1968 1265/1265/1265 1816/1816/1816
